review,rating
mantap,5
"Pengiriman murah gak bisa dipake kalo belum jam 9 atau banyak pembeli, padahal jadi mahal di ongkir",3
mntap,4
"mau kirim barang lewat gosend lama banget nunggu dapet drivernya, ada kali 2 jam.",1
"please fix yur bugs on change payment fiture, because I cannot change to be gopay from cash",3
bapaknya baik banget mau nungguin,5
"Goride hemat bikin miris..pelanggan2 yg mapan aja udh gak malu pake hemat..klo anak sekolah/pelajar ,karyawan di bawah umk ,mahasiswa mash gw maklumin.! Tp klo org2 yg udh bergaya exlusive mobil ngejogrog,keluar makan di cafe mahal...lah giliran ngojeg pake hemat..cih !! gak malu apa lu ?? lu tau gak itu ongkos hemat driver yg bayarin 20% nya..",1
okey,5
saya tidak bisa masuk karna email yang saya daftarkan sudah tidak dapat sya gunakan,1
mantap,5
sinyal dari penumpang ke driver kurang sesuai.tolong pihak aplikasi di perkuat lagi sinyalnya agar penumpang cepat dapat driver.,3
Diskonnya hilang,1
sangat membantu apa lagi ada promo trus 😀,5
aplikasi yg okeh,5
kenapa gojek saya tidak bisa beli tiket krl,4
kalaw bisa di pisah tampilan aplikasi gojek dan gopay.. karna jadi makin ribet tampilan ny,3
ok,5
mantap,5
parah driver 2 x ganti driver ga ada respon sama sekali,1
sekarang pesen gofood pengantaran hemat driver ga ada yang mau ambil🙁,2
mapsnya tidak update 🙏,5
"susah banget dapat driver, pesan gofood sampai nunggu 2 jam tetap aja gak dapat driver. makin lama semakin banyak tingkah driver gojek ini, milih2 ambil orderan. sekalinya dapat di cancel, mungkin karena tau ongkirnya dapat cuma sedikit! MENGECEWAKAN!",1
"pesen go food pasti ongkir nya sama dengan harga makanan ,2x lipat nya",5
pelayanan oke,5
apk jelek,1
"Fitur + saat chat driver kemana??? kan mau kasih foto lokasinya, kok gak ada?? gak oenting ya???",2
"TOLONG UNTUK GOFOOD DIPERBAIKI LAGI UNTUK WAKTU ESTIMASI. JANGAN SAMPAI NUNGGU 1 JAM BARU BOLEH MEMBATALKAN, LU PIKIR YANG MESAN GOFOOD PADA UDAH KENYANG ?. TIRU SHOOPE FOOD YANG BISA BATALKAN PESANAN DALAM WAKTU 12 MNT.",1
terpencet gofood lansung gk bisa di batalkan,1
bikin susah sering logout,5
"app yang memudahkan untuk kesana kemari, saya sangat suka",5
nyoba,5
perjalanan kita butuh lebih cepat dan murah,5
Mantab jiwa,5
"nyaman , cepat , ramah & sabar",5
puas,5
bagus appspunya Indonesia,5
good,5
mantap,5
"banyak driver pada males jemput. rata² semua driver chat ""kalau pesan jangan pilih HEMAT"" GILA emang, jelas² di aplikasinya ada opsi pilihan ""hemat"" ya otomatis bakal bisa dipilih lah, kalo gak mau dipesen hemat demonya ke perusahaan dong jangan ke customer!! ngebuang² waktu buat nunggu lamaaaa bisa sampe 1 jam lebih. dan minta customer buat cancel tapi mereka gak mau langsung cancel! btw case ini kebanyakan di area Jogja",1
pelayanan nya keren,5
"opsi order searah nggak guna, sistemnya memerah driver",1
bisa diminta ngebut drivernya,5
aman,5
oke,5
drivernya oon . masak gak tau pake google maps,1
kuranng respon,1
bagus sekali,5
mudah dan cepat,5
sulit dpt drever krn go hemat,1
baik semua,5
luar biasa pelayanan Memuaskan Konsumen,5
"sangat"" membantu",5
gojek terbaij,5
sangat mudah dan membantu. terimakasih gojek,5
aplikasi tolol,1
"saya menyerah menggunakan aplikasi ini. driver yang saya dapatkan selalu jauh atau tidak dapat dihubungi. saya selalu terpaksa cancel driver dan itu membuat saya merasa bersalah.saat saya sudah mendapatkan driver lain, saya tiba"" diberikan driver lain sehingga saya harus cancel driver terbaru. harga yang diberikan karena kebanyakan cancel juga makin tinggi. tolong diperbaiki lagi sistemnya. saya lelah.",1
tepat waktu,5
good,5
berguna,5
super ngebantu pollll,5
ok,5
masa orderan makanan masuk tempat saya padahal saya diluar gojek ke kantor (ini orderan pemerasan ya)suruh bayar makanan tapi saya gak pesan,2
"aplikasi tidak bisa membantu, sy download gopay plus selalu ditolak trus 😡😡😡😡😡😡😡",1
oke .. drunggu diskon2nya,5
mantap,5
"Kecewa banget sama aplikasi ini. menyediakan fitur game dengan hadiah koin, namun ga mau rugi malah user ga dikasih imbalan koinnya. Udah capek² main buang waktu buang kuota.",1
mantap,5
good operational,5
"bagus, dan bermanfaat sekali",5
Baik,5
mantaf azip yahud weded well pokonamaj,5
good,5
sangat memudahkan rakyat kalangan bawah untuk melakukan perjalanan harga nya juga murah banget,5
ok,5
banyak promo,5
mantapp banget,5
"Gocatnya eror min, gk bisa di kasih makan dan absen",4
baik,5
nyaman dan aman,5
alhamdulillah nyaman,5
sering dpt diskon 🫰🫰,5
pelayanannya baik dekali,5
sangat membantu,5
"duit gue nyangkut 1,5 ga balik balik guys udh 2 tahun,hti hti kata gue mh nyimpen duit di gopay atau gojek,udh cukup gue aja yg kena",1
bolehhh lahh,4
bermanfaat,5
keren,5
sangat membantu,5
toppp pokoknya,5
eror mulu nih aplikasi,2
3 kali mesan. ketiga tiganya ngak ada driver,1
"aga kecewa si ama driver nya, 2jam gw terbuang sia sia",1
"OF COURSE MEMBANTU BANGET SIH UNTUK BERPERGIAN TRS UNTUK YG PADA MLS BELI MAKANAN DI LUAR BISA DI ANTAR LEWAT GOFOOD, perfect bet dh",5
Ekosistem dibenahin. Order dari setengah 1 gak dapat driver. jam 1 sampai setengah 2 ga dapat driver.,1
"ribet banget kalo udah pesen belum dari beberapa detik gabisa di batalin, apa kita mau batalin terus pake voucher atau tambah makan/minum. ini ribet bgt udah buru2 dikemas sdngkn drivernya aja belum ada alias lama.",2
pakai goride hemat ternyata banyak yang tidak mau ambil orderan nya..di karenakan driver harus daftar untuk mendapatkan goride hemat dan per orderan di potong 2k..jadi kalian banyangkan banyak goride hemat pada di tolak.apalagi posisi jam sibuk dan malam hari pasti banyak di tolak driver karena harga ya sama dan di potong pula..,1
serba guna,5
bagus,5
bagus,5
susah cari driver,1
fittur gopay letter gak bisa akses padahal pengguna lama .aplikasi gk guna mending pakai maxim aja,1
Makasih,5
susah banget mau dapat driver,1
mantap,5
kenapa ya kalo aplikasi lama itu gak promo nya tapi kalo aplikasi baru mah banyak promo nya aneh jangan di bedakan donk gojek,1
mkcihwwwww bayak ada aplikasi gojek membat saya lebih gampang,5
saya beli tapi tiba tiba di cancel sama gojeknya Saay coba hubungin katanya dicancel padahal aplikasinya berjalan,3
Tetima kasih atas semua apresiasi yang sdh diberikan...,5
sangat mengecewakan... memberikan rute terdekat bukan tercepat,1
Akhir akhir ini sulit dapet driver gofood,1
"APLIKASI OKE TAPI APA APA DI BUAT MAHAL, DRIVER SELALU GA MAU AMBIL ORDERAN UDAH NUNGGU LAMA JUGA UJUNG UJUNG NYA DI CANCEL TOLONG DI PERBAIKI",1
ok,5
ga pernah dapat promo yg fantastis,2
"pelayanan baik, dan lancar sampai tujuan",5
"gaada yang mau ngambil pesanan karena diskon. jadi gojek yang nganter gamau ngambil pesenan nya, lalu tidak sesuai estimasi waktu sampai dan jauh lebih lama. tolong buat gojek ambil orderan nya jangan kalau premium aja baru langsung cepet",1
saya mesen makan sapek 4 kali tapi gak dapet driver jadi saya gak makan semaleman tolong dong,1
"biar apasih nomor telepon penerima di marketplace di sensor? driver jadi susah hubungi penerima apalagi kalo anter ke kantor, alhasil paketnya di retur jadi kasian driver nya, mending pindah ke ijo sebelah daripada pake gojek sistem sampah",1
mantap,4
mantap...,5
bagus,5
"kecewa bgt sama gojek, armadanya banyak yang sombong sama orderan sering bgt driver minta cancel aja alesannya karna bayarannya GK sesuai, jadi opang aja klo mau nembak2 harga",1
simpel dan lebih mudah,5
driver pilih pilih nominal pesan gak rispek wok,1
baik,5
good,5
bikin darah tinggi pake aplikasi ini!,1
Untuk transfer pakai gopay biasa udah gak bisa. HARUS upgrade jadi GOPAYPLUS. Mana harus pakai foto selfi ktp lagi macam pinjol,1
ok,4
sangat nice sekali,5
"ongkir food jadi mahal banget tanpa ada promo2 lg, mending offline atau masak sendiri, usaha resto omzetnya berkurang drastis padahal harga tidak dinaikan",5
saya sangat kecewa saya termasuk pengguna lama di aplikasi ini dan sering transaksi baik dengan Gopay atau gojek tapi tetep tidak bisa mengaktifkan gopay later dan gopay pinjam cuma dapat notif saja 👎🏻👎🏻👎🏻👎🏻,1
okok,5
ok,5
very good job,5
cepat tepat dalam merespon konsumen,5
gg dah,5
mudah dan bermanfaat,5
perfect,5
Sangat membantu untuk perjalanan sehari-hari,5
"selama pakai gojek aman"". thanks gojek",5
"kdg gojeknya motornya atau platnya ga sesuai sama yg di aplikasi, kadang suka lama",4
mantap,5
mudah penggunaannya,5
gopay mantap dalam bertransaksi,5
"wahai gojek, sepertinya anda harus mulai bebenah dengan sistem anda yang bobrok. menunggu 1 jam driver selalu menolak. entah karena bayarannya terlalu banyak dipotong oleh biaya admin atau apa namum semakin kesini semakin sulit mendapatkan driver. yah chef yang paling tau kondisi dapurnya sendiri jadi tolong bebenah biar driver juga makmur",1
👍,5
mantap,5
"sopan, ramah, itu yg paling penting.",5
pendapatan makin menurun,1
SUSAH DPT DRIVER KDNG SAAT² HEPTIC GK ADA YG MAU TERIMA ORDERAN! HPUS AJ APK NY,1
good lah,4
bagusssssssss,5
oke,5
mantap,5
"perbaiki fitur bayar dgn qris nya atau hilangkan permanen fitur qris dr aplikasi gojek nya...,lama2 nyusahin melulu pas mau bayar loading2 lama & hrs ngulang2.",1
"saya pengguna 2 ojol ijo. seringnya buat pesen mkanan. tp kenapa ya gojek ini selalu kebingungan nyari titik lokasi,tp apk sebelah mh lgsg ketemu. padahal titiknya sama,petunjuknya sama,detail lokasinya udh tertera. apanya ya yg harus di perbaiki?",4
terimkasih .cepat dan kurirnya juga ramah.besok sya pesen lagi ya,5
sippp,5
"TOP,,,, KEREN,,,OKE,,,",5
gajelas nih aplikasi tiba tiba gangguan pas lagi dipake buru buru,1
gopay pinjam ny gbsa d pke ... pdhl byr ny lncar2 aja,1
saya sudah benar alamat nya tapi di gojek langsung di arahin nya berbeda,1
"bagus aplikasinya, kalo ada kendala cepet diselesaikan",5
terlalu mahal,4
"gojek Batam pada malas-malas di hari hujan. Orang pada mepet & repot kalo hujan, ntah gk ada kendaraan atau Gk bisa jalan.",1
good job,5
jangan sesekali pernah meminjam pinjaman gojek Dc nya suka mengancam ..mau menyebarkan data pribadi bahkan menghubungi nomor selain kontak darurat saya baru terlambat satu hari ..tetapi tiap detik selalu diteror dengan ancaman dari pihak DC,1
semua bagus,5
Aplikasi ini bagus,5
mantap banget semua pelayanan nya enak,5
enak,5
"Driver lu kalo ga niat ambil orderan kasih sanksi lahh jangan buang waktu orang. Orderan diterima tapi dia malah pergi jauh dan gamau batalin booking, sampe customer yg harus batalin sendiri. Kalo kyk gitu kan gua jadi tambah susah dapet driver krna keseringan batalin booking gara-gara driver lu yg ga jelas. Niat pake gojek biar praktis, cepet, tapi malah kyk gini. Padahal gua kalo bayar juga selalu lebihin buat driver nya, ngga pernah gua kasih uang pas pasan. Tapi driver lu nya yg gatau diri.",1
Sangat membantu,5
nice trip,5
order gofood agar diperhatikan apabila malam sering jln yg diportal dan kalau bisa map gofood dibuat seperti map goride jd bisa sama dgn google map yg bisa pindah rute,5
Aplikasi yang sangat berbahaya,5
efisien,5
cepet,5
terimakasih,5
sangat membantu keseharian,5
"aku berhentikan langganan gofood plus malah aku di anggap melanggar penggunaan gofood dan promo ku dicabut, halo aku langganan terus loh ga pernah masalah baru ini kucabut dan gofood plus ku masih aktif loh kok gini pelayanan nya gojek sekarang :( kecewa sekali bahkan ga ada kejelasan, pelanggaran apa yang aku lakukan?",1
cepat dapat driver nya,4
Marvel Wonderfully!,5
sehat selalu untuk teman gojek semua,5
siip apk yg membantu,5
sampai sekarang ini pelayan nya cukup buat kita puas,5
ok,5
mudah dan cepat,5
orangnya ramah..dan mnyenangkan,5
mantab lah pokok nya,5
puas,5
abang-abangnya baik banget 👍👍,5
"Pas oke keren sip lah pokoknya, mas2 kurir dan ojol saat ini tetap terbaik",5
bagus aplikasinya,5
tolong dong kalok lagi naik goride itu gak usah nerobos lampu merah😔🫵,3
Mantap Guys 👍👍👍👍👍👍👍,5
👍,5
angkutan nyaman dari pintu rumah sampai tujuan,5
ok,5
mantap,5
sangat baik,5
"kemarin siang sekitar jam 11.12 tanggal 17 April 2026 saya order gojek, driver pertama kalau tidak salah atas nama NUR HARDIYANTO nomor motor AB sekian IX menolak/membatalkan pesanan saya, driver atas nama ini sudah sering sekali menolak/membatalkan pesanan saya padahal saya lihat motor dan helm dia ada di teras rumahnya karna kebetulan jarak rumah saya dan dia dekat sekitar 50 meter saja",2
ok...the best,5
tetaplah semangat 💪,5
aman,5
good,5
mantap,5
kecewa,1
sangat membantu,5
👎,1
terimakasih gojek selalu andalan,5
best deh pokok nya drevernya ramah ramah baik semua yang saya temuin 😍😍😍,5
mantap cocok untuk berpergian mudah,5
Menu Order Go Ride Instantnya Hilang 🥲,3
sangat membantu saya dalam hal apapun,5
telat mulu pesen makanan aja 2jam,1
paling gasuka kalo dpt driver yg bawel apalagi marahin customer nyaa padahal tinggal nunggu aja bntar geh marah,3
mobilisasi menjadi sangat mudah...nice,5
bagus,5
"setelah saya tahu kalo customer juga diberi rating sm driver, namun ratingnya tidak bisa saya lihat di aplikasi. buat saya ini gak fair. saya selalu memberi rating 5 utk driver apapun kondisinya, selama itu ga membahayakan nyawa saya. akhir2 ini, saya susah mendapat driver. apakah karena rating sy jelek? berdasarkan apa para driver kasih rating saya jelek? karena tidak ngasih tip? atau tidak suka di ajak ngobrol? atau apa?",2
murah,5
sngat menemani jaga malam kami,5
"syaa kesal karena driver yg sy pesan buat sya menunggu slama kurang lebih 20 menit sya cht tidal dibalas, sy tlpn tidak diangkat, tpi sy ttp sbar mnunggu tetapi sih pihak driver tidak merespon pdhl awalnya yg dri 6 mnit itu jadi 5 mnit tpi kmbli lagi lebih lama ke 7 mnit kesal krn sy bru pulang kerja dimalam hari tandai ya nama drivernya (agus antoni kristian marpaung) msi sy simpan ss muka nya dn sy tandai dia pdhl sy cht centang dua loh apalah slhnya klau drri awal itu gak ush di Terima lah .",2
semoga sukses,5
tambahin dong promo2nya,5
untuk pengguna gojek semua harus tau. saya pelanggan setia gojek dari 2015. gojek skrg knpa sistem Nya bobrok. dpt driver jauh trus.. bikin order terdekat 1kilo paling jauh dari driver . ini bisa 3kilo lebih. saya pakai gojek brph pun saya bayar. benerin sistem yg bener kasihan driver jauh ambil Nya. cuma dpt 10k. saya bayar 15k. ternyata kejam juga ya sama driver aplikator. klo gini mending ke tetangga sebelah naik nya. ga tega lihat driver gojek di siksa sama aplikator. terima kasih,1
good,5
saya agak ga suka gabisa batalin gopay pluss emosi saya asli merugikan bukannya untung,1
mantap,5
ad tagihan di google play yg ga masuk akal,2
"baguss, cuman kadang ada driver yang nyebelin songong plengeran, harus di perhatiin kalo ada driver yang kaya gtu biar langsung di pecat ajaaa okeem.... cuman selebihnya okee lah",5
bagus sangat membantu,5
selalu dapat driver yg baik 👍👍👍,5
aplikasi susah dibuka,1
Order go food buang2 waktu krn drivernya banyak yg males ambil order & sengaja ngulur2 waktu supaya dicancel oleh sistem atau konsumen. Klo ngga terpaksa sebaiknya jangan pakai layanan go food & beli sendiri aja di resto.,2
lama2 gak suka sm apk gojek ini .buruk bgt,1
kami sebagai costume gojek kenapa law pesan gorede drever jauh jauh kadang minta cancel jadi kami pesan maxsim jah lebih dekat drever ny untuk para pengguna aplikasi pesan maxsim lebih dekat drever,1
cepet dan mudah d perguna kan,5
"Aplikasi terbaik, semoga promonya gak putus²",5
sangat membantu.,5
Saya kecewa dgn aplikasi gojek disuruh upgrade paylater.tdnya saldonya 1.8 jt pas upgrade malah trun jd 500 rb.ini mah namanya kebohongan publik.seharusnya lbh ditingkatkan lg saldonya.padahal saya tdk pernah bayar telat.lumayan klo buat bli food dan bayar ojek motor buat pergi/plng kerja n buat jalan2,5
ok mantap,5
jos,5
oke jambreee,5
"bagus, berguna, dan.. sering dapet voucher diskon.. eaaa. .",5
"Beberapa kali order gofood, tapi selalu susah driver padahal lagi banyak driver di sekitar Dan gabisa langsung dibatalin karna estimasi waktu menunggunya lama banget kadang sampai restonya udah tutup Mohon untuk ditinjau ulang dan diperbaiki sistemnya karna selain merugikan customer juga merugikan penjual",1
lama banget nunggu nya,3
kurang responsif dan sering kali error,1
Bagus dan Cepat,5
parah. dapet driver jauh² terus. giliran dapet Deket posisi ga gerak² hilang ga kelacak. ada promo murah juga ga bisa² dipake karena susah dapet drivernya,1
penjemputan tepat waktu👍👍👍👍👍,5
sip mantap,5
"Saya memesan, hanya untuk menunggu lebih dari 30 menit dan dibatalakan oleh driver",3
perjalanan lebih gampang,5
most of drivee gojek really have bad attitude,1
sering dapet driver jauh padahal deket rumah banyak driver yang lagi nunggu oderan malah di beri driver nya jauh banget jadi saya kesiangan perbaiki lagi sistem nya,2
"Kok kinerja nya tambah buruk. Pesen makanan yang jarak restoran bisa di tempuh jalan kaki 15 menit, masa pakai gojek harus nunggu 1 jam baru dapat diantar. Servicenya juga buruk, driver baru ada 1 jam kemudian. Apakah ini cara aplikator membuat driver jadi telat terus atau memang ada masalah lain? Tulisan aja ""Tepat Waktu"" 1 jam dibilang ""Tepat Waktu""? Pilihan kalau 1 jam berlalu hanya ada ""Batalkan""...😰BATALKAN!?😡""DENDA"" lebih baik!!!😫 MAAF KALAU SAYA KASAR!!!🥺",1
gojek keren is the best pelayanan cepat dan akurat mantap GOJEK,5
"gojek sekarang lemot, driver ga jalan, nyampenya lama ga sesuai estimasi",2
"Saran : jgn terlalu sering utk meminta up date aplikasi, pdhl br bbrp minggu kemaren br di up date",5
"driver salah antar makanan, jadi kami rugi",1
semoga makin byk diskonnya biar ga beralih k aplikasi lain,5
"aman & nyaman, drivernya kalem",5
good best driver,5
good,5
okee,5
good,5
Terima kasih.,5
bagus,5
sangat membantu,5
bagus,5
mantapp,5
memudahkan bgttt,5
bagus.. puas atas. pelayanan nya,5
bermanfaat untuk kami dan umumnya masyarakat,5
bisa nggak harga kayak maxsi,5
More Good Services. More Excellent,5
good,5
sangat membantu dalam hampir segala hal,5
mntap,5
gofood yg sangat lama,1
suka pelayanannya,5
penentuan rute sering tidak sesuai,4
sangat bagus menurut saya💯😻👍🏻,5
"bagus banget, cari pengantarnya pasti cepet",4
mantap 😆😆,4
bagus dan memudahkan orang jika ingin pergi,5
lebih oke dari sebelah,5
"Gopay pinjam tidak di setujui, padahal pembayaran lancar",1
bagus,5
saya tanya ke driver hanya dapet 8.800 sedangkan argo 17500. wow besar sekali untungnya gojek,5
efisien waktu,5
membantu sekali jika lagi mager,5
mantap,5
bagos,5
akhir2 ini kenapa sering bgt dibatalin sistem si saya kalo pesen tuh bisa 2 jam pesen doang belom nunggu di anternya dibatalin terus. gatau sistem eror atau apa padahal udah dapt driver udah lagi dijmput udah nunggu lama dibatalin tanpa info gajelas bgt,1
bagus aja lah btw tim FURABBB,5
good aplikasi,5
bagus,5
mantap,5
"aplikasi tidak bisa di buka setelah login, padahal sudah bbrp kali di uninstal lalu pasang lagi, trs hapus chace, trs Internet ok, tp masih tetap tidak bisa di buka, itu harus gmn lagi ya",4
manttaabb,4
sejauh ini ok,5
aman,5
Aplikasinya sangat membantu tapi tolong di update telfon dan chat dari driver kadang ga masuk notif klo kita keluar apk,5
"penyakit nya selalu sama dr dulu, setiap mesen sesuatu tujuan alamat pengguna selalu diubah ubah sendiri semaunya, GA BERUBAH. selalu aja, kenapa si error nya ga diperbaiki?????????",1
ok,5
bagus,5
driver nya manja banget masa ga terima pake gocar hemat minta uang tambahan klo ga di kasih mulut nya lemes mojokin penumpang.,1
"aplikasi parah dari bulan maret 2026 hingga sekarang aplikasi gojek tidak bisa dibuka, saat mau pilih pesan motor langsung terpental keluar",2
"saya mau lunasi gopaylater kok gak bisa di klik, malah ada tulisan tidak di temukan. jadi jgn salain sy klo ga sy byar ye,sy ogah byar bunganya yg trus nambah kelak",1
MAHALL BGTT PLSSSS,1
mantap terima kasih banyak🙏,5
mantap,5
ws gojek pokok e mantap tenan dah,5
sangat membantu.,5
tolong klo pesen makanan di aplikasi gojek saya liat2 menu makanan dan minuman harga sekian2 tpi ongkirnya melebih harga pesenan di menu gokil mahalan ongkirnya di banding pesenan,1
klaim kecelakaan nya bertele²..,1
oke dah pokoknye,5
aman,5
sangat bagus.,5
lama banget dapet driver jadi telat,1
Agung,5
sangat membantu,5
"sekalinya cacat kordinator ngelamain, aplikasi tidak mengambil lokasi penjemputan secara presisi",1
cepat hemat dan nyamaan,5
cepat dan driver nya oke2,5
apalah janck notifikasi nya telat banget kocakk,3
oklah,5
"kasi tau ke driver anda kalo gak niat ambil penumpang gausah di ambil ,saya udah nunggu lama malah tiba tiba di cancel, mending kalo ad omongan ini di chat diem aja",1
puas,5
kasih diskon lagi dong,5
good,5
baik,5
apaan sih ini aplikasi ini udah 3x gw ngisi saldo di gopay kenapa tiba tiba saldo gw langsung hilang gw minta tolong ke pihak aplikasi gojek ini segera perbaiki aplikasi nyah biar saldo kagak hilang sama sekali bukan nyah gw tadi udah mengisi saldo 3x terus giliran gw mau mesen gojek saldo gw tiba tiba hilang kan gw kagak bakalan pakai gojek lagi kalau belum selesai di perbaiki gojek ini,1
apk tidak guna dikala hujan apus aja tu gocar,1
ok,5
murah,5
asyik dan menyenangkan,5
"kalau nyari yg harga nya murah slalu ngelag, lama, gak dapat"" sampai 30 menit gagal... giliran yg mahal cpet banget.... jadi apa gunanya di apk ada pilihan yg murah klo gak bisa di pkai",1
mantaff,5
luar biasa,5
opsi goride hemat kok ilang ya min,4
good,5
udah lama nunggu drivernya gak ada yang terima padahal di sekitar banyak gojek yang lewat,1
makin sering dipake makin mahal dan makin susah dapet driver,1
di sediain harga murah malah gada yg ambil padahal sama aja uang gmna sih driver teh klo ganiat kerja gausah,2
"mempermudah kita mau kemana aja,apa lg q yg g bs baca google Jd dg adanya aplikasi gojek ini sgt membantu 🥰",5
ok,5
sippppppppp bgt,5
ok,5
"mantap,,sejauh ini aman alhamdulillah",4
"sangat membantu,transportasi online",5
mantaps,5
bagus,5
"baik dalam pelayanan,dan ga tunggu lama langsung ger cep.oke pokonya.siiiiip👍",5
bagus banget,5
klu kulineran kurang lengkap menu nya,4
sangat membantu,5
ongkir kemahalan,3
so far so good,4
keren,5
udah nungguin makanan sejam GK tau nya GK dapet dapet driver suruh nganggur aja tu driver Klian klo pada males kerja,1
mantap 👍,5
"Ini Apk. gue Uninstal. Kecewa banget! udah sering banget kecewa, Resto udah tutup tapi masih nerima pesanan. Drivernya tiba di Resto, resto udah tutup tanpa inform. Lu ngerugiin gue dan driver bangke😭",1
mantap pokoknya...,5
"tolong dong, untuk customer, buat bisa review resto pakai gmbr kyk sebelah, biar gk cuma tulisan saja, biar ada bukti real gitu, sekalian buat customer jg bisa liat ratting pribadi yg dikasih driver, jgn cuma pihak driver saja yg bisa liat, makasih",5
bagus,5
oke banget pokoknya,5
good,5
gimana mesan gofood dari jam 5 sampe jam setenga 7 tau2 batal tidak dapat driver,1
"kenapa sih ada driver deket tapi gak nerima orderan saya? nungguin lama banget, gak ada yang nerima sama sekali.",2
terlalu banyak driver skem,1
Memuaskan,5
good job untuk gojek,5
oke mantab,5
"untuk gofoodnya ga ngotak bgt biaya penanganannya , untuk gojek gocar ok.",2
masih aman,5
ok,5
sangat membantu antar jemput anak,5
"cepat, nyaman dan aman",5
josss,5
"sesuai kebutuhan masyarakat, top bgt",5
cuma gopay later ya ga bisa di pakai,5
saya sedikit heran dengan layanan gojek saya dapat komplain dari salah satu driver mengatakan kalo rating akun gojek saya 4.15 padahal setiap kali saya order gojek... driver nya selalu saya kasih tip setiap perjalanan dan tip nya pun bukan harga kecil tapi selalu di atas 50 ribu. itupun setiap saya pesan driver tetapi saat saya pesan gofood malah di bilang rating saya 4.15,2
top,5
"sangat membantu,memudahkan dan cepat respon",5
ok,5
"driver sangat ramah, dan nyaman dlm berkendara",5
sangat membantu utk transportasi cepat dan murah,5
aku yg terburu2 ngejar wkt...terselamatkan sm Bpk drivernya...pokoknya the best lah ..mksh y pak👍👍💪💪💪💪💪💪,5
Good,5
alhamdulillah aman pelayanannya baik,5
gausah sok asik,1
senang seklai,5
aplikasi ini sangat lahh nyaman kalau lagi genting,5
Driver nya ramah dan tidak ngebut-ngebutan.,5
aplikasi ini sangat membantu saya dan pelayanannya baik sekali,5
"Min, kenapa saya tidak bisa update?",1
sangat amat membantu .🤗🤗,5
slalu ada saat dibutuhkan..huahahahahah....,5
lebih nyaman aman,5
"Dengan adanya goride Hemat saya rasa malah menyiksa driver.kasian drivernya cm dapet rp 8,500 doang",2
mantap,5
ok,5
udah gada gojek hematnya lagi:(,3
sudah bayar lunas malahan gak bisa tarik dana aplikasi tolol,1
"makin jelek pelayanan nya,,,nunggu hampir 1 jam ga ada yg ngambil orderan padahal jarak ga terlalu jauh",1
2 kali ini saya dapat keluhan dari driver Gocar katanya potongan nya tinggi trus yg terakhir ini saya siminta di openin katanya sya gk ngerti maksudnya taunya udah sampe tujuan disuruh batalin trus duit nya disuruh transfer ke rek driver artinya dia gk mau pake aplikasi tolong dipertimbangkan kesejahteraan driver biar gk curang atau ngeluh mulu,4
good aolikasi,5
ok,5
"bagus bangett, banyak in diskon nya dong",5
mantap,5
"1. CS lama membalas 2. tertulis transaksi di batalkan dan refund, tp saldo tidak berubah 3. CS bilang gabisa refund karna transaksi berasal dr akun dan silakan cek riwayat. pdhl di riwayat tertera REFUND namun saldo tidak dikembalikan.",1
"Bapak Gojeknya baik sekali, sholeh. Semoga rezekinya semakin melimpah dan berkah. Aamiin Ya Rabbal alamin",5
super muantap,5
mantap sihh bermanfaat banget terimakasih,5
"Maaf saya kasih B1 untuk mewakili para driver yg kalian tindas dng segala kebijakan yg hanya menguntungkan perusahaan tanpa memperdulikan driver, terimakasih",1
penjemputan terlalu jauh,1
"sulit untuk melaporkan masalah aplikasi ke CS, karna sudah diberikan pilihan. sedangkan untuk kasus baru yg tidak ada di pilihan tidak bisa dilaporkan karna tidak bisa mengetik pelaporan. masalah saya adalah ketika pesen gocar, saya diarahkan pada trek lewat tol dan lebih jauh sehingga ongkos yg harus saya bayar hampir 2 kali lipat dari seharusnya, tapi ketika pengantaran drivernya mengantar saya lewat jalur non tol, ya karna memang lebih dekat lewat non tol. tolong kedepan diberi opsi jalur.",3
Ok,5
mohon tambahan fitur lokasi ketik manual(dulu kejadian karna salah posisi sedikit terhs tidak bisa ketik manual driver marah marah karna jalan lebih jauh dan memaksa minta tip padahal saya sudah benar memasang titik),4
Not Bad,5
mantap,5
the besst,5
is oke,5
manajemen Gojek program nya bikin driver dan restoran hancur,1
Good experience,5
"aplikasi sanggat parah ,argo semakin ancur ( para drever hanya d siksa demi kepentingan aplikator ) tiapa ganti pemimpin aplikasi bukan tambah bener malah kacau",1
good,5
memudahkan,5
"pelayanan baik,. sangat membantu",5
kode pin paket gosen bikin ribet. kalo pelanggan ngak bisa di hubungin bikin ribet driver. males bngt jadinya,3
Sekarang dpt driver terutama order gosend susah bgt! mungkin karena tarif atau apa. Mau pake reguler atau promo sama2 susah. Ga seperti dulu skrg gojek.,1
Ok,5
"topup pun d potong! parah! dah lah makin mahal, makin lambat lg saatnya beralih",2
tolong bantu saya top up kuota Im3 lewat gopay tidak masuk masuk sampai sekarang,1
"hari ini tanggal 16/4 2026 d aplikasi gojek saya,, ongkir gofood tidak ada yg biasa hanya ada yg cepat Rp.20.000 an dan harganya meningkat dan hampir saya seperti harga makanan 27.000 ,, knp tidak ada ongkir yg biasa tidak bs di klik dan harus mengklik yg onkir cepat..padahal jaraknya dekat ya",5
mantap,5
menyenangkan,5
"entar entar, Update.",5
mantab...,5
ok,5
"aplikasi error tidak bisa memesan makanan di merangin,jambi",1
expensive and this app always make me late 👎👎👎,1
tdk bs diinstal,1
mantab,5
mantafff,5
bagus sangat membatu sekali semoga makin sukses,5
wowwww,5
gojek tuh aneh kenapa tiap kali ngorder pasti sush pasti lama dan pasti dapet jauh dan harus nunggu lama belum lagi yg dichancel,5
kenapa sih kalo nganterin yang dekat2 tuh dripernya gak mau narik dengan alasan ngejemput jauh terkadang kecewa sama dripernya tuh tolong di perbaiki lagi setiap aku pesan jarak dekat sopirnya jarang ada yang mau dengan alasan jauh ngejemputbya,2
pelayanannya cepet,5
ok banget,5
tolong area kota pati ada tambahan dr8ver gojek lagi,5
mantap,5
mau instal,5
tolong dong buat para customer/penumpang yang terhormat jangan terlalu sering cancel ke driver jangan suka iseng kasian para driver jadi ngaruh ke performa..kalo mau cancel mending chat dlu alasan nya apa,5
sangat senang sekali,5
bagus,5
driver gojeg. sangat mempesona . di samping experience high class berkemudi. grooming harum sekali . thanks Gojeg,5
driver lu noh makin lama Makin susah buat dpt driver,2
"masa dpt diskon smpe 20 mnt an g dpt dpt gojekny, ga pke diskon smpe 25 an pdhl dkt , yg bnr aj",1
diskon nya banyak thank you gojek😭❤️,5
LEMOT,1
dapet gojeknya lama abis,3
dapet drivernya lama,3
baik,5
sangat dibutuhkan ..simple..praktis,5
mantab,5
layanan oke,5
bagus,5
sangat membantu,5
puaaasss...,5
Bagus pelayananya,5
sy trimakasi sangat membatu perjlnan,5
terimakasih 🙏🙏,5
puas,5
makin ga jelas costemer gojekek makin kesini orang dalam dan orang robot jawaban nya kaya orang gila' untuk menyeselaikan masalah di persulit ..,1
terbaik,5
masih terlalu lama mendapatkan driver,5
Kapan bangrut jek.ndang di tutup lah,1
terimakasih,5
saya kok tidak bisa menerima teanferan dari bank lain ya...pdahal sudah sukses saldo kepotong..tp gak sampai ke gopay ku,1
setiap mau pesan gofood selalu susah dapat driver sekarang.dan lama banget,1
promonya hoax,1
GOJEK MAHAL,1
kecewa..pinjam 200 aja gak pernah di ACC uninstall.... sepertinya gak percaya dengan kunsumen lama...butut!,1
"LDR support system, terimakasih gojek",5
Terbaik lah pokoknya,5
good job,5
"saran untuk gojek, tolong buat fitur khusus untuk penyandang disabilitas, seperti driver yang bisa bahasa isyarat dan mobil yang muat untuk kursi roda, karena saya sebagai orang tua memiliki anak remaja yang tunawicara dan pengguna kursi roda ingin melihat anak beraktivitas dengan normal seperti remaja lain",3
oke,5
sangat bgus,5
perfect,5
terpecaya,5
"mantab, murah meriah praktis",5
semangat pejuang rupiah mantap lah pokoknya,5
Ok baik,5
ok baik,5
all good,5
nice,5
pelayanan baik meski bbrp driver pelayanan kurang baik,5
Pencarian driver agak lama,5
"jelek bgt, gk bisa chat gk bisa tlp tiba² dpt notif drive dah nyampe padahal blm ada",1
bagus sekali,5
tepat waktu,5
banyak promo nyaaa,5
dimana pun dan kapan pun sangat membantu,5
"tepat waktu,",5
"Bagus Aplikasinye,tp sayang sistemnya makin hari makin gajelas,driver yg jauh² pada suruh ngambil,sedangkan driver yg deket² gamau ambil.",5
bagus sangat membantu,5
"sy hampir setiap hr GOJEK ,semua baik"" rama",5
sangat membantu,5
"cara kerjanya bagus,banyak promonya, jadi gampang dan cepat kalau mau pesen apa,kemana"" juga jadi gampang",5
bgus,5
"aplikasi nya sat set,, ga pake lama",5
bagus👍🏼👍🏼👍🏼,5
Map bagus dan akurat...mantap,5
"driver banyak di sekitar an tapi ga dapat dapat, tiap pesan begini,dibatalkan malah menawarkan untuk menaikkan ongkos, tapi ongkos masuk ke drivernya tetap sama ga ikut naik",1
memudahkan perjalanan,5
sangat membantu,5
ok,5
orang aplikasi pengirim barang kok hide nomor drivernya nomor customer jg di hide dari driver gmn mau komunikasi dipersulit,1
ok mntp,5
selama menggunakan aman² aja,5
mantap,5
oke,5
pelayanan nya mantep,5
top,5
"Dompet gopay saya tiba tiba terkunci, padahal saya tidak melakukan transaksi yg mencurigakan, saya sudah minta bantuan tapi tidak ada solusi, tolong saldo saya tertahan di dompet",1
selalu membantu keadaan darurat,5
aplikasi error Mulu beggoo,1
sngtt baguss😍,5
"pengemudi nya kebanyakan kalau nyetir ugal ugalan, mereka loh bawa penumpang bukan barang... apa karena milih harga murah trus di perlakukan seperti itu...",3
"Kek mana ini baru download, mau daftar aja kaga bisa, ada kendala teknis mulu",3
nice,5
gampang,5
"pemesanan gofood makin susah dpt driver . waktu tunggu juga smakin lama udh gtu promo potongan hrga gofood skg makin sdkit dn potongan ongkir cuma 2,5rebu. mending beralih ke aplikasi sbelah aja..",1
mantap,5
"Sudah bayar gojek plus, driver baik mobil dan motor ya banyak yang cancel pesanan alasan kurang argo gimana sih",1
bagus membantu,4
ga ada driver,1
ok,5
ampas,1
Cepet bgt service nya bagus...go...go...gojek,5
ok banget,5
"masih JD pilihan saya, tapi k3napa sekarang sering banget dapat driver yg jauh2",3
bagus,5
Trimakasih👍,5
good,5
bagus,5
Memiliki harga murah,5
cepat👍,5
"ceoat tepat murah , untuk terus berinovasi .",5
sangat bagus,5
ok,5
"pesan makanan 5x nggk ada driver yg mau, unistal langsung dwonload Grab mantul Grab sekrg jdi langganan beli makanan hehhe",2
mantap banyak promonya,5
Berpergian yg aman & nyaman•,5
sangat jelek,1
"makin kesini driver nya minim pelayanan , kasar gak ada etika nya dibidang pelayanan jadi kecewa gak mau pakai lagi kasihan gara gara 1 atau 2 orang semua jadi berdampak buruk",1
good lah,5
sangat bermanfaat dan cepat,5
sangat membantu untuk mengantarkan ke tempat tujuan dgn aman dan selamat,5
layanan nya bagus,5
bagus aplikasi gampang di gunakan,5
mantap,5
"pelayanan cepat , ramah",5
Mantaap,5
bagus membantu,4
👍🏼,5
cukup puas,5
keren banyak promo murah,5
cepat gercep,5
Tolong ya kalo masih jauh jatuh tempo dari tanggal 1 Mei 2026 jangan nanggih di tanggal 15 april 2026 bikin ngga nyaman aja padahal rutin di bayar tiap bulan nya.,1
"pengen uninstall sejak ada order grup di gofood... diskon cm ada diskon grup doang. diskon & promo lain ga ada sama sekali. yang ada nambah gede biaya pengemasan, biaya jasa, biaya laennya.",1
aman,5
gofood good nice,5
drivernya baik,5
"gojek sekarang susah yaa cari driver nya, apakah bener yg kata orang2, driver sebenernya banyak cuman yg diutamain dapet pelanggan driver yg bayar plus, kasian juga abang2 gojeknya.",3
"Nyari driver lama banget. 30 menit cuman buat nyari driver. Udah pakai gojek reguler bahkan comfort ttp aja lama nyarinya. Dulu sekalipun di jam sibuk, masih gampang dpt driver. mending beralih ke ojek pangkalan aja kalo gini. Saya kasih tau nih, kemarin selasa 14 April di lrt harjamukti. Banyak yg beralih ke ojek pangkalan, sama aplikasi taksi lain. Kalo gojek ttp gini, tinggal tunggu aja ini perusahaan kolaps.",1
aman berkendara🤗🤗,5
semoga lebih murah,3
penjemputan ok.,5
mantap deh pokoknya,5
ok,5
ok,5
kasih 3 dulu nanti kalo nyaman tambah lagi,3
ok banget,5
sat set,5
bagus,4
sangat membantu,5
Sangat membantu dalam proses pengiriman barang,5
"kenapa ya gojek kalo lagi beres ujan susah banget, pdhl banyak loh disekitaran, terkesan ga mau ambil penumpang, giliran yg harga mahal baru mau ambil",4
TERBAIK. SANGAT MEMBANTU,5
"hrsnya makanan minuman klo beli min 75rb dpt diskon paling ga 10%, sy sering beli makanan diatas 80rb jadi berat, lagian sekalian bantu UMKM. kedua hrsnya kalo driver ga bisa anter barang/lama bisa dicancel dr cust",3
sangat terbantu,5
lumayan buat keperluan mendadak jadi praktis,5
good all in,5
sekarang sudah dapet drivernya kenapa??,3
Waaaaaaaaw,4
Biasanya selalu suka dengan kecepatan gojek dalam mencari driver. namun sayangnya sekarang-sekarang ini banyak driver yang sudah kita tunggu lama tpi ga ada respon bahkan membuat kita menunggu lama. salah satu oknum drivernya bernama Iman Juju yang sering kali saya dapatkan tpi tidak ada respon padahal radiusnya dekat. membuat saya terlambat karena mendapatkan driver yang tidak niat seperti si Iman Juju ini. Tolong beri teguran bagi driver yang tidak siap dalam melayani konsumen. Thx,1
bagus dan manfaat,5
baik dan sopan,5
salam satu aspal,5
"saya pesan Gofood, udah 1jam gak dapet driver.. tidak ada kompensasi sama sekali oleh pihak Gojek,. padahal sudah jelas telat lebih dari 1jam.",1
"kebanyakan update, dan koin dikit pula",1
jelek,1
"waw harganya sering naik turun ya untuk ongkirnya, trus games di gojek-nya loading lama bangetttt padahal biasanya enggak. wifi lancar dan internet juga.",3
ok,5
"gofood GAK pernh ada vocer, itu pun cuma sekali sisanya mahal terus . jadi setiap cek langsung hapus.",1
aku udah pake dari lama abanya juga pada ramah ramah,5
"CS nya ga sopan, gabisa nyelesain masalah.",1
apa sangkuta nya frame ikiyi dengan go-jek?,3
apk supert lengkap dna banyak promonya,5
sangat muda,5
cepat dan amanah,5
driver ny jujur,5
"sumpah jelek bener sekarang, order makan hampir 1 jam gak dapat dapat driver nya, kecewa",1
aplikasi bangsatt,1
yaa,5
aplikasi ok gak ribet&sat set,5
nyaman banget pake gojek,5
"ok, tapi kadang2 saat memesan berganti sampai 3 - 4 kali, baru dapat",4
"driver seenaknya membatalkan pesanan, sekalinya driver ngantar makan dan kita telat ambil, kita dah dapat penilaian buruk. tiba driver nya yg Gonta ganti gimana? udah dapat driver malah dibatalin, beganti driver juga dibatalin. ujungnya? ya benar, kamu bisa membatalkan pesanan. kita bukan nunggu sebentar, lama banget sampai dapat driver. sekalinya dapat malah ga dikelarin. ciptain sistem yg adil dong om gojek, khususnya untuk kami costumer pengguna baru 🙏🏻",1
Memuaskan ...,5
NOTIFIKASI GANGGUUUUUUUUUHHYU,1
mantul 👍,5
good,5
oke good,5
"aman,nyaman,tepat waktu",5
bagus2 saya suka,5
sebenarnya ada bbrp driver yg buat kecewa ...apalagi klw kita Uda nunggu lama ni tiba2 d bilang cancel .d stu but palaknya Krn ngak dari awal JD bisa cari yg lain. itu aja sih.tp wlpun gtu tp ttp LBH banyak yg baik ya. saran AQ sih ttp d perbaiki . .klw bisa pelayanan sempurna knpa ngak iya kan . .klw bagus pelayanan jgn bintang 🌟tips aja kurasa custumer itu ngak ruginya kasihnya tp klw bisa driver2nya perlu jg d edukasi tentang bagaimana sikap rmah tamah G BAU ..g JOROK .dan berantakan .,5
ok bgt,5
"Tolong di perbaiki, ini entah dari rating driver ke saya atau gimana (saya kurang tahu, saya sering sekali kasih driver 5 bintang) tapi hari ini ngebuat saya sulit dapat driver padahal ga hujan atau apapun juga tidak dapat², sudah lebih dari 2 jam saya nunggu, saya sempatin untuk off dan nunggu beberapa jam untuk mengira mungkin cuaca sebelumnya hujan, namun setelah hujan sudah reda dan sudah tidak hujan lagi justru saya tetep tidak dapat driver untuk pulang. Bagaimana ini admin gojek (?)",2
one stop super apps yg ngelonin parah.. bikin malas tambah malas,5
Harusnya ada opsi pembatalan bagi pembeli jika pesanannya terlalu lama,1
baik,5
Aplikasi sangat membantu kebutuhan sehari².,5
"bintang satu bgt pdhl posisi mau hujan tp gada yg ngambil orderan uda beberapa kali coba pas ada yang nerima ga gerak sama sekali sampe 10 menitan, alhasil saya cancel coba order lagi gada yang Nerima padahal posisi pada Deket dari posisi saya.",1
pacar saya nyasar karena kamu,1
verri good,5
"makin kesini makin ga jelas driver sulit padahal ga ujan, argo makin mahal",1
baru pertama kalinya pemesanan gofood.... ternyata mudah👍,5
"driver banyak nolak, sudah prioritas. chat tidak ada respon.",1
"Setiap beli makanan pasti susah dapet driver itu bukan sekali dua kali, bener² di bikin nunggu bisa 1jam lebihh",1
lumayan,4
drivernya pemalas semua nggak ada yang mau ambil pesenan terutama saat sudah maghrib,1
okay,5
"Aplikasi aneh. Pesan GoCar 3x cancel sendiri padahal driver sudah dekat. Saya sampai kena peringatan. Pesan GoFood malah order di resto yg sebelumnya padahal sudah klik order di resto lain yg juga udah pilih menu & voucher. Awalnya saya ingin kembali setelah dari Grab & Shopee, ternyata makin buruk. Aplikasi yang merugikan. Jadi semakin yakin untuk tidak pakai dan tidak rekomendasikan",1
good,5
cepat dan antarnya tepat waktu,5
bagus,5
sangat membantu,5
aplikasi tolo,1
aplikasi ini sangat bagus sekali,5
"sriuz dah, klo ujan dsb, d kritik ny buat yg hemat.. susah nyantol driver nya",2
saya beri lima untuk mendukung para pejuang demi diri sendiri atau pun demi keluarga,5
Alhamdulillah...mantaaapp...bisa diandalkan...,5
pelayanannya oke,5
"aplikasi sangat lambat.... Driver dipaksa ikut daftar program di aplikasi,buat apa???😤🤧😡😠🤧😤",1
Baguss,5
sangat bermanfaat,5
lama bener dapet pengemudinya klo ujan burik,1
bagus apk nya,5
keren,5
baik drivernya ramah,5
good sekali,5
gojek mantab,5
"bagus banget aplikasinya , menurut aku lengkap terus ada catatan pengeluaran kita , aku rekomen bgt buat kalian",5
sangat membantu,5
"tolong ini kenapa klo di pesan rutenya dikasi yang paling lama, driver juga pada jauh2",2
"gua tiidak dapat login ke akun gua setelah gua hapus apknya dan di dalam terdapat saldo gua,kalo apknya bakal ngerampok mah gua kaga bakal naro duit disitu gua udah kegitu min belom di tanggalin juga udah tiga hari",1
"aplikasi untuk orang pemalas keluar, seperti sayaa heheh",5
memudahkan untuk aktivitas jauh hari hari seperti jemput sekolah 👍👍👍,5
oke lah,4
"tolong dong, Kalo daftar Go mart dimudahin, Masa Beli rokok aja ribet harus ke web pdahal udh ada aplikasi. Dan juga, kenapa barang selalu terbatas di go mart, Sering baylnyak kosong. Thanks",3
Cuma kadang kadang agak susah nyarinya krn kurang personilnya👍👍🙏,5
banyak diskonnya,5
pelayanan sangat baik👍😊,5
alhamdulillah semenjak ada aplikasi gojek sgla kbutuhan ku dlm prjlanan jdi lbh mudah dn selalu aman. trimakasih gojek d setiap driver yg ku trima selalu baik.🙏,5
Bauk mantab,5
saya suka belanja di gofood tetapi promo nya kurang menarik,4
"gofood lama banget proses mesan makanannya, susah driver.",1
mantappppp,5
baik,5
cepat,5
Selama ini ok2 saja,5
(********0101) nomor lama sudah mati karena telat isi pulsa tetapi WA masih nomor lama yang tarkait gojek bos (********0101) dan email nya sudah hilang dan tidak bisa login email dan dapat kan otp login.. dan saya baru saja mengirim uang ke nomor ya lama sekitar RP. 806.000 apa kah ada solusi min supaya saya bisa login?,3
bagussss,5
Keren...,4
keren level dewa,5
"banyak sekali driver yang nerima orderan abis itu complain jauh dan minta d batalin,,dah makin gilak kurasa",3
biaya penanganan di gofood gak ngotak. belanja 50k biaya penanganan 20k. belum dikenakan biaya ongkir dan lain lain,3
cepat dan tepat,5
kalo ngasih orderan yg bener jek masa jarak pickup sampai 4km yg bener aja nganter 2-3km,1
Praktis,5
ok,4
baik,5
good,5
"Menurutku ini hancur banget dan kecewa banget parah, padahal saya tidak ada niatan menggunakan voucher promo diskon hingga Rp. 10.000 diaplikasinya, padahal saya ingin menggunakan promo diskon gopay yang Rp.8.000. Terus""an saya buat laporan sampai sekarang tanggapannya benar"" kecewa banget masa gak bisa pengembalian dana walaupun tidak disengaja dan padahal itu juga terjadi kesalahan teknis. Ayolahh Gojek indonesia bantu lah ini hanya kesalahan teknis.",2
"aplikasi gila,di daftar gak bisa, harus nunggu 30 jam",1
sangat membantu,5
mantap sekali kaka 😂😂😂😂,5
respon terhadap komplain pelanggan sangat lambat dan tidak ada informasi yang jelas,2
"gampang dapetnya sih, tapi tolong metode pembayaran nya tambahin qris kalo bisa... soalnya aku ga pke gopay dan jarang pegang cash ka... gpke m-banking jg 😿",3
cepat aman tidak bertele-tele,5
jozzzzzz,5
ok josss,5
"SEMENJAK DIPEGANG GRAB SISTEM JADI HANCUR, APLIKASI SERING BUG KELUAR TIBA2,DAPET DRIVER JAUH,PESEN MAKANAN LAMA DAPAT DRIVERNYA ANCUR SEKARANG PENYEBAB UTAMA ITU DARI GRAB,MUNGKIN MAU DIHANCURIN PELAN2 LEWAT SISTEM BUSUK DARI DALAM SAMA GRAB JANGAN SALAHIN SISTEM YG SEKARANG, HARUSNYA SALAHINN GRAB YG JELAS2 MERUSAK DARI DALAM",4
mantap,5
30 menit nyari pickup baju aja gak ada yang ngambil iya rush hour tapi itu gojek pagi banyak ngapain ngebit kalau gak mau ngambil,1
driver ramah dan komunikatif,5
gaskeun,5
👍,5
sangat membantu,5
Alhamdulillah lancar..,5
sangat memuaskan di keperluan,5
"setelah update, buka menu kecuali dahsboard utama susah banget. mau pesan aja nunggu lebih dari dua menit baru kebuka.",2
mantab,5
tepat waktu,5
"percuma kasih rating kalo gak dibaca keluhan konsumen, untuk daerah daerah yang mitranya pake bentor tolong kasih opsi lain selain motor, bentor agak lama datangnya untuk org org yang udah kepepet jam masuk kerja",3
sangat baik,5
pokoknya mantap deh,5
Orang Baik,5
tepat waktu,5
tepat waktu....keren.,5
Palagoda (aPA yang Lo cAri Gojeg aDA,5
mantab,5
terimakasih sudah membantu memudahkan transportasi kami,5
sangat memuaskan,5
pedas,4
cukup. membantu,5
sekarang susah banget cari driver sering di cancel,1
Apk sialan gw nyari dari tadi di cancel Mulu,5
sangat puas,5
"gajelas ni makin ksini, di kasih taunya tinggal berapa menit lagi sedangkan jalannya masih jauh, chat juga delay bgt ngirimny padahal jaringan bagus, saya juga harus relog terus tiap mau liat driver jalan apa tidak, kalau ga relog ya ga kliatan jalannya, saya chat driverny dia bilang jalan kok tapi di map ga jalan jalan.",3
gojek murah,5
sangat membantu,5
Lancar & Aman 🤝👍,5
oke,5
"Mudah di fahamai dan banyak pilihan, serta membantu dlm setiap keperluan.",5
kenapa skrg pilihan GO-RIDE hemat udah ga ada padahal itu sangat membantu anak2 sekolah yg uang sakunya minim.. semoga nanntinya akan ada GO-RIDE hemat lagi,5
buat apa ada gojek hemat kalo pas mau dipake susah dapet driver,1
"aku isi pulsa aja gak sampe ,isi 2 x ternyata saldo kubketarik kuota .gak masuk ..",1
"kok saya pake mode booking cepat malah yg dapet jauh banget, yg deket deket ga ada yg mau ambil",1
sangat membantu perjalanan saya sangat cepat memilh rute,5
"Driver susah didapatkan, bikin waktu kebuang² padahal lagi urgent",1
bagus,5
OK banget,5
parah ko bisa ya pesen makanan sendiri???,1
BENERIN EGE SERVER NYA LAG MULU,1
Maaf maaf maaf perlunya tidakan Bukan maaf kakak hdeh,1
"dulu harga gojek bisa bersaing dgn apk lain loh murahnya, skg WOW udah paling Mahal diantara apk lainnya.",2
sangat membantu,5
"top up gopay tapi gamasuk masuk, harus nunggu 2 hari dulu aneh nih apps.",1
ok,5
"saya isi saldo gopay 2 kali saya top up tapi gak masuk masuk, saya top up karna lapar",1
"awal menggunakan aplikasi ini sangat lancar lama kelamaan bikin emosi waktu sya di luar kota pesen goride /gocar pd mlm hari ya krna kerja sering pulang mlm klu di luar kota itu sangat sulit mendapatkan driver kadang dapat tapi driver aneh posisi sudah dekat trs tiba2 posisi jauh² & driver tidak ada info sepertinya driver gak mau cancel tapi cancel dengan cara menjauh biar pelanggan yg cancel mnurut sya itu tidak baik krna nnti yg kena pelanggan nya,krna sering cancel pdahal sya gak suka cancel",4
bagus,5
sering gak dpt driver dimalam hari,1
mantap,5
"Tidak dapat login ke aplikasi gojek walaupun sudah klik lupa pin, sudah email ke CS tapi tidak mendapatkan solusi. sedangkan di aplikasi gojek ada saldo gopay nya. Mohon dibantu permudah untuk perubahan pin menggunakan link melalui email atau kode otp melalui WA atau SMS.",1
"TOLONG FITUR PENCARIAN DRIVERNYA DIPERBAIKI LAGI, DARI TADI PESEN GOFOOD CARI DRIVERNYA SAMPE 4 JAM GA ADA TERUS!!!!!!",1
"idih idih kapitalisss, ikut2an copy paste sistem double order app sebelah, padahal customer bayar ongkir, makanan hangat jadi dingin gara2 kerakusan kalian nyari margin gede tapi gada otak, driver juga dirugikan karena harus bentrok dengan kesabaran menghadapi customer dan cuma dapat tarif order yg terdelusi demi gaji 2 digit orang2 kantor kek kalian yg g guna itu. Saham GOTO otw gocapppp. Delisting dari bursa efek. Gojek karya anak bangsa otw gulung tikar!!!",1
good,5
"iklan sama realitanya kenapa berbeda ya? katanya gojek plus bikin makin murah dan hemat, tapi nyatanya tetap sama aja tuh gak ada perubahan signifikan untuk harganya, mana banyak banget lagi ketentuan yang harus dipenuhi sebelum pake promonya 🤦🏻‍♀️ kapok deh langganan gojek plus nya",2
ok,5
ok,4
tingkatkan terus layanan terbaiknya,5
"knp mau login harus scan muka.. tetapi ktika sudah scan malah tidak bisa. tidak jelas! Tambahan lagi, driver sangat susah dicari!! pesan makanan harus menunggu driver 1jam, jika tdk ada driver pesanan dibatalkan, bgimana ini lama menunggu driver sj.",1
bagus sih pelayanan nya tapi di hp saya dlu pernah di teror di telpon nin driver padahal ga beli apapun itu uda seminggu an dan jam nya kalo gak jam subuh pasti jam 12 malem alhamdulilah sekarang udah engga di hp saya yg dlu sudah di hapus,3
lumayan,4
murahhhh polllllllllll,5
#salamsatuaspal gojek terbaik,5
Good service,5
"buluk banget QR scanner nya, susah ngebaca QRIS QR nya aneh banget",1
Aplikasi ter Tolollll,1
"semakin kesini knpa semakin buruk aplikasinya. selalu dpat driver yg jauh apalagi pada saat hujan dan jam sibuk susah dpt driver dan kalau dpt jauh ujungnya cancel, jadi bikin telat masuk kerja.... semakin parah layanannya driver susah dpt, sekali dpt jauh bgt udah setengah jalan d cancel kadang udah dpt d cancel driver.",1
pelayanan bagus,5
"Aplikasi gojek ini oke banget, sangat membantu apalagi kalo banyak promo xixi.",5
bagus bagus,3
sangatt membantu terimakasih,5
makin lama makin mahal ongkirnya,3
aku dah berlangganan promo hemat untuk sebulan tapi ga ada hemat²nya malah lebih hemat yg ga pake promo 🤣 kocak gojek ni,4
Alhamdulillah driver² nya ramah,5
sangat membantu,5
baik dan membantu,5
suka telat gofoodnya..,4
ok,5
"kalo nerima driver attitude nya di liat jgn manusia sok preman jadiin driver.. pelanggan dan resto merasa tidak di hargai karna driver kurang attitude nya.. berbagai alesan karna jauh lah ambil nya , karna kejar target tapi suka cancel oderan , atau pengen nya datang langsung ambil. tolong di benahi lagi buat orang di kantor gojek buat driver di lapangan nya..",1
jossssss,5
mantap banget apk iniii 😁,5
"lucu ya. dia punya fitur pengiriman prioritas, yg bilang bakal dpt voc jika pengiriman melwati batas waktu. jelas jelas pengiriman maks di pkl 16.20, makanan sampai pkl 16.40. komplain disistem katanya sudah sesuai. cuih",1
"jele bgt driver""nya sekarang, pesen prioritas+cari cepat, dari jam 5 nyampe jam 6.20. sekali nya dapet ga konfirm, ga gerak, nyampe ganti sendiri drivernya gitu"" juga. attitude nya jelek bgt. cuma beberapa aja yg bagus, itu juga cuma sedikit.",1
alhamdulillah nyaman tiba2 udh kluar tol mksh,5
sangat bagus,5
ya enak,5
"go food paling terparah pesan jam 17.30 saat hujan berhenti, eh notif app nya dapat driver jam 18.33 apaan nih, nyesel banget, gue app utk pesan makanan sekarang nggak akan pakai go food lagi, go food gue coret dari hp gue dah apes banget mana ini udah laper, padahal jarak toko nya 1 km doang, nggak ada bermutu lo sekarang go food👎👎👎",2
"gasuka saya sama gojek sekarang, masa beres hujan gada yang mau pickup saya udah lama bgt saya tunggu udu keberapa kalinya driver kaya gini, mohon tolong regulasinya diperbaikii lagi",1
toooopppppp markotoppp,5
baik bgt,5
"para driver ini ga perlu uang apa gimana sih? apalagi waktu hujan ngeselin bangat gaada yang nerima, kita juga hujan gini masih bayar loh ga minta dianterin gratis. Gimana sih sop nya, apa emang driver nya yang pemilih kalau ada orderan?",1
cepat pengantarannya,5
ok,5
"asalnya kukasih bintang 5 tapi blakangan susah banget order gojek, aplikasi muter padahal sinyal bagus, pengemudi terpantau ada di sekitar tapi ga ngambil orderan, skalinya dapet dicancel sama driver atau driver minta cancel atau aku terpaksa cancel karna driver ga bergerak atau kejauhan.. hadeuhhhh smoga bisa lebih baik lagi biar kurevisi lagi bintangnya.. bhay",1
mantap,5
pusing liat driver gofood batalin terus.,3
suka,5
pake aplikasi gojek semua jd bisa serba cepet,5
aplikasi taeee iki pesen es teh 21rb .,1
gercep.....,5
"tanggapan lama,saya sering telat ke sekolah padahal sudah booking dari jam 6 kurang 15 masih belum ada sampe jam set 7 sering di batalin dari aplikasinya katanya driver sibuk padahal sudah pake prioritas tapi tetep gitu",3
mantap dan keren gojek,5
mantaaaaaaap,5
👍👍👍👍👍,5
lancar,5
mantap,5
tida ada kendala apapun aman terkendali..,5
"kenapa kalau mendung pasti error, lama bangeet pencarian nya. kagak dapet², pd hal blm hujan ..",3
topp,5
sangat membantu,5
"buat suspend lah misal lama,masa harus saya melulu yang mencet batal blm lagi pihak gojeknya sengaja agar saya mencet batal agar lebih mahal lagi seharusnya sesuai apk lah harganya masa harus mencet batal batal lama lama jadi mahal",1
mantap lanjutkan,5
"pelayanan,nya bagus",5
sekarang ongkir gojek mahal,4
Mempermudah mencari transportasi,5
mantap biar hujan deras tetap mau jemput👍🏻,5
"aku suka aplikasi ini, sangat bantu aku dalam pergi2 kemana2, driver nya juga pada baik2 sih, terus ada fitur lain juga (aku baru nyoba yang ngantar barang aja), terus kan ada kayak teks di update gojek nya itu aku sering baca2 karena lucu banget pliss 🥺, tapi pliss ya gojek kalau kasih driver jangan jauh2 pliss, aku jadi gak bisa sampai ke tujuan dalam keadaan gak telat, jadi pliss ya kasih driver jangan jauh2 ya, tapi makasih udah buat aplikasi ini ❤✨",5
"oi gojek orderan reguler/instan jngn lu gabungin ke multi, banyak seler/pelanggan yg ngeluh karena ini, apalagi customer/penerima barang harusnya paling lambat 2 jam barang sampai, ini lebih dari 3 jam baru sampai, mau sampai kapan kaya gini",1
LAMA BGT NYARI PENGEMUDINYAA,1
mantap,5
aman,5
👍,5
percuma pake goplus tetep aja ga konsisten harganya,1
"Terima kasih GO-JEK dan seluruh penggunanya 🙏💚 Sangat membantu di saat keadaan mendesak. Semoga semua yang bekerja dan menggunakan aplikasi ini selalu diberi kelancaran, rezeki yang berkah, dan tetap semangat ya 😊😇✨",5
oke banget,5
sangatt terbantu dengan adanya apk ini,4
ok,5
keren,5
"mantapp nieh gojek, saya sangat suka sekali dan saya juga pelanggan setia gojek 😍😍😍",5
aman terpercaya,5
sangat membantu,5
baru aja downlod ko udah eror,3
sulit banget yg mau jemput agak jauh dari kota .uninstal aja,5
GoPay pinjam saya tiba2 cair sendiri tanpa persetujuan,1
mantap,5
good gojek,5
mudah,5
sangat bagus,5
pelayanan ok,5
bagus selalu tepat waktu,5
Terpercaya dan ramah,5
Gojek... mantap,5
Mantap Sekali Gojek Indonesia Terbaik Memang Ok Di Click,5
"aplikasi lemot tidak bisa dibuka, load system nya lama",1
kapok sama gojek !!!!!! menyebalkan,1
keren,5
senang pesan di sini,5
good,5
pelayanan aduan CS buruk dan sangat tidak masuk akal...saya pesen makanan kurang saya komplain padahal laporan jelas foto jelas dibilang tidak sesuai syarat n ketentuan gojek dan malah disuruh minta langsung ke resto kan gila...saya pesen via aplikasi giliran ada mslh pihak gojek lepas tangan...tolong management gojek cek kembali team CS nya jngn cm mkn gaji buta bls laporan bisa berhari2 dan chat both sangat tidak membantu..saya beli pake uang dan merasa dirugikan..bubarin team Cs,1
pelayanan nya ok.,5
"aplikasinya sudah bagus, sejauh ini tidak ada kendala, hanya saya untuk fitur chat tolong di perbaiki. masa ada chat masuk tapi saat di buka room chatnya isinya kosong. terimakasih 🙏",4
"mau kemana² jadi sangat mudah, aplikasinya udah banyak fiturnya sekarang,digunakan juga sangat mudah, bahkan tetap bisa dibuka walaupun tidak ada internetnya... terimakasih 😊",5
mantab,5
"mari migrasi ke maxim buat yang susah dapet driver, ini aplikasi udah mahal, error mulu, lemot, MAHALLLLLLLLL",1
apik nan,5
siipp..,5
Pemenang aplikasi dengan banyak driver cancel sepihak sedetik sebelum customer di jemput (sepihak) akibatnya customer tidak bisa menemukan riwayat order untuk reimburse ke kantor..,1
semakin jaya,5
bagus,5
sangat membantu,5
"kalau pesan gofood selalu telat nganter makanannya harus nunggu berjam2,mau di batalin ngga bisa keburu kelaperan",1
bermanfaat bagi perantau buat mudik,5
"kenapa customer/orderan fiktif nama yang sama atau nama yang berbeda-beda tidak pernah di blokir? atau minimal daftar pakai ktp aja, kasian liat berita2 orderan fiktir apalagi drivernya tunarungu miris liat nya",2
driver nya sabar,5
oke,5
terimakasih sangat membantu,5
"gasuka, cape banget kalo nyari pagi pagi susah banget dapetnya. gojek nya suka lama jauh jauh suka cancel marah marah, tolomg ya please aku jadi stress setiap pagi nyari gojek. aku mau gojek waktu 2025 pada ga sombong",2
"cuma gojek yg bs bikin nyaman slmt samp tujuan,",5
mntap,5
"responsif,.👍",5
"goride hemat nya sangat amat membantu,terimakasih",5
oke,5
mantap,5
Gojek Ok' 👍👍👍👍👍👍👍,5
"terpercaya , cepat, ramah, drivernya. aplikasipun mudah.",5
bagus,5
sangat membantu aktifitas sehari hari,5
apk gembel setiap nunggu lama tiba tiba cancel upgrade your driver. gojek ga kaya dulu.,1
Aga ribet ya,2
PLIS KENAPA KALO GO RIDE HEMAT SUSAH CARI DRIVER NYA HERAN!!!! KESEL JADI KESIANGAN TERUS KERJA,2
gojek tepat waktu sangat membantu bagi seseorang yg butuh cepat,5
sangat nyaman,5
cepat dan praktis,5
andalan utk tranportasi umum di seluruh indonesia,5
Pakai hemat Driver kagak ada yang mau...percuma ada diskon..ZONK,1
ok,5
"MAKIN HARI MAKIN GAK JELAS. PESAN GOFOOD EXPRESS GAK PERNAH TEPAT WAKTU, SELALU TELAT. PADAHAL ONGKIR EXPRESS SAMA YG BIASA ITU LUMAYAN JAUH.",1
good,5
"sering banget susah dapet driver, bahkan selalu ga dapet padahal udah lama banget nungguin. pake yang biasa atau hemat ga ada bedanya. yang disayangkan adalah di apk terlihat bahwa driver di sekitaran titik itu banyak, tapi ga ada satupun yang nerima.",1
mantap,5
sangat membantu,5
sangat recommended,5
sangat membantu,5
"aplikasi pemerasan, pihak gojek ambil duit sebanyak2 nya dari cust n driver, pdhl gk pernah sediakn kendaraan.",1
selama menggunakan aplikasi ini sy cukup puas. sy sangat suka apabila lebih banyak lg promonya.,5
"sekarang aplikasi nya jelek byk pesenan batal tidak dapet driver, sudah di siapkan , sudah tidak bisa di ajukan komplin penggantian karena uda hampir 1 jam tidak dapet driver,kita siapkan , kerena di suruh siapkan sama aplikasi , tolong di benahi seperti yg lama , kecewa",4
mudahin semua hal sering sering adain voucher ya biar makin betah,5
dari dulu sudah menggunakan gojek sampai sekarang tetap yang terbaik,5
kecewa karna gak ada solusi..sompet terkunci sdh 8 bulan dan sdh hub cs via gmail terus dri laporan apk nya gak ada solusi dan saldo sya gak visa di apa2in,1
"pertahankan dan tingkatkan, kasih diskon lebih banyak",5
sangat membantu perjalanan,5
bagus,5
bgus banget drivernya ramah ramah,5
"Pelayanan gojek sekarang, ga sebaik sebelumnya",3
aplikasi yg menyiksa drivernya . udah /km nya harga fi turunin biyaya layanan di naikkan .driver dapet hikmahnya. parahhh gojekkk gojekkk . kmren saya pesen online iseng nanya ke driver saya sebagai kastamer bayar 153000 tapi driver cuma menerima 108000 parahh gojek gojekkk,1
Baguss,5
"sangat membantu sekali aplikasi gojek ini, semua sangat mudah di akses.",5
mantap,5
perbanyak driver bermutu,5
mantap deivernya,5
lama dapat driver,1
"bertahun"" pake .... klo aplikasi mah okeh""... tapi oknumnya yg suka ada ajah ingin ku berkata kasar...",5
mantap,5
siip,5
sangat bisa diandalkan,5
mantap,5
"Mau pakai yang hemat mau pakai yang goride sama aja nunggu nya lama, ditolak pula hahaha",2
susah dapet driver go food 2x 1jam ga dapet2,1
"udh nungguin 3 jam malah gadapet driver, ya emang duitnya balik, tapi kan waktunya itu yg gabisa dibalikin. tau gitu mending kesana sendiri daripada order gajelas dari gofud",1
ok,5
mudah dan hemat,5
memuaskan,5
terlalu lama mencari driver,4
"Keren aj aplikasinya. tapi tingkatin lagi diskonnya banyakin, promonya naikin.",5
cepat penangannya,5
"terimakasih gofood membantu dikala gak bisa keluar rumah, cuma promonya di gencarkan dong.",5
so far so good,5
baik,4
Mantap,5
mantap,5
"tepat waktu , menyenangkan.",5
sistem tambah parahh !!!! pesan gofood suruh nunggu cari driver sampe 1 jam an . emang bobrok sistemnya pesan pakai express tapi sama aja 😡😡😡 ngga konsisten . customer kecewa,1
"aplikasi apaan ini ,,udah langganan lama pakai tpi tambah mahal bukanya dikasih promo,,,,,,,yg katanya promo ,,tapi aneh mosok gofood ogkir 25 000 norak banget ini aplikasi apaan diskon 50 persen tpi ogkir 25 000 diskon apaan ini #JELEKLiCIK#semakin berlggann semakin dinaikkan hargaPreeeeeeetttt",1
"cari driver lama , beberapa kali diulang untuk cari driver lagi tetap lama dan sekalinya dapat malah jadi double ojek yang datangnya ... bener bener aneh dan ngeselin...",2
sekarang sulit mendapat driver dan dicancel mulu,1
terlalu lama nunggu drever ya parah gojek,3
"Sekarang kalo order gofood wajib premium (Cepat), opsi murah ga bisa di klik padahal nyampenya aja telat ga sesuai estimasi waktu",1
top,5
😁😁,5
"gojek, lu kyknya terlalu parah ngambil bagian, gua curiga akhir"" ini gua sulit dapet driver itu karena mereka gamau ngambil karena mereka dapet dikit banget, EVEN gua udah NAIKIN pakai ""pencarian cepat"", jadi mahal tuhhh tapi tetep susah dapet driver???, gua curiga bukan driver yg males tapi elu nya yg terlalu GREEDY?? pls let me know the truth.",1
ok ok,5
mantap,5
"kenapa customer gabisa batalkan pemesanan gofood ketika ga dapet dapet driver buat ambil pesanan? kenapa baru bisa dibatalkan 1 jam setelah pemesanan? kan buang buang waktu harus nunggu 1 jam buat memastikan dapet driver atau engga, harusnya resto jg bisa batalin pesanan customer kalo casenya gitu, buat aturan maksimal berapa menit kek buat dapet driver, kalo ga dapet drivee batalin gitu restonya :333",2
gesit n ramahj,5
banyak promo,5
kadang suka nge bug,4
"pesan makan ada tulisan express dan reguler, pilih express di hrg 21.500 waktu tempuhnya masa imbang sama reguler yang harganya 8rb aneh banget jadi males pilih express gak ada bedanya. orang bayar harga lebih tinggi biar cepat sampai eh malah lama.",1
mantappp,5
"saya nunggu setengah jam dapat driver tapi malah minta di cancel, dia sendiri gamau cancel, dan imbasnya saya jadi susah dapat driver ditambah kalo batalin booking sekarang harus bayar 3000 gojek makin sini makin nyusahin driver dan konsumen",1
jos jis,5
"kenapa skrg susah bgt dpt driver? even gofood or goride semuanya susahhhhh udh gitu pembatalan pemesannya lama bgt hrs nunggu estimasi waktu yg hampir 30mnt, org gak ada waktu untuk nunggu selama itu—well, krn sering lama bgt dpt driver saya sering pakai pembelian express, kirain bakal cepet taunya sama aja. gak ada perubahan🤷🏻‍♀️",1
parahhhh kalau hujan dikit saja driver ngak mau ambil....,1
"saya dari kemarin di cancelin terus,buang buang waktu pakai gojek sekarang drivernya semaunya masa sampai 7kali cancel kalau nga mau kerja udah",1
ongkir nya mahal,1
sangat terbantu dengan adanya gojek,5
terimakasih kendaraan di kala mendesak,5
Tolong diperbaiki lagi suka ganti lokasi jemput sndri,1
"parah gajelas, bukan pertama kali pake gojek entah buat transport atau food. kali ini dapet update ongkir buat food standar dihilangkan diganti jadi 'cepat' atau 'hemat'. gua pilih hemat dan jadi super susah dapet driver, 1 jam nunggu sampe akhirnya harus cancel, masa iya jadinya dipaksa buat bayar 21ribu buat ongkir cepat. dan anehnya jarak resto ga sampe 1km pun dikenain ongkir 21k. KECEWA",1
sangat membantu bgtt dlm melakukan perjalanan... pokoknya puas pakai gojek,5
okeh,5
"Bingung belanja di Gomart dimana aja, kalo minimarket lain udah ada.",5
mantap,5
Senang sekali,5
ngga tau kenapa kalo pesen gojek selalu lama terus ga gerak ternyata mau di cancel,4
bagus.,5
"udah nunggu hampir 1 jam ternyata pesanan di batalin sepihak dari pihak gojek, dengan alasan gadapat driver di suruh pesan lagi, setelah pesan lagi ganti yang expres nunggu 58 menit lagi, cukup ini yang terakhir pesan pake gojek, niat hati pesan dr gojek biar ga tibet malah kaya gini jadi nunggu 2 kali",1
goodjob,5
sekarang susah dapet driver... apalagi gofood sampai pembatalan terus kalau pesan,2
"Kalo udah gak bisa diandelin, mending tutup aja. nyari driver aja nunggu nya satu abad.",1
sangat prsktis dan murahh,5
"sebagai pendatang, saya bingung dengaan arahan gotransit menggunakan kereta karena informasi tampil sebagai singkatan tanpa penjelasan lengkap sedikit pun",1
ok,5
tetap semangat ajah,5
tolong kasih driver nya rekomendasi map yang tepat agar dapat tidak memakan waktu,3
"sudah tiga kali saya pesan gofood, tapi di restonya sering tidak ada notifikasinya. bahkan restonya Uda tutup, tapi di gofood tertulis ""restoran sedang menyiapkan makanan dg sepenuh hati"" lalu udah nunggu sejam endingnya tercancel. aneh.. yg salah apanya coba!!! emosi bgt sama gofood yg Sekarang",1
drivernya pada tengil tengil kalo orderan murah gamau ambil,1
exelence,5
cepat bila lg di butuhkan,5
mantap,5
ok,5
mantap,5
sangat bermanfaat,5
akurat dan cepat,5
pelayanan terbsik dari gojek,5
bagus,5
Semua layanan bisa di beli pakai uang! 👍🏻,5
aplikasinya membantu sekali untuk memesan makanan,5
Sangat ramah dan sopan,5
"pengalaman selama ini sudah 3 tahun bersama aplikasi gojek, recommend ini aplikasi dan juga setiap mau anter barang (pick up) ataupun nge gojek jadi lebih mudah,sikap pelayanan juga Ramah ,top deh buat aplikasinya Joss 👌🏼⭐⭐⭐⭐⭐",5
"baguuss.. cmn beberapa foto makanan & minuman tidak ada,kenapa ya? tolong lengkapi dong fotonya🙏🏻biar semua orang tau🤌🏻ini jenis makanan apaa, minuman apaa😌🤌🏻🤌🏻gituu kalo misalnya gk ad kan gk tau yaa itu apa🤷‍♀️ya kan🙂 mending tambahin laahh😌💅🏻biar semua orang pada tau gitu loh😌🤌🏻ok😉👌🏻 untuk sementara segini, kalo udh di benerin 🤌🏻baru ku tambah lagi🙏🏻🗿 untuk sekarang gk dulu 🙏🏻😑bagus cmn ya gitu lah🙂🙂",4
"bagus, walau jarak dekat, mau mengantar. 👍",5
Nice,5
good,5
sukaaa dia tuh ngasih notifnyaa sukaa bgtt kayak waktunya malam sukaa deh lopyu banyak banyakkk,5
bagus,5
saya pelanggan lama buat gojek...kadang gojek itu kalo di go ride amat lambat untuk jmput nya tapi go send dan go food selama ini cukup oke dan bagus untuk layanannya..👍👍👍👍,5
semenjak update layanannya jadi makin buruk.... utk makan siang saja harus menunggu 2 jam lebih padahal cuaca tidak hujan....terima kasih telah membuat saya kecewa,2
"Mau tanya ke Admin gojek, kalo mesen makanan tapi medote pembayaran nya COD bisa ga ya? Soal nya pengen ngerasain Gimana rasa mesen Makanan nyampe nya cuma dalam 30-59 menit, soal nya saya ga punya Rekening Tolong segera di balas ya admin gojek",5
LAMA DAPAT DRIVER CUMAN BUAT MAU MAKAN AJA BIKIN ORANG SUSAh,1
"ongkir mahal, tapi masuk ke driver murah contoh saya order teazi ongkir 25k karena hari Minggu pas jam makan siang, tapi driver yang antar dapet ongkir 7.700",1
maaf ya driver gojek karena sudah membohongi kalian saya mohon maaf sebesar-besarnya 🙏😭,3
menyenangkan,5
👍👍👍,5
Tarif gocar berubah ubah sadis,1
wagu,1
"Comment 2 (New): Parah banget ini aplikasi, padahal jarak resto dengan lokasiku dibawah 2 km, tapi ongkirnya 20ribuan, kocak kocak, emang Grab dan aplikasi lain lebih baik daripada aplikasi ini. Comment 1: Buat yang belum langganan, jangan pernah langganan gojek plus, karena meskipun langganan tetap kena ongkir 10 ribu, better GRAB, setelah langganan plus langsung free, kocak ni aplikasi, kapitalis bgt morotin duit pengguna nya🤧",1
"Masi ada yg pake apk ini blo'on,, udh tinggalin ajh ini si ijo Masi bnyk apk sebelah yg harganya terjangkau",1
"suka sm gojek,cmn ongkir nya kadang suka gede bgt",4
ramah,5
baik sekali,5
okei,5
ok,5
okeh,5
harga makanan nya mahal sekali,1
"Trauma pesan gojek offline, dari bandara juanda ke stasiun pasar turi sya dimimtain 150, pdhal kalau di aplikasi pasar turi bandara cuman 65 ribu. ini plat nomornya. AG3637VAV",1
"go jek sekarang jelek banget udh ma asal nitikin pdhl rumah saya cuman 1 tapi asal tembakin titiknya pengiriman tau ojek""nya SDM rendah mana mau lah kerja jauh"" an udh ma kalo komplen gojek ke konsumen gada tatak ramah coba tim dari goto memperbaiki masalah ini apk error terus sekarang""",1
"makin kesini driver gojek makin ga jelas.. pd jual mahal ambil Cust . d aplikasi KL Cust yg batalin kena potongan, pdhl yg ga mau ambil orderan pihak driver.. tlg d perbaiki jgn semakin merugikan Cust..",1
okeeeee,5
mapnya ngaco,3
"SPINJAM ga ramah kasar banget baru telat 1 hari gara2 lupa , di terror uda kayak kita penjahat banget makasih saya uda uninstall",1
ok,5
makanan enak tidak usah bikin sendiri tapi mahal bintang 4,4
saldo di gopay masih beku sejak tahun 2021.dan tidak ada solusi,5
laknat maen blokir aja padahal ngak ada tunggakan..paylater bunga tinggi. penagihan ngak beradab. sok2 an banget,1
bagus dan bermanfaat,5
"Go-mart sangat buruk!! Lihat saja voucer kalian yang sering tidak terhitung. Ingat! Jika kalian lapor bantuan, uang kalian tidak akan di refund seperti shopee.",1
sangat membatu,5
ok ok,5
kalo ke kota nih aplikasi bantu banget,5
"serba bisa,sangat membantu sekali buat saya yg selalu bepergian males nyetir sendiri",5
ok,5
Good Job...,5
jos,5
bagus,5
siip,5
bagus mantap,5
"great Apps, great job .. mantaab cepat terlayani",5
oke,5
bagus dan praktis bgt cepet dapet juga,5
"Sebelum isi gopay, saldoku 32.000, setelah isi gopay 50.000 kenapa jadi 60.000, tolong kembalikan uangku woi",1
memuaskan,5
"menyenangkan,sikap driver yg ramah dan sopan",5
mohon maaf untuk sekarang kadang lama dan titik penjemputannya suka ga sesuai kalau di pagi maupun di malam hari dan seringkali suka dikasih driver yang jauh dari titik penjemputan.,1
"sebelumnya saya apresiasi driver. tapi maaf ya masukan. saya sering udah order, driver terima tapi saya tunggu lamaaa sekali. saya chat bisa/ tidaknya...no respon. lalu tiba tiba saya dicancel sepihak. plis driver jika saya chat bisa atau tidak nya tolong direspon supaya saya tdk menunggu terlalu lama dan saya lega...sehari saya bisa dicancel driver sebanyak 3x",4
aman,5
susah klo buka apk gojek,4
"Aplikasi JELEK, saya pengguna lama transaksi selalu pake gopay sedangkan mau pengajuan gopay Pinjam daro Awal daftar selalu ditolak. cari keuntungan sendiri",1
"aplikasi paling yess,,sejak awal buka sampai sekarang tak berpindah hati,meski beberapa kali ganti acount tetap gojek pilihan terbaik",5
perjalanan aman dan lancar,5
cari driver ya lama banget... mending unisal aja pake apk yg lain lebih cepet,1
"ga bisa daftar, suruh instal ulang mulu",2
mantap,5
"maksdnya apa yaa ngatain saldo gua kurang, mau gua bayarin omset lu. sini gua tf nomor dana lu mana biar ga kena admin",1
Mantappp,5
Alhamdulillah driver ramah dan bersih,5
sangat berguna,5
"Drivernya udah pada manja khususnya goride. Jarak tujuan ga nyampe sekilo, harga 20k tanpa hemat tanpa promo, 15 menit kaga ada yang ngambil. Mending MAXIM, harga murah tanpa drama hemat hematan, Driver gercep datang.",1
"makin lama makin ga jelas, orderan tiba2 tercancel sendiri, sudah dipesan ulang malah double orderan, AKU YANG DIMARAHIN DRIVER GOJEKNYA YA BUKAN KALIAN!!, kalian bilang bisa langsung cancel? itu gimana aku cancelnya lagi dijalan, udah sampe tujuan baru sadar aku itu dibuat double dari sistem kalian, kok jadi kesannya nyalahin saya ya?!",1
ok,5
"Gojek saya ngk bs d pk, knapa y",5
banyak driver PEMALAS,1
yaa,4
"suka bingung deh sm sistemnya. udh beberapa menit nunggu gaada satupun driver yg ngambil pesenan saya, tetep aja gabisa dibatalin. sebenernya bisa, tp agak ribet dibanding kan sm aplikasi lain, harus ini itu dulu. tolong perbaiki sistem nya ya, kadang suka ribet gt apalagi kalo driver nya jg gamau cancel dgn alasan takut ratingnya menurun.",3
ok lah,4
"apk anehhhh, saya pesen makanan masaa driverr nyaa gadaa ??!! teruss buatt apaa adainnn gofood kalo emang drivernyaaa pada males??",1
aneh perasaan dri kmrn susah Mulu dpt driver,3
terdapat transaksi tanpa diketahui pemilik akun,1
good,5
"dulu ad gojek enk terbantu bgt tp skrg gojek udh susah untk dptin drivernya.order lama,sekalinya dpt slalu dicancel oleh driver,mohon diperbaiki",3
gofoood lama banget sekarang susah driver. jauh sama dlu .,1
susaaa banget daoat drivernya. ga jelas,1
Mantap 👍🏻👍🏻,5
Susah banget dapet driver pake comfort sama gojek biasa ini orang gimana dah?,1
gofood tidak konsisten lama bgt dapet driver 1 jam udh gtu tetep g dapet pdhl bnyk dan lokasi juga dekat. kalau misal driver gaada jangan di suruh tunggu sampai 1 jam. gabisa chat resto ada in tuh menu chat resto gabisa cancel,1
ongkosnya murah,5
males banget cari drivernya lama,2
"untuk gojek food,,, kalau misalnya sudah 30 menit ga ada driver yg ambil pesenan, mohon tmbahkan fitur batalkan pesanan, bukan malah suruh nunggu 1 jam lagi,, kalau alkhir ny di batalkan juga ngapai nunggu 1jm lagi,, paraaaaahhh ngapain juga suruh nunggu 1 jam keburu kenyang kaliii",1
"udah bertahun-tahun pakai aplikasi ini, sangat membantu kalau ingin bepergian ke mana aja",5
siiiip ok,5
gojek butut,1
"dari bulan lalu aplikasi ini kekurangan driver jadi melakukan apa apa sulit, dari goride nunggu hampir 2 jam , sampai gofood nunggu 2 jam untuk di cancel,,,,, mohon untuk di perbaiki masalah terkait ini. saran dari saya : biaya yang di ambil pihak aplikator terlalu besar harus di turunkan sehingga para driver mau mengambil pesanan lebih banyak lagi.",1
👍👍👍👍,5
"ga usah di sediakan gojek hemat kalau hampir 1 jam ga ada satupun driver yg terima, hadeh",1
"apk ga guna susah banget dapet driver, udah 2 jam pesanan ga diambil ambil",1
"mohon untuk ketelitian dari pihak gojek soalnya saya pesen buat perjalanan knapa datengnya 2 driver, saya tidak enak dan terpaksa membayar 2x, saya hanya meminta lebih teliti lagi 👍",4
"payah banget sekarang , klo order gocar drivernya pada belagu , pilih2 antar penumpang diohat dari ongkos dan jarak . Sering banget disuruh cancel atau di cancel driver . tolong dong di perbaikan ,sayang loh aplikasi sudah Top dan di andalkan , salah satu nya oleh saya ibu yg tidak bisa berkendara yg sllu andelin gocar . krn bawa anak 2.",1
"gojek adalah yang terbaik. saat memesan goride anda akan mendapatkan driver terdekat, yang cepat sampai ke titik jemput. saat pesan gofood, anda akan langsung mendapatkan driver, pesanan anda tidak akan double order dan akan tiba lebih cepat dari estimasi waktu. pemesanan gosend akan cepat mendapat driver, tidak akan multi pengiriman, paket akan tiba lebih cepat. driver yang anda lihat di dekat anda pasti mendapatkan orderan anda, tidak akan diberikan ke driver yang jauh .",5
Alhamdulillah slalu dpt driver yg baik,5
abangnya ramah banget,5
membantu banget,5
"nyari driver udh kek nyari emas, susah bngt",2
"sekarang jelek amat. gofood padahal dekat dapet driver 2jam an, mana gabisa cancel",1
"parah bgt kl udh susah dpt driver nyusahin, mau cpt dan bru bru mlh tmbah kelamaan. pls deh..",2
bgus,5
Jelek pesen gofood 1 jam gk diapa-apain cuman di hold doang,1
"susah banget ambil driver sekarang! gak praktis lagi semakin kesini, mending mandiri.",1
"customer service slow respon dalam menanggapi keluhan pelanggan, not recomended",1
"baik, aman dan cepat",5
Buat driver. Kalo dpt orderan jangan di cancel trus. Jangan maunya cuma yg dket2 aja. Yg jauh ambil. Lemah lw jd driver !! kalo ujan driver susah. besok2 tutup aja gojek kalo maunya musim panas aja,1
susah dpt driver buat antar makanan. padahal jarak resto sama jarak rmhh gasampe 2 km tp nunggu buat drivernya aja 70 menit sendiri. kacau.,2
telat terus nyari ojek,1
"bagus, dan mudah🔥",5
"susah sekali cari driver. kalo dpt driver,drivernya gk jalan"" selalu diam di tmpt",2
"kesel banget, ini app ga guna!! tiap pesen ga pernah dapet driver, tiap butuh apalagi pas hujan DRIVERNYA DAPET TAPI GA NGERESPON, MAU PESEN LAGI MALAH GABISA!!!! SERING PAKE BANGET DAPET DRIVER YG GA NGERESPON CHAT SAMA SEKALI!!",1
oke,5
GOOD,5
good,5
"Saran aja kalo sedang rush hour, tolong maximal pembatalan pesanan 30 menit aja ya. saya punya gerd tadinya hujan makannya gofood, estimasi waktu 60-70menit. Dan harus 60 menit baru bisa batal dan akhirnya pun tidak dpt driver. Tolong dong dibenahi sistemnya, kasihan penjual dan pembeli. Gerd saya kambuh, mood saya awur awuran 😌",2
"tidak bisa membatalkan pesanan gofood karna tidak dapat driver lebih dari 20 menit, tidak ada pembatalan, lapor cs juga percuma, padahal saya pesan setelah hujan reda cukup lama, sangat kecewa pada penyedia aplikasi dan driver yang semakin manja",1
"ojol sampah, banyakan lagak susah dpt driver klo hemat. dpt jg sering disuruh cancel driver dngn alasan macam2. gantian gw kerjain, gw cancel tengah jalan. aplikasinya yg gak becus. ngrugiin penupang dan driver.",1
Sangatt puas bangett Rama salam,5
lokasi driver nya jauh2,4
sangat enak tapi sayang nya aku gak tau kode promo,5
bagus,5
sangat bagus,5
👍🏼👍🏼👍🏼,5
"Gojek gak jls percuma ada diskon tp gak ada driver, udh nunggu lama ada driver nyangkut tp malah dibatakin drivernya.... driver sekarang seenak nya batalin pesanan, gmn kebijakan gojek kok bisa driver seenak nya",1
"Sebenernya sudah bagus tapi terkadang susah dapet driver, tapi yang bikin saya membuat rating 2 bukan karena itu, karena jujur kecewa aja sih, masa aplikasi yang perusahaan nya besar seperti Gojek, mengiklankan aplikasinya memakai AI? padahal banyak sekali illustrator dan videografer di Indonesia yang berbakat, saya harap di ubah, jangan di normalisasi kan.",2
"APLIKASINYA LELET , PADAHAL SINYAL FUL BUKA APP LAIN BISAAA . LELET BANGET",1
Pesen food kok bisa double sama pelanggan lain. Efek nunggu lama bgt. Gak lama bakal gulung tikar nih!,1
ya makasih,5
menyenangkan,5
Memudahkan buat jajan buat para kaum magerrr lope banget buat gojek🫶🏼🫶🏼🫶🏼🫶🏼,5
aplikasi sampah !,1
aman dan terpercaya,5
mantap aplikasi yang bisa dibjang kau hampir seluruh indonesia,5
harga ongkir sangat mahal,1
"Gojek plus gx guna, makin banyak s&k!",1
Kendala saat hujan driver susah di temukan dan sangat lama jika di butuhkan harap system lebih di tegasin lagi untuk driver yang milih milih costumer. terimakasih 🙏,3
"asli ni aplikasi, makin lama.. makin bobrok, udh error Mulu setiap pembayaran via gopay, drivernya banyak masalah",1
sangat membantu dalam kehidupan sehari-hari,4
sip lah,5
"sejak ada mode pencairan cepat,susah cari driver. auto pindah sebelah.",1
Sering sering yah kasih promo,4
tidak pernah mendapatkan penyelesaian.,1
"selalu lama nunggu, ga kek aplikasi sebelah",1
sangat mudah dan membantu kami,5
saya naik gojek mobil pas naik supir tak mengingat untuk pasang sabuk pengaman dan tak ada salam sapa saya pun lupa memakainya krna jarang naik mobil dan pas sampai Kuningan dia bilang yah Bu ditilang dan saya bilang bapak tidak mengingat saya terus kata supirnya terus bapak nyalahin saya terus saya ditilang ibu masih nyalahin saya dan tidak ramah sekali lalu saya kasih uang 150.000rb dan baru dia bilang ikhlas nih Bu?saya gak ikhlas krna saya bawa anak kecil dan dia seperti mengintimidasi saya,1
Sementara bintang 1 dulu deh. sering ga dapat driver. nunggu kelamaan. mungkin perlu alternatif lain.,1
mantap,4
aplikasinya jeleekkkk aku salah metode pembayaran ga bisa di batalin anj ga ada solusii!!!,1
"apaan,ak pesen ojek nya di tulisan ga ada yg nyantol giliran pesen ulang mlh 3 ojol yg dtng,gmn sih,apk nya tolong di perbaiki,",2
"Aplikasi nya bagus, cuma driver nya dibayar murah, terutama gofood. Ongkir Rp. 23.100, driver nya cuma dapet Rp. 6.000. Coba lebih hargai para driver. Mereka itu ujung tombak perusahaan ini bisa berjalan.",5
ok banget,5
"driver nya banyak drama,di apk Rp 190 mintanya 350",1
susah cari gocar pada jual mahal klo hujan begini,1
mantap,5
ok,5
"susah dapat Driver, baik gocar, goride atau gofood apalagi ketika cuaca hujan!",1
top,5
"aplikasi lelet, driver pada pemalas semua, gaada perbedaan antara goride hemat dan goride biasa, paling jelek deh kalo urusan nganter dalam bidang apapun, galayak",1
Ramah dan pelayanan okay,5
keren,5
tepat waktu,3
aplikasi transportasi online yg bisa kemana aja dan banyak promo cuma 3 menit udah sampe,5
"Alhamdulillah, mobilnya bersih, bapaknya santun dan nyetirnya kalem tidak tergopo-gopo. Terimakasih ghih pak. Semoga rizkinya mengalir deras, aamiin",5
MAHAL BANGET KALO MAU GOFOOD. akun ku jarang banget dapet promo yang worth it. tolong dong harganya lebih manusiawi,3
pengemudi seenaknya membatalkan padahal sdh nunggu lama dan setiap ganti pengemudi bgtu trs smpai 1 jam saya tggu..,1
oke,5
Pokoknya mantap deh naik gojek....keren..,5
OK,5
"driver tidak bagus, ada yang tdk konfirmasi trus meninggalkan begitu saja, ada juga yang pindah ke chat buat transaksi di luar aplikasi, sangat tdk mengenakkan, lebih baik blacklist orang orang nya",2
sebenar nya membantu pengiriman tp ada beberapa oknum driver yg keterlaluan minta uang tip.bagaimana cara supaya tidak dapat oknum driver tsb lg ya,3
bagus,5
sangat bagus,5
suka dengan aplikasinya.,5
"driver ranah, sabarrr",5
ok,5
drivernya sekarang malesan kalau mendung dikit ga mau jalan saya sampe nunggu 1 jam ga dapat2 driver padahal motor kecewa dengan pelayanan gojek saat ini,1
"susah cari driver kadang ambil penumpang dulu,toling di perbaiki apk nya",2
bagus aplikasinya,5
sangat membantu terima kasih karya anak bangsa,5
Mau upgrade salah mulu photonya padahal uda berkali-kali jadi malas,1
"mobil nya bersih wangi,dan pelayanannya ramah",4
"cepat, nyaman dan aman",5
sangat membantu 👌🏼,5
mantap,5
"gak perlu kasih pilikan EXPRESS,order express sama regular sama aja Dateng nya KAMI GAK BUTUH PENGGANTIAN VOUCHER KAMI BUTUH KECEPATAN N KETEPATAN.",1
bini gua jatoh di motor tapi ga ada kelanjutan.malah bilang salah sendiri,1
"bagus banget, tapi kadang drivernya salah jemput orang jadi lama, lain kali lebih teliti drivernya khususnya motor.",3
good,5
"sistem elu perlu di benerin gua uda selesai kan pesanan dan kasih tip tapi muncul lagi pop up sehingga GUA Dobel kasih TIP, kalo uda selesai jangan muncul kan lagi kaya jebakan aja",1
jos,5
baik dan cepat,5
"Makin hari driver makin slengean, mau ngirim gosend mobil mereka pada nerima orderan, tapi posisi ga pernah gerak, di chat ceklis 2 ga dijawab, payahhh pada sok semua",1
ok,5
good,5
mantap,5
gojek...pokoknya terbaik.,5
oke,5
aplikasi mantap dah pokoknya,5
membantu mobilitas kita,5
👍,5
"100x saya pakai gosend tapi 100x saya disuruh kirim SMS,pulsa saya habis disitu doang,ini kenapa ya,kok minta verifikasi terus,kan udah ke link BCA saya dengan gopay",1
mantap,5
gojek oke,5
"Armada buat di bandara diperbanyak lah, gila aja list antriannya sampe 30 update walaupun list antrian sedikit armadanya memang gk banyak, saya list antrian nomor 1 tapi tetep nunggu 10mnit+ baru mobil dateng khususnya diterminal 2 cgk",1
lamanya pencarian..dasar sampah.dapet 6 menit aja dicancel sama driver.dicari lagi malah dikasih 11 menit.emang sampah..ntar kalo driver dikasih rating jelek yg salah aplikasinya dong,1
keren banget aplikasinya sangat membantu,5
"bagus layanannya, cuma kadang titik tujuan kadang tepat dan tidak",5
"biar aku kasih tau ya gojeg pinjam nya gk amqnah,masa udh lunas tgl 7 april sekarang di tagih lagi begini cara lyanannya mending klo gk suka ngancem2 sya..😭😭",1
Ok,5
gak pernah mengecewakan,5
good,5
aplikasi keren. dan sangat membantu saya. terutama kalo lagi.mager belanja ..,5
Sulit dibuka . N tidak bs diunduh,3
Apk. ini cukup menarik. Tolong lebih di tingkatkan lagi ... 😎👍❤️🔥🔥🔥,5
Drivernya ramah dan sopan,5
Ok,5
The Best..👍🏼,5
ok,5
sangat membantu sekali,5
"Oke,",5
"gara2 1 driver saya d caci maki makanya saya kasih bintang 1 , saya baik2 chat minta foto karena apa rumah saya banyak masuk gang2 , kasian awalnya kalo kelebihan atau salah masuk gang , tapi driver malah caci maki saya dengan kata2 kotor , tolonglah gojek lebih detail lg cari driver , saya baru kali ini d caci maki sama driver daei aplikasi gojek , giliran mau saya samperin dia kabur",1
"payah. masa verifikasi nya 2 kali, kode OTP di kirim Ke WA, trs dikirim ke email. ga kaya GRAB cukup ke WA atau SMS",1
mantab,5
bermanfaat,5
enjoy,5
sgt membantu,5
Saya doakan gojek tetap sukses,5
terimakasih,5
driver pada egois malem2 pesen gocar niat mau kejar kreta terakhir ke Rangkas gagal kelamaan nunggu driver GK jalan² alhasil tidur di stasiun,1
oke,5
awesome,5
bagus dahh,5
mantap terpercaya,5
gak guna aplikasinya,1
🙏🙏🙏🙏Akun Driver Mitra Juara Langganan Gacor🙏Di Prioritasin Oderan Goride tiap Hari👍🙏🙏🙏,5
makin sini dapet driver makin susah,1
bapak drivernya ramah & hati² pake motor nya,5
semenjak ada aplikasi ini semua jadi mudah lov lov lah sekebon♥️,5
sangat membantu dan memudahkan,5
mantaaap,5
sangat ok sangat membantu,5
"gojek sekarang jelek pake banget. dulu orderan paling lama 30 menit, skrg bahkan paling cepat 50 menit. trs harga aplikasinya gk ngotak. contoh sy tadi ke gyumbox lotte avenue liat harga di gofood nasi ikan tongkol balado harganya Rp. 60.600 belum termasuk ongkir. tapi klo lgsg di tempatnya cuma sekitar 37rb, dan sdh include tax. gila sih harga di aplikasi gofoodnya mahal benar 🫠🫠🫠, dari resto dapat gede, dapat potongan dari argo juga lumayan. kacau banget sih. 🥲🥲🥲",2
terimakasih,5
"Aplikasi nya agak lelet ya, di aplikasi masih jauh, tp padahal udh nyampe di depan, tp drivernya oke oke aja",4
lama dpet driver skrng. krisis ojol. kalau dh d perbaharui. kembali bintang 5,1
banyak driver yang tidak merespon orderan .sudah nunggu lama tidak ada respon .maaf bagus aplikasi grab kayanya .respon lebih baik,1
sangat mngecewakan tiba² ada pesanan minuman pdhl ga pesen sama sekali seharian juga g buka ni apk,2
potongan terlalu mhl,5
sengaja terima orderan dari jarak jauh biar di cancel dan costumer dapat potongan 3000 /cancel karena mempertimbangkan jarak yang jauh curang bangett,1
cukup baik,4
sangat membantu disaat perlu transfortasi yg cepat hemat dan efisien waktu.,5
susah banget cari driver plerr,1
APK JELEKK BANYAK DRIVER TITIK NYA YNG DKET TP SKRG JD SUSAH GADA YANG AMBIL PDHL DEKET TITIKNYA,1
cepat dn ramah,5
SUDAH DAPET DRIVER PADAHAL DI MAP BUANYAK,3
"Pindah indrive saja, Tarif disini kadang ga ngotak...",1
cepetttt banget sampe nya,5
"jujur ya aplikasi ini tuh susah banget buat dapetin driver di situasi tertentu dan pada saat yg urgent, bayangin aja, malam malam pulang dari bus, mau balik ga ada driver sama sekali, udah nunggu berjam-jam ga dapet driver, alhasil jalan kaki, dan pas agak jauhan malah nemu driver",5
skrg dapat driver jauh2 padahal saya pakai tarif biasa bukan yang hemat,3
sangat baik,5
enak banget kalo kemana mana bisa langsung pesan gocar terus ada gofood sama gofood tapi dia makanan sehat sama ada goride,5
"Apk anehh ada rute yang lebih deket malah milih rute yang lebih jauh otomatis biaya jadi lebih tinggi hadehh, sama jangan dipisah donkk apk gopay sama gojek ngeribetin aja jadiin satu apk aja biar user experiencenya enak pelanggan juga jadi bisa ngakses banyak fitur di satu apk aja, anehh malah dipisah gojek sma gopay",1
sangat membantu,5
"Sebagai user lama gojek saya kecewa, sekarang apa apa dibuat mahal sama gojek, ongkos kirim, dan bahkan harga makanannya. masa sekarang ongkir menyentuh 25rb dengan jarak yang ga seberapa? abis itu sekarang opsi pemilihan ongkir terbatas, di gofood misalnya, kita cuma bisa milih dua kek dipaksa, kalau pilih yang murah, nyampe makannya bisa 1,5 jam lebih, kalau mahal, mahalnya kebangetan, kebelet apaan sih gojek",1
driver sangat ramah n sangat membantu saat tidak punya kendaraan 👍,5
"Ngeluh soal double order otomatis malah disuruh cancel aja jawabmu, perbaiki cara kerja aplikasinya woy!! Namanya udah dapat driver dijalan kadang gak cek hp lagi, tau² ada driver lain jemput, dicancel udah gak bisa, terpaksa harus bayar double karna kasian sama driver. Jangan² akal²an nih sengaja biar dapat orderan yang merugikan konsumen hmm",1
bagus,5
mantap jaya,5
kompakan apa gmn ga ada yg ambil penumpang.. seenggaknya dibuat otomatis ada lag satu driver yg ngambil.. otoritas akses ga sepenuhnya di driver.. akhirnya jd ngelirik aplikasi lain dh,1
ok,5
"apk busuk, bubarin aja nyari driver susah padahal udah di prioritasin!!!!",1
ok,5
"PEMBELAAN CUSTUMER 99,9% DRIVER CUMA 1%",1
sangat membantu,4
mantul,5
"Digunakan sehari hari dan sangat membantu. Masih terdapat beberpa bugs yang sangat mengganggu, tolong segera diperbaiki. Hidup karya anak bangsa!!",5
oke,5
ok,5
"gojek keren banget, saking kerennya udah ngga kayak dulu yang serba sat set. sekarang lamaaa.... bangeettt... 🫩🫩",5
cepat,5
mantul pokonya,5
"nyari driver skrg drivernya sering ngecancel dulu ga kayak gini, tapi sekarang sering alasannya selalu nyari yang searah, saya bingung org2 jadi gojek niat kerja atau tidak ya? hal2 seperti ini sangat merugikan utk orang2 yg mau brngkt saya tiap kali mau beribadah kesusahan sampe 1 jam tdk mendapatkan driver, ntah gimana caranya biar saya dpt drivernya dgn cpt dan tdk repot",1
"aman, nyaman....",5
ok,2
mantap pakai gojek,5
"susah amat sih dapetinnya. pake prioritas juga sama aja. padahal di sekitar banyak, when sih punya motor sendiri",1
sangat sangat berguna aplikasi ini karena saya selalu pergi kemana mana menggunakan apliskasi gojek pokok nya the best lah aplikasinya👍👍👍,5
cuaca hujan customer dpt driver jauh suruh nunggu gak mau malah dibatalin yg kena imbas driver dapet motif..aturan apaan ini..dasar yg buat aturan gak mikir,1
ter nyaman,5
kocak driver pada jual mahal smua. nyari driver sampe 30 menit padahal di sekitar ada driver terdekat tapi ga ada yg mau ambil.rusak rusak,1
"aplikasi makin lama makin lambat, seperti tidak ada perbaikan.",1
suka eror alamat kesetel sendiri,1
bagus memudah kan aktipas,5
JELEKKKK LAMA BGT NYARI DRIVERNYA SEKARANG,2
"aneh banget jaringan bagus, buka aplikasi lain aman-aman aja giliran mau pesen grab tiba-tiba turun, ini masalah device apa aplikasinya sih? tolong diperbaikin sebab hal ini menyita banyak waktu saya hanya untuk menunggu jaringan kembali lancar.",1
mantap,5
tolol pesanan dah di batalin malah masih di lanjutin sampai dapet driver,1
sbnrnya ga adil ya klo ada rating customer tapi customer ga bisa lihat. saya dikasih tau sama gojek yg baik klo katanya rating saya turun bahkan ada yg ngasih saya bintang satu. awalnya saya ga peduli tapi ternyata itu mempengaruhi ketika kita cari gojek. padahal saya sering kasih tips secara langsung (cash) dan bintang 5 ke semua gojek maupun gosend kecuali saya lg ga ditempat krn biasanya sy pesan aplikasi emang utk kebutuhan anak saya. bukan utk saya... ga akan pake lagi gojek kayaknya. bye,3
"mending benerin dah ni aplikasi, eror mulu kerjaan nya.",1
"aplikasi aman dan cepat, sangat membantu pemesanan gojek pada saat dibutuhkan untuk sarana transportasi.",5
"makasih sudah diantar sampai rumah, kondisi sakit habis operasi tapi didrive dgn nyaman, thx U",5
terimakasih,5
Perangkat saya tdak bisa menjangkau,1
baik,5
ok,5
sangat membantu kebutuhan perjalanan,5
add dark mode.,4
bagus,5
order sehari cuma 2 order dri pagi smpe malam. dapat petama aja malam gmna mau bayar gopay pijam klo klo cuma di kash 2 order sehari padahal mitra juara gojek tp ga dikasih order. jangan salah kan driver klo ga bisa bayar angsuran gopay pijam slah kan ke it nya yg ga mau ngasih order biar it yg tanggungjawab bayar gopay pinjan.pnya sham kecil aja ga di kasih order berhari hari prcuma gaji it SMA CEO makan gaji buta,1
"makin parah aja ini gojek, cari driver susahh, pada kemana drivernya",1
"pemesanan makanan terlalu lama dan lambat, tolong dong kinerja aplikasinya diperbaiki, masa orang laper suruh nunggu berjam jam gimana si, buruk banget",1
oke...pokoknya the best,5
baik,5
"kalau hujan susah cari Driver, padahal kondisi darurat",1
driver gk mau jembut kalo murah,1
"customer service gojek sangat tidak profesional! cuma gara2 saya login di device yang sama tapi beda software aja langsung di bekukan device saya. padahal device saya masih sama loh, hanya saja sebelum nya device saya itu saya reset pabrik, otomatis harus login ulang. eh malah di bekukan?? udah komplain ke cs gojek, gaada solusi sama sekali, mana jawabannya template mulu, sangat tidak profesional. dah paling bener pake aplikasi sebelah aja. ga ribet",1
jos,5
sangat tepat,5
mantap,5
jelek banyak driver yg harus di Suspen tuhh sekarang kenapa aplikasi gojek jadi jelek banget sihh pelayanan drivernya ..pesen sampe mau stengah jam driver nggak mau jalan ..ditanya nggak jawab di telfon nggak beles jelek banget,2
hepiii bangett pokonya kalau pakee gojekk,5
dikit dikit notif. ganggu aja.,1
mksih mas ..,5
good,5
mantap 👍,5
pokoknya mantap,5
good,3
"driver kalian semua tuh ngampung nya ngampung banget, arogan, suka kroyokan, cerobohhh",1
"sialan kenapa jaringan susah terus, lalu pakai hp milik istri kok bisa pakai hp ku susah nya minta ampun😡, ga bisa di andalkan lagi.",1
"Ini kenapa sih gojek suka ubah transaksi saya ke tunai, padahal saya selalu pakai gopay, gk pernah tunai sama sekali. dan saat mau ganti ke GOPAY gk bisa sama sekali, ini udah 3 kali kejadian gk pernah dibenerin. emang gk jelas!!!",1
coins yang di dapat dari gocats banyak yang tidak masuk terkadang ngebug dan eror. tolong di perbaiki lagi,3
aplikasi apa ini ..saya mesen gacoan 1 knpa jadi double 2 pesanan melayang uang saya 200 ribu bukan Maslah uang nya ya tapi kcwa saya saya mesen satu kali knpa jadi double kcwa skli .,1
Tambah mahal aja,4
"gangguan mulu... pdhl internet ku dipake stream lancar, tpi buka gojek doang lemot bgt :(",2
mantap,5
mempermudah,5
tampang gak pake ribet,5
membantu anak bersekolah,5
cepat,5
"DARI AWAL TAHUN SISTEM BRANTAKAN!!! TOLONG PERBAIKI SISTEMNYA, SISTEM BRANTAKAN SEMUA. DRIVER JEMPUTNYA JAUH JAUH, PELANGGAN DAPET DRIVER JAUH JAUH, POTONGANNYA DAN BIAYA LAIN LAINNYA MENINGKAT HADEHHH",1
pelayanan nya sangat memuaskan,5
gojek ok,5
so far is good..,5
"bukanya makin baik,malah aduhh lah pokoknya .. 🙏",3
ok banget,5
tmbah mahal skrng,3
ok,5
MANTAAP,5
tepat waktu,5
sangat membantu,5
ok,5
ntap,5
recomended,5
kere,5
"murah,dan aman",5
Kalau hujan sering gak dapet driver,4
bisa kagak sih di benerin untuk verifikasi muka gelap mulu padahal foto dah terang,1
bagus,5
sangat memudahkan,5
COLLAB TERBAIK NIH PAK GOTO,5
baik,5
pelayanan cepat,5
selama imo baik,5
"kenapa minimal transaksi gofood saya jadi 40.000, padahal sebelumnya 30.000. kalau masih terus begini ratingnya tetap saya kasih bintang 1 sampai kembali jadi 30.000",1
bagus tp kalo dapat tlp sinyalnya jelek,4
sekarang kalo pagi nyari driver nya lamaaaaaaaaa tolong di perbaikin lagi,1
mantap,5
"susah cari driver, dicancelin terus",1
cukup baik,5
"Nice good, Best ever 😎",5
🙏👍,5
keren si kata aku,5
cepat,5
lama benget dapet driver,3
bagus tapi drivernya banyak yang helmnya bau jadi kurang mengenakkan,5
selalu yang terbaik Terima kasih atas pelatanannya selama ini kedepannya bisa lebih baik lagi,5
Kapan ada pembayaran QRIS???,3
"weirdo app, dapetnya lama banget even udah sampe pindah ke comfort dan di prioritize, di oper oper terus, karna jauh lah apalah, and lately it feels like forcing us to to pay more in this economy💔",1
bagus,4
jgn foto muka penerima karena biometric,1
"udah lah gua uninstall nih aplikasi, drivernya pada kaga jelas, kalo kaga sanggup jemput atau emng ga bisa nganter chatnya tolong di bales lah, kita udah nungguin lama udah kaga gerak gerak tar giliran di cancel marah, kalo pengen di cancel ngomong jangan buang buang waktu orng kaga bales"", kalo kaga butuh duit mah kaga usah narik, suspend aja itu sekalian driver driver yg sengaja ga bales chat ,saya udahh batal kerja sama sama client cuman gara gara nungguin driver yg pada kaga jelas",1
sangat mudah digunakan dan sangat membantu,5
bagus,5
"bintang satu,driver aneh ribet. orang udah di bayar pake gopay. malah nelpon in terus buat di manualin. aplikasi ga guna bintang 1. bikin ribet pengguna",1
mudah dan responsif,5
DRIVER DSNI GA AMANAH!!,1
"Aplikasi ini tdk pantas dibilang baik krn skr byk oknum driver yg membtlkn jemputan/orderan mknn sepihak..MHN PERHATIAN JUGA kpd mnjmn gojek utk sgra mereport scra massal & memberhentikan 1 x 24 jam oknum driver A/N ""Florian andika"" rating 5,0 mobil agya,Palembang,dgn No.tiket penyampaian Kel.""85101664"" 04 Okt 2021 jam 18.42 WIB. krn tlh menurunkan penumpang jh dari tujuan.(diupdate bbrp X Feb 2022-03 mar 22),2024, dst blm juga ad feedback s.d 14 Jan 2026 + Gopaylater sulit diaktivasi ulang. Tks",3
pokoknyaa terbaik,5
oke,5
"jujur nyari driver selalu dapet cancel mulu, dari ribuan driver masa ga ada satupun yang mau ambil penumpang, aneh, untuk lainnya oke, driver doang sering ga jelas",2
driver atas nama arifin tarigan (BK 1248 WZ) mempermainkan orderan yang sudah terkonfirmasi dengan cara berputar-putar tak jelas dengan mobil/gocar agar pesanan jd terbatalkan otomatis. driver itu sudah dekat dgn titik jemput saya namun tak ada niat utk menjemput saya. dan pihak gojek sangat mengecewakan dalam menyelesaikan masalah yang saya alami karena tdk memberitau sanksi apa yg didapat mitra driver gocar yang dengan sengaja & jelas merugikan saya. SAYA JELAS JERAH GUNAKAN LAYANAN GOCAR !!!,1
kek nya udah 2 tahun nih mode gelap gak kelar kelar 🤣,2
"SERVER TOLOL, DRIVER RATUSAN 1 JAM KAGAK DAPET",1
"ini ada masalah pembagian keuntungan, driver jadi banyak ngeluh ama costumer. marah marah pula kalo dapetnya dikit dari app. saya bisa apa?",1
selalu lama dapat driver,1
Ok..Tempat kava mata Sy ketingglan di jok belakang.,5
tambah lama tambah males pakek gojek padahal driver banyak yg Deket tapi dapet nya yg jauh terus gak bisa buat darurat,1
"Mantap, diluar kota sangat terbantu. kalo pas lg kepingin makan/ngemil sat set buka aplikasi. Sangat membantu",5
sangat membantu,5
Tolong untuk pesanan gofood ada tombal batalkan pesanan apabila susah mendapatkan driver. maksimal 5-10 menit. kita bisa membatalkan orderan.jangan terlalu lama .... keburu lapar. ya klo di tunggu dapat driver... klo tdk dapat... keburu lemes karena kelaparan ni.klo permasalahannya driver sedikit.... di tambah lah driver nya.bukannya masih banyak yg mau jadi driver.,1
Aplikasi lelet mahal lagi 30 menit lebih gak dapat² driver lebih work it aplikasi oren,1
tolong di kondisikan driver nya ya tidak memakai atribut lengkap dan tidak berpakain rapi,1
best,5
"apk busuk. lelet. udah nunggu pesanan dateng hampir 1,5 jam padahal udah di konfirmasi. baru dikasih tahu kalo persediaan habis. apk gak guna.",1
semoga aku dapat driver gojek berangkat sama pulang ke rumah amin,5
"aplikasi yg memudahkan, topp bangettt 👍👍",5
aneh,1
sejauh ini masih memuaskan,5
kaget mudahan tiap hari murah,5
pas lah..,4
oke si,5
2 kali order gofood udah nunggu 1 jam lebih. tibatiba di cancel,1
cepat dan ramah,5
cepat driver ramah,5
"gofoodnya kasih tombol konfirmasi pesanan dong, gini kalo udah kepencet gimana??. mana cepet banget diterima sama restonya sampe ga sempet cancel, tolong lah goto update konfirmasi. gini merugikan banget saya lupa menggunakan voucher dan gimana kalo teman saya membelanjakan tanpa izin konfirmasi sidik jari atau pin",1
bagus,5
Mau masuk akun/daftar lagi pakai nomor baru ga bisa karena data diri cuma bisa dipakai 1 kali untuk 1 akun. Ini menyulitkan orang yang hp dan nomor teleponnya hilang. Bye.. uninstall gojek. Beralih ke apps sebelah👋👋👋🥱,1
Mau cancel susah karena mau ada tambahan orderan biar sekalian,1
good,5
"Sangat membantu, pelayanan cepat, tepat, depan dan ramah. terima kasih",5
puas pake gojek Poko nya mah,5
"Gimana mau dapet driver,karena Aplikator sering Menahan Order,yg Hasilnya Customer susah dapet driver,dan driver susah dapet order,inilah yg membuat Aplikasi Go-Jek,semakin Ancur,",1
"sangat buruk, tidak masuk akal, data semua sesuai, masih tidak bisa login?????",1
"kenapa resto baru siapin makanan kalo udah dapet driver, sedangkan nunggu udah sejam ga dapet2 driver, akhirnya dicancel, gajelas banget asli, mana ga ada pilihan cancel buat customer, aplikasi gajelas",1
kadang kala ga dapat driver harus nunggu sampai 55 menit. itu waktu yg sangat lama dan tidak bisa cancel pesanan sampai 55 menit,1
josss.. mudah.. dan terima kasih,5
"notifikasi iklan yang tak penting terlalu sering, tarif makin gak waras",2
mantap,5
"susah nyari driver, nunggu berjam', dulu ga pernah gini kok akhir' gini terus yaa lelet bangett",1
"sangat membantu saat malas keluar, pesan makanan cepat sampai tempat",5
jos,5
sebenernya driver dapat berapa uang si? masa cuma 5 km ongkir nya 50 RB kalau gofood. pengguna baru potongan cuma 20 RB. sehat lu nyet gojek?,1
sangat membantu,5
bagus,5
"Saya memberikan rating ⭐⭐⭐⭐⭐ untuk aplikasi Gojek karena sangat membantu dalam kehidupan sehari-hari. Aplikasi ini sangat praktis karena menyediakan berbagai layanan dalam satu platform, mulai dari transportasi, pesan makanan, hingga pengiriman barang. Selain itu, proses pemesanan cepat dan mudah, sehingga sangat menghemat waktu. Gojek juga sering menawarkan promo dan diskon menarik yang membuat penggunaan menjadi lebih hemat. Driver yang tersedia cukup banyak sehingga tidak perlu menunggu lama",5
cepat tepat hemat,5
"sorry to say ya, masa kalau hujan ga akan diambil udah nunggu hampir 3 jam dan ga ada driver yang mau ambil padahal hujannya cuma gerimis dan deket banget sekalinya ada yang ambil dicancel sepihak tanpa konfirmasi. kita ga ada payung makanya pesen gojek toh kita bayar juga ternyata hasilnya nihil. bye gojek i hate u",1
Mahal banget biaya Penanganan & pengiriman nya bused,3
oke oke,5
cukup baik,5
suka banget tp tolong di perbanyak diskon nya,5
ok pisan,5
Sudah nyari driver susah goridenya belum lagi harga argonya muskipun sudah berlangganan malah lebih mahal dari pada yang tidak berlangganan (plus). Sudah berapa tahun tidak ada perbaikan yang baik. Parah emang,1
karna gojek itu harganya terjangkau dan cepat sampai,5
3x pesan go food menunggu dpt driver masing2 satu jam dan akhir nya d batalkan oleb driver tnpa konfrim . pesan makanan total 3 jam hasilnya nihil. knp g d batalin dr awal,1
ga recomend,1
"good lah, cuma ongkir dan biaya penanganan makin mahal",5
banyak promo,5
sangat memuaskan,5
ok,5
𝐒𝐀𝐍𝐆𝐀𝐓 𝐌𝐄𝐌𝐁𝐀𝐍𝐓𝐔 𝐊𝐄𝐏𝐄𝐑𝐋𝐔𝐀𝐍 𝐒𝐄𝐇𝐀𝐑𝐈 𝐇𝐀𝐑𝐈 𝐃𝐀𝐍 𝐔𝐒𝐀𝐇𝐀 𝐒𝐀𝐘𝐀 𝐃𝐀𝐍 𝐋𝐀𝐈𝐍𝐍𝐔𝐀.𝐌𝐊𝐒𝐇,5
"banyak ojek yang gamau jemput, ada yg nerima tpi ga gerak² dari tempat saya sampe nunggu 1 jam",1
"min, pls update biar cepet dapet driver walaupun hemat dapet terdekat. karena kayak di dekat kita ada driver banyak, tapi ga nyantol samsek. hadeh.. udh berulang kali",2
program slot & hemat hapus aja !!!,1
selalu memuaskan 👍,5
knp skrg susah banget dapet driver ? mau hemat atau yg biasa tetep susah,5
ok,5
"aplikasi sampah setiap hari update aplikasi penumpang , saya driver nih sistem kalian kenapa sih gak berubah kasihan penumpang mesan selalu dapat dirver jauh 5 km SD 11km driver gak mau lah yang ada buang bensin bukan utung malah buntung Uda ongkosan kalian bikin oleh pihak kementerian transportasi terus ditambah potangan komisi 20% biaya potongan aplikasi biaya asuransi perjalanan yang keterima driver dikit lari bensin juga pendpatan aja buat sehari hari kurang belum pajak mobil service mobil",1
banyak pilihan,5
tepat waktu,5
bagussss sekali GG aplikasi nya sangat berguna dan drivernya ramah-ramah mantap dah pokoknya👍👍👍,5
mantaf,5
baru kali ini dapet driver bahasanya tidak sopan sekali. nggu anak saya blm ada 3 menit bahasanya dah kayak preman. tolong driver seperti itu di kenakan sanksi,1
aplikasi paling jelek,1
"Alhamdulillah sll dpt driver yg baik,sopan semoga BPK 2 gojek sll sukses",5
bagus,5
mnatap,5
good job,5
sangat membantu,5
perjalanan menyenangkan,5
wow,5
bagus,5
cakep,5
"NIK saya di tahan saat daftar gojek, tolong dihapus dari gopay maupun gojek",1
bagus cepat sampai,5
menyenangkan dan membantu,5
aplikasi ini sangat berguna bagi orang yang malas keluar,5
mudah & cepat,5
bagus banget,5
"orang gojek pada gak niat kerja, lama nunggu",1
oke siap,5
tolong jangan pilih kasih orderan ke driver.. sampe susah nyari driver..!!,5
oke,5
"dengan gojek kemana2 bisa jadi mudah,dan gampang",5
aplikasi yg mempermudah..paling cepet..harga terjangkau.. tingkatkan lg layanan n banyakin promo..,5
bagus,5
pesen pke gojek gampang dan mudah,5
"gausah furab atau rabun deh minnn , kendala kendala muluuu lu , lemottt. tolong lah huhu",4
semoga makin keren ni gojek,5
goog job,5
respon nya cpt ramah dan santun,5
bagus srkai,5
mantap gojek,5
bagus sekali,5
tolong tambahkan opsi untuk tip ke resto/penjual,4
sangat membantu,5
membantu,5
app yg bagus banget,5
murah dan cepat datang,5
sangat membantu,5
drivernya ramah dan bawa kendaraannya juga hati2,5
mantab,5
mantap,5
Pencarian driver untuk layanan gofood lama sekali. Sangat tidak efisien waktu.,1
mantap,5
"ribet sekang gofoodnya, mau ganti alamat ribet",1
memuaskan,5
sangat membantu disaat urgent butuh transportasi,5
responsif langsung,5
tolong dong gojek masa pengambilan saldo dari langganan otomatis ga bisaa kembali,1
good apps,5
"susah cari pengemudi, gagal Mulu, lemot",1
sangat membantu mobilitas di setiap saat.... jos!!,5
mantap,4
"setelah pakai gopay pinjam 1x nomer telepon saya tersebar,tiap hari ada telepon masuk nawarkan pinjol,hadeh nomer sya di spam telepon",1
trimksh atas jasanya,5
lama nunggu driver,1
gojek maafkan aku terlalu marah2 wkwkkw ngasih rating 2 bdhal kmu udhh selalu kasih aku promo huuuu tetep setia pakek kmu udh 12 tahunn ❤️✨✨✨✨,5
"Aplikasinya sangat berguna,bagus banget intinya 🤩🤩",5
sampai saat ini ok cuman map nya aja kurang presisi,5
good,5
oke,5
pengemudinya susah kali menerima orderan!!! terlalu milih²! lambat!,1
mantap diskonnya,5
"gofood makin lama harganya makin tdk wajar, yang pesan gofood bukan orang2 kaya tp orang yang butuh pertolongan utk beli makanan, kalau orang kaya bisa langsung makan di resto yang mahal. Harga di gofood 2x harga resto, ditambah ongkir yg selangit. Lebih baik klo tdk mendesak ga usah pesan di gofood, jangan memperkaya owner gojek.",1
trimakasih pk,5
baru pertama kali pake aplikasi gojek lumayan memuaskan,5
guna,5
sangat bagus,5
good,5
membantu sekali,5
Kasih gopay poin semakin pelit!!!!!!!!!!,1
cepat.mnatap,5
nyaman,5
Aplikasi yang sangat membantu dan pelayanan yg memuaskan,4
ok,5
gokil,5
"aplikasi mudah dioperasikan , banyak promo dan kerjasama dengan berbagai bidamg bisnis yang menunjang keseharian juga profesional.",5
"pliisss kesel banget sama app ini!! tiap kali aku order, selalu gak dapet driver! keterangannya selalu ""driver lagi pada sibuk"" padahal banyak driver yg lagi nangkring di daerah ini. kalo emang drivernya mau harga yg lebih tinggi, gausah adain promo go hemat kalo gitu. sebagai pelajar yg pp nya naik ojol sedih banget sii aku. aku uninstall aja app nya!!",1
user friendly saya harap pembagian porsi keuangan dengan mitranya (pihak merchant & driver) dapat dilakukan dengan 'adil dan sewajarnya. tanpa memberatkan pihak mitra. agar masinya keuntungan dan pertumbuhan usaha juga dapat dirasakan oleh mitra. semoga berkembang n tumbuh lebih baik serta membawa berkat.,5
kenapa mau masuk sllu d sruh instal ulang trs d sruh downlod trs pdhl uda d instal berulang hsilnya ttap aja sma d sruh instal dan downlod,3
"Tolonglah Fitur pembatalan pembelian di gofood jangan di persulit, masa kita harus nunggu lama driver selama 1 jam buat jemput makanan. sekiranya ga ada driver bisa dong kita batalin sendiri ga usah banyak birokrasi !!!!!",1
udah gua uinstal. masa gopay pinjam telat 1 hari udah di ancem2 segala .yang peting saya udah bayar lunas ga mau urusan segala sama aplikasi kaya gini . acem2 pinjam juga 200 RB ngomong apa yang ngga .ngga enak di dengar ... jaga sopan santun yang perlu di jaga boss,1
"baik,,",5
semoga ke depannya lebih baik lagi,5
baik,5
sangat mudah,5
mantap,5
pelayanan sangat memuaskan,5
baik,5
ok sip top markotop,5
pelayanan nya cepat,5
the best🔥,5
"tolong kembalikan saldo saya min, saya kena penipuan, tolong saya",1
good,5
pengiriman sangat bagus,5
sangat nyaman...,5
bagus,5
ok,5
puas,5
pelayanan bagus walau titik jemput posisi tdk pas dg lokasi tp bpnya berusaha menjemput barang sya terimakasih pak .. Tuhan memberkati bapa dan keluarga,5
"baru pakai gojek jadi cepat paham karna mudah dipahami. dan selama memakai GoRide, saya selalu mendapatkan driver dengan layanan baik dan cepat. saya harap semuanya dapat dipertahankan dari sekarang dan kedepannya",5
Ok,5
dibyar dikit drivernya,1
good app,5
lamabat banget aplikasi macem apa lebih baik maksim gojek gak prepesional,1
"kesel klo lg buru2 tp driver tdk respon, tidak bergerak, kalau tdk mau ambil cancel aja lah. jd kita ga harus menunggu lama",4
baru kali ini dpt ongkosnya free🤗,5
pengiriman makanan lamaaa skrg.,1
"Makin kesini makin susah nyari driver, apalagi klo pake yang hemat, nggk akan ketemu",3
mantuuullll,5
aplikasi membantu,4
sejauh ini puas dengan layanannya..bagus,5
rasis beda nomor beda promo,1
bagus,5
ok juga,5
mantaappp,5
"susah sekali dapat driver, sudah gitu jauh lagi titik nya kalau dapat",4
aplikasi yang sangat membantu thankyou,5
"parah, sistem aneh.terlalu banyak program dari aplikasi, sehingga banyak",1
"sering lemot, mo pake paket data ato pun wifi",3
sangat membantu sekali,5
Bismillah berkat aplikasi ini jadi sangat mmbantu. namanya jaman da smakin maju. intinya rejeki sndiri sndiri klau orang rajin brdo'an & sabar pasti ada pnumpang. juga para supir angkot . salam berkah_baik_lancar rejeki_smangat slalu 🌈✋️🙂✊️🤩💙💛,4
"masa cari driver gofood hampir 50 mnt, gabisa dibatalin juga sangat merugikan customer apalagi yg dalam posisi sangat lapar😣🍕",1
mantap,5
driver nya pada malas,1
bagus,5
"MOHON DAN TOLONG SEJAHTERAKAN DRIVER MU, KARENA DRIVER BERSERAK TAPI YANG KAYA CUMAN YANG PUNYA APLIKASI, PADAHAL DIA PUN UDAH KAYA😅 BANYAK DRIVER YANG KESUSAHAN KARENA KEBIJAKAN APLIKASI. DIKASIH MODE HEMAT KE CUST TAPI POTONGANNYA GEDE KE DRIVER, RUGI ONGKOS, RUGI WAKTU DAN TENAGA!!!!",1
saya setuju dengan aplikasi ini sangat membantu saya dengan segala hal .. sukses slalu,5
"orang lain kasih rating tinggi supaya yang lain bisa baca keluhan asli mereka supaya yang lain tau jeleknya aplikasi ini kek apa, tp gw ga sudi harus ngasih rating tinggi ke aplikasi yg bobrok kayak gini, driver nya jg banyak yg nyebelin skrng",1
sangat terbantu n membantu berbagai keperluan,5
seru naik ini walaupun kadang drivernya kebanyakan lama waktu penjemputan tapi sikap para driver nya sopan dan rapih,5
"susah cari driver, sekalinya dapat driver bilang ""MASIH MAKAN"" dan gamau cancel",3
mantap lah pokok nya,5
make gojek udh bertahun tahun baru ini mesen gojek ga dapet dapet driver nya tolong dong di evaluasi lagi,1
"loading lama, setiap buka aplikasi selalu stuck di loading terus",1
aku sangat membutuhkan aplikasi pesanan makanan secara online,5
memuaskan 👍👍👍,5
"punya driver pada gajelas, orderan dibatalin terus pada ga niat kerja",1
pesanan cepat driver supel,5
aplikasi buat saya pulang sekolah,5
keren,5
mantab,5
"ribet, tiba² keluar dari akun segala, gmn sih gaje bgt.",1
makin nggk jelas,1
sangat puas,5
update makin lama dapat gojeknya,5
lama banget cari driver nya,1
mantap tapi mahal 😭🥲,5
gojek penjajah,1
👌,4
jadwal pengiriman nya lama banget,1
puas,5
Aplikasinya sekarang jadi sulit order GO-SEND,4
snga membantu,5
ok,5
kerennn,5
"kenapa beberapa hari gojek sulit sekali ya,",3
jempol,5
driver mengumpat di restoran ketika mengambil orderan mohon di tindak. di Kota Tanjungpinang,1
aplikasi suka gjls driver kebanyakan muter dan gangguan bikin penumpang nunggu lama,1
notifikasi berisik 😮‍💨,2
puas pelayanannya,5
buruk,1
good,5
gopay latter nya katanya legal tapi cari nagih nya kek kont,1
Driver datang tepat waktu,5
👍,5
untuk gojek Tolong di perbaiki LG sistem pengiriman instant pada e-commerce agar lebih respon dan cepat LG dalam mengantarkan barang ke pada konsumen jangan di perlambat,1
nih gofood GK jelas bnget..dari kemarin yg di cari apa yg keluar apa..dah saya coba perbarui apk tp tetap aj begitu.. sekelas gojek masa iya pencarian nya kacau balau..sya kan jdi GK bisa order Krn yg di cari GK muncul.,3
bagus,5
cepat tepat amanah,5
"pelayanan respon barang saya tidak ada atau tidak cepat ,barang saya ketinggal di dalam mobil driver ,driver nya enggak tanggung jawab , sedangkan barang nya itu obat""an saya",1
sukaaa,5
Kadang aplikasi nya eror dan penunjuk driver nya gk berfungsi,3
pakei gojek sangan membantu untuk efisiensi waktu trus tingkatkan pelayanan,5
nice,5
memudah kan urusan,5
puas,5
luar biasa handal dan sopan mksh,5
"aplikasi sering bermasalah di metode pembayaran. sudah memilih Gopay, tapi tiba tiba berubah ke tunai saat order. ini sangat mengganggu dan bisa merugikan pengguna. harap segera diperbaiki!!!",1
sesuai harga,5
oke sangat membantu,5
sangat membantu perjalanan,5
puas,5
pinjaman ga pernah telat selalu bayar giliran pinjam lagi di tolak 2 x pula ga konsisten,1
tingkatkan terus pelayanannya,5
mantap,5
"yang benar aja nunggu cari driver gofood sampe sejam,udah lapar nunggu sejam gak bisa di cancel harus sejam dulu aplikasi gblkk perbanyaklah driver daerah Kalsel terutama di Banjarmasin",1
top,5
cepat terukur,5
good job,5
murahhh,5
driver baik tdk mngecewakn ramah,5
Ok..mantappp,5
aplikasinya mantap,5
sangat membantu,5
"untuk driver2 gojek , tetap lah jadi orang baik terima kasih 🙏",5
"pelayanan luar biasa bagus, banyak diskonnya, terimakasi banyak gojek telah berjasa saat aku males keluar buat beli makan❤️",5
gojek gopay sy ko berkurang ya walau tdk di pakai. harusnya 54 jadi 46. tiba2. jadi ngeri klo nyimpan gopay lama di aplikasi gojek. padahal hp sy cuma sy yg pegang,4
baik dan lancar tanpa hambatan,5
cepat sigap mudah digunakan,5
mudah sekali,5
"hampir 9 tahun pake gojek aplikasi nya bener"" mewah, fasilitas oke banget, good app!!",5
"pelayanan ok,driver ok",5
tapi saya nggak pernah pakai,5
"kasi murah dong untuk anak sekola, dulu aku download gojek karna cuma 8k eh ternyata itu cuma pemanis di awal doang, pas uda 4/5 kali pemakaian jadi 15k, lumayan bgt buat anak sekola",1
"Tolong beri fitur nonaktifkan notifikasi promo, itu mengganggu banget. Masalahnya tidak semua hp punya setting khusus untuk mematikan promo tanpa order ikut mati juga. Di Xiaomi ada jadi cuma notif order yang bisa masuk, sedangkan Samsung begitu nonaktif semua notif gak bisa masuk termasuk orderan. Ribet & gak lucu 🙄",3
simpel dan sesuai,5
lokasi terdeteksi,5
mempermudah aktivitas keseharian saya,5
"driver banyak ko stiap mau order hampir 1 jam, aplikasi macam ini ini gojek gak bisa di butuhin pas darurat kapok make gojek mending pake aplikasi sebelah jelas.",1
gojek is the best,5
sangat ramah,5
knpa perjalanan -+ 60 km pake motor ga ada!,1
"pesan apa saja susah dapat driver, dan pada jauh2, bikin kapok customer",1
bagus,5
"definisi aplikasi makin lama makin jelek, lagi buru buru mau berangkat ehh ini aplikasi lemot banget padahal sinyal lancar aja. dapet driver juga lama dan selalu jauh dari titik jemput, go food makin mahal padahal yang masuk ke saku driver cuma sedikit. makin lama makin busuk, bikin istighfar setiap kali make aplikasi ini",2
cepat lancar dan mudah,5
ngeselin aplikasinya. buat order gojek aja nunggu sampe 20 menit baru dpt driver. bisa beralih k yang lain kalau begini terus,1
baik,5
untuk saat ini pelayanan bagus,5
Drever baik dn sopan,5
kembangkan lagi. semangat gojek indonesia.,5
good,5
good,5
that simple,5
top,5
bgus aja,5
mantap 👍,5
"1 jam lebih nungguin driver cuma ngantar makanan ga nemu2, kalau memang ga ada driver kasih option batalin tanpa harus nunggu berjam2 baru bisa di cancel.",1
"gojek sekarang susah bgt dapet driver, padahal ga hujan sekalinya dapet driver malah yg posisinya jauh apk nya ga jelas anehhh",1
baguss,5
Bagus Murah Cepat Praktis,5
sangat bagus,5
mantap !,5
lebih cepet dan gak ribet,5
Mantap!!!!!!,5
good,5
"sangat membantu , memudahkan dan melancarkan perjalanan kita",5
ok,5
"perbaiki dong, titik lokasi udh sesuai sama alamat udh gue cantumin juga patokan, jalannya, alamat lengkap.",1
"DAH SELESAI UNINSTAL, TAMBAH KESINI TAMBAH NGACO, ORDERAN DI DOUBLE2 OLWH DRIVER, JADI NYA LAMA BANGET. DAH... CUKUP. GA PAKAI GOJEK LAGI. SANGAT MALAS PAKAI GOJEK LAGI.... PAKAI YG LAIN LEBIH CEPET DAN LEBIH MURAH",1
drivernya pada belagu,1
Terimakasih Atas Konfirmasi dan Vertipikasinya,5
Beda sama aplikator sebelah🗿,5
Bagus banget,5
"susah dapat driver buat go food, mana gabisa dibatalin, orang lapar disuruh nunggu driver yang gak pasti, ujung ujungnya dibatalin sistem sendiri kocak",1
jujur aplikasi ini klo buat ngirim barang kyk bgsat udh di ilangin opsi jaminan kirim dll ttep maksa include ujungnya nmbah biaya,1
selalu gunakan gojek puas sama pelayanannya,5
sangat membantu,5
mantapp,5
sangat berguna,5
mantapppp👍👍👍👍👍,5
kirim gosend lama banget cari drivernya,3
"pelayanannya parah, bobrok",1
"simple,drivernya juga ok",5
"tolongg dong, aplikasi nya lemot bgtt lelett muncul nya padahal sinyal bagus, jdi kalo mau mesen apa2 jadi lamaa, perbaiki nanti ganti bintang",3
oke,5
amazing,5
makasih go jek,5
min kok roomchat untuk gosend ga ada? klo mau ngirim foto ke driver jdinya ga bisa dong gimana sii,4
lagi flash sale apa - apa ga bisa di klik di go-food,1
membantu saya pergi walaupun jarak jauh,5
bagus,5
tanggapan nya cepet,5
"semakin lama driver gocarnya semakin ga jelas,komunikasi susah suka cancel padahal udah nunggu lama tanpa konfirmasi dulu.",2
kenapa akhir-akhir ini apk gojek eror tadi saya pesan makanan tapi tidak sesuai dengan harga yang ada di driver nya untungnya Abang driver nya balik lagi untuk konfirmasi kalo gojek nya eror dan minta dicabut laporannya,1
mantap,5
mayan,5
solusi tepat waktu lapar gak perlu masak..,5
sangat puas,5
"apa banget dah gojek, drivernya di chat pada gadibales, kalo gabisa jemput bilang gabisa, nunggu 10 menit belum jalan dari titik awal... ada juga yang tampilan awalnya gerak tapi pas ditunggu tiba tiba balik lagi ke posisi sebelum jalan, buang buang waktu doang",1
"Terbaik, semoga semakin banyak promo biar saya bingung milih grab apa gojek..😉",5
bagus,4
"pesanan lama, ongkir mahal padahal jarak dekat sekali",2
pokok nya the best bngt deh pakai gojek bakalan setiap hari ini mah pesen nya,5
DENGAN ALASAN KEJAUHAN TARIF TIDAK SESUAI DIBATALKAN KAN KITA NURUT SESUAI APLIKASI DAN TIDAK ADA DISKON,2
sangat membantu,5
cepat,5
uda lah lelet mahal susah dapet driver,1
mantap,5
drepernya ramah baik brkendaranya hti2 mksihh yaa,5
sangat membantu dgn adanya gojek,5
mantap,5
"sangat efesien utk kami yg selalu mandiri dalam perjalan,di manapun tinggal buka aplikasi ini tanpa kesulitan bagi kami yg selalu tadak tergantung dengan keluarga,nyaman,amam dan dapat dipercaya,thx...",5
parah tau2 pesan makanan langsung blank layar apk gojek gak bisa klik batal tau2 dapat driver mana makanan nya mahal harus ganti..nge chat driver malah nyolot bilang alasan klasik di chat cs gak bisa nanggapi emang dasar robot...kecewa poko nya saya mau hapus gojek gak pakai gojek lagi pilih apk lain aja kapok gojek sering kaya gini..mau makan lapar jadi gak nafsu makan gara2 terpesan sendiri makanan yang gak di inginkan kecewa,1
"nunggu ojol yang ngambil makanan skrng butuh sejam? ( itupun kalo ada yg ngambil), ini saya udh dua kali begini. mengecewakan",1
lelet bgt si,5
mantappo,5
"kalo Gak niat jadi driver gak usah jd driver yaa kak, udah sering dapat driver bertingkah!! suka marah2",1
membantu,5
tolong dibantu aplikasi kok tidak bisa buat transfer Saya top up peecuma,1
lagi sakit di rumah ga ada orang yg ada go food ya sdh di go food in aja,5
oke,5
"sangat jelekkkkk ...tiap mau ajuin hanya PHP ,harus nunggu dan nunggu lg",2
aplikasi dewa... bang saipul jualan gas... ada limpul kita gas,5
pokonya lebih nyaman sm gojek,5
"transfer uang ke bank berhasil tapi tidak masuk uang, baru tidak pertanggung jawab, hati hati klo sudah kejadian lepas tangan GO-PAY nya",1
Bikin perjalanan lebih hemat dan praktis,5
ga ribet,5
"halo grab sebenarnya aku gak mau ngasih rating bintang 1 tapi jujur melihat kamu memakai AI untuk kebutuhan aplikasi di banding ilustrator, membuat kamu kayak aplikasi murahan padahal kamu kan aplikasi yang udah mendunia banget, aku sebagai orang yang mendukung industri kreatif jujur kecewa dan sangat jijik melihat aplikasi yang sebesar Grab memilih memakai Ai, maaf ya grab kamu keliatan kayak gak modal dan menyepelekan industri kreatif, semoga ke depan nya di kurangi ya penggunaan Ai nya",1
mantap 👍,5
mantap,5
"aneh banget gojek sekarang, cuma cek harga brpa aja langsung terpesan tiba2",3
Kita jadi lebih bisa memilih moda transfortasi,5
terimakasih,5
"untuk daerah seperti padang, payakumbuh sangat sulit dan lama untuk dapat driver",3
Sering disuruh menunggu2 terus sampai berjam gak mau membatalkan pesanan meskipun belom ada driver alasannya restonya rugi padahal mana ada restonya rugi kan drivernya belom dapat alasannya ngasal aja,1
tolong diperbaiki.. saat pantau maps gosend ga gerak... bingungin,1
lama gak sesuai apk,1
Susah dapet drivernya,1
good job,4
Gojek hebat,5
bagus bangett drifernya baik²,5
Bagus,5
"toleransi waktu untuk driver trlalu lama, jarak driver dan titik jemput hanya 2 km, toleransi waktu sampe 2 jam. padahal jalan gk macet pergerakan driver gk jelas. saking lamanya toleransi waktu jdi driver pada nyepelein jdi customer hrus nunggu lama!!! last pake gojek",1
"menarik, dan bermanfaat bagi anak sma ketika ga di jmput kluargane🤓🤓",5
gojeg sangat membantu terima kasih,4
"Sebagai orang daerah menggunakan kendaraan online selalu dihinggapi rasa was was tapi kali ini sebaliknya ada rasa aman sekaligus nyaman karena drivernya ramah dan mau bercerita tentang berbagai pengetahuan yang iamiliki, salus teruskan sikapmu sungguh mulia dan berkesan.",5
"susah cari driver,pernh udh pesan nunggu lama2 malah dicancel,",3
"kesal,pesen go shop untuk belanja obat (urgent),3kali cari driver tdk ada yg mau ambil.sangat kecewa,padahal posisi urgent banget",1
makin lama apk makin lelet masa mau pesen smpe 10 menit buat ngaturnya,1
sangat cocok,5
ok,5
"kok mahal sih gofood argonya, mana ga ada promo",1
ok,5
pengirimanya cepat,5
ok,5
good job👍👍👍,5
"Sangat membantu keseharian, bagus cekatan,",5
sangat puas,5
OKE,5
mantapp,5
banyak promo,5
parah parah paylater masih juga blm di aktipkan balik... sudah lama juga ga pakay......,1
good,5
kami sangat membutuhkannya jika kami tidak ada kendaraan/tidak ada yang antar jemput,5
so far so good,5
sangat mudah bepergian,5
setelah di update kok malah bug parah.. lelet,3
pelayanan cepat,5
cepat,5
"mohon dikoreksi gojek, kalau kami cancel karena driver gak gerak dan dihubungi gak bisa ya jgn kenak potongan dong. moso cancel kena denda 3k. aneh loh",3
"ini kenapa sih sekarang tiap bula gojek tulisannya tidak ada internet, padahal internet lancar kuota ada hadehhh",2
"loading masih suka lambat, informasi cuaca (hujan) sering tdk sesuai dgn kondisi di lokasi.",3
good,5
bagus,5
sangat membantu,5
murah cuy,5
bagus ... jaketnya baru .. helmnya dibungkus ..harum,5
"kdg pesen makan lama dpt drivernya,bisa 2jam lebih dpt driver klo hujan",3
Kenapa sulit sekali registrasi nya sekarang? tidak seperti dulu.,3
good,5
ok,5
untuk kali ini saya beri bintang 5,5
sippp,5
okay,5
good transportation,5
ok.,5
"sangat membantu..cuma akhir"" ini aplikasi suka tiba"" keluar sendiri,jadi harus buka lagi",4
baik berkendara,5
memuaskan sekali,5
mantap pelayanan cepat,4
"Saya pelanggan setia gojek dan sampai hari ini masih setia, tapi kenapa skrg jelek sekali pelayanan aplikasi ini, cari driver susah dan sering sekali dpt driver yg jauh shg harus nunggu lama... kecewa",2
"keren sih,cuma entah kenapa sekarang susah banget nyari ojek nya kek nunggu lama duluu atau kalo ga ditambah gitu.Apa karena BBM naik 🤔",4
good aplikasi,5
"app lelet, susah dapat driver.",2
"saya salah order resto, sudah berusaha pake bantuan CS tapi gak bisa di cancel, mungkin kedepannya bisa di bantu proses cancel Krn salah order merugikan customer yang ingin mengganti orderan yg di tuju. kita kesusahan cancel pesanan yg tidak sesuai",2
mantap,5
"udah hampir 1 bulan, ga tau kenapa driver gojek susah banget, pdhl sudah di jwb menuju kesana dan tdk gerak. makanan jg sering cancel. payah banget, apalagi kalau urgent.",1
tepat waktu,5
bagus,5
terimakasih ya pak,5
aplikasi yg bantu banget,5
kok jelek bgt ya skrg .. beli pulsa aja gagal terus .. devinisi mempersulit bukan mempermudah. kecewa deh. 😭,3
ok,5
ok,4
Ok,5
"skarang mkin ribet di buat , kendala suka double orderan ,sama sekali ga bisa cancel",1
membantu,5
kadang macet sedikit,4
ok,5
kadang kadang sulit nyari driver,4
nice quality delevery food,5
ayo buat terus promo menarik,5
"saya hampir 6 tahun pake gojek,sekarang gojek g seperti dulu.. pesen food hampir 2 jam baru nyampe rumah pesen goride hemat / reguler sama ajj,dapet driver jauh jauh.. sekarang pesen food lebih enak pake shope lebih cepet. kalau goride pesen indri,dapet driver nya cepet + deket,lah kalau gojek dapet driver nya hampir 3km sampai 4km.. bye bye gojek..",1
cukup membantu...,5
"untuk login saja ribet sudah otp wa otp gmail, nunggu kirim kode otp di gmail 3hari blm ada kabar hadeh makin rusak parah, sudah saatnya gojek bangkrut",1
terbaik,5
okeyy lah,5
"klo mau kasih order ke driver rada ngotak dikit bisa kan......penjemputan jauh jauh ndak ngotak semua....,klo ndk paham situasi di jlannn.....carilah driver terdekat bisa kan.....klo kayak gini terus pelanggan lama lama bisa pindah ke aplikasi lain.......sampai sini PAHAMMMMMMM..........!!¡!!!!!!",2
"gofood makanan, 3x dibatalin mulu",1
apk nya mudah digunakan,5
minimal buat rating customer bisa diliat sama customer sendiri driver rating semena-mena sedangkan customer diminta untuk selalu ngasih bintang 5 ke driver 🤓,1
Bagus,5
pesanan cepat dan dapat di andalkan,5
"jarak di google maps 6km kurang, di aplikasi gojek 9,8km, ko bedanya jauh banget, ini ko bisa seperti ini??? selisih nya lumayan ke ongkos juga jelas beda jauhhhhhh",2
Aplikasi Mantul,5
bagus,5
"Makin jelek pelayanannya, kalau grab makanan siapin makanan dulu nunggu 1 jam ujung2 nya gak dapat driver waktu terbuang nungguin mending pesan lain saja",1
memuaskan,5
bagus,5
"susah banget dapat driver dan itu berkali kali kejadian, pesen makan harus nunggu sampai berjam-jam. masa dari sekian lama nunggu gak nyantol mana gak bisa di cancel",1
"membuat pelangfan harus tunggu lama, driver seenaknya suka membatalkan pesanan, tidak pernah ada hadiah untuk pelanggan, suka memberikan voucher hadiah yang tidak bisa digunakan, tidak punya kontak cs yang bisa dihubungi",1
suka ajaa,4
"rating 4,7 kaya tidak mencerminkan ini aplikasi - Driver ga motor/ mobil pada belagu kaga mau pick up, dichat no respon, maps ga gerak ampun dahh, balik ke taksi konvensional aja - gofood biaya layanan over bgt, minim promo, better shopeefood sekarang",1
enak pake gojek.,5
driver nya gamau Nerima orderan ku lama banget nunggu lebih sejam ga ada driver yang nerima,1
"GOJEK INI DZALIM KE DRIVERNYA KAK. KALIAN CS BAYAR FULL KAMI DAPET HIKMAH NYA AJA JALAN MACET LUBANG HUJAN BADAI KAMI LALUI. ALASAN KALIAN SUSAH DPT DRIVER KARNA DRIVER MALES DENGAN TARIF YG TIDAK SESUAI, DRIVER SEPERTI KERJA RODI. LEBIH BAIK KALIAN PAKE APLIKASI SEBELAH BIAR MAMPUS GOJEK.",1
nicee,5
keren,5
"user gojek jaman sekarang trlalu manja jalan becek dikit ga mau jemput udh 10x cancel gila 👿👿👎👎😾 padahal user gojeng punya rating 5,0 jalan becek namanya baru slae ujan. emng ujan kita yng atur gblk, kalo pada ga mau roda motor kena jalan becek di pakein sepatu proyek woy",1
"Kecewa sekali, hanya 1 kali telat bayar Go Paylatter. Akun di blokir dengan alasan di review ntah sampai kapan...",1
"tiba tiba di cancel dari pihak gojeknya, terus promo hilang semua padahal sudah top up",1
suka sekali sama aplikasi ini,5
bagus pelayanan nya,5
"kelaparan nunggu nyari driver buat jemput makanan, ini gimana sih wilayah Banjarmasin kekurangan driver kah? kalo kurang mending buka rekrut besar besaran buat drivernya, nyari kerja aja udah sulit apalagi jadi mitra ojol",3
ok,5
"aplikasi sering error, tiap kali order semua driver tidak bergerak",1
sangat membantu di saat emergensi,5
"gimana sih udah lama lama nunggu. driver nya ga jalan jalan mana di chat ga di bales bales, klo ga mau ya udah tinggal bilang kan enak jadi ga nunggu lama",1
"Akhir2 ini kenapa lemot banget ya aplikasinya. Ketetagan internet mati, padahal internet lancar, buka aplikasi sbelah juga lancar",1
baik sekali,5
sangat membantu dan bisa diandalkan.,5
"sepanjang perjalanan ini, Alhamdulillah sangat bermanfaat.",5
Sekarang lama banget gofood...kalo pilih extra baru cepat dapat driver...,1
aplikasi sehat,5
"Driver gojek paling males ambil penumpang, selama saya pakai ojol, susah cari driver, kirim barang lewat Tokopedia jg sama ga ada mau ambil pesanan barang dan satu lagi patuhi aturan berkendara di jalan raya ( nyerobot ke jalur busway dan naik ke trotoar)",2
segini dulu ratingna 👍 dh coba topup 75k dan coba pake ke rumah loading mulu saldo dianggap gak ada kurang malah gimana mau tumbuh berkembang dan bersaing dengan kompetitor layanan n nyamanan kurangnggg,1
emang pake ini terus sih.. soalnya jarang gunain.. males instal aplikasi lain.. gojek terus berkembang sejahterakan driver juga ya..,5
aplikasi yg smart,5
"aku bolak balik pesan pulsa kok bisa transaksi gagal? padahal no telp sama pinnya benar, mohon diperbaiki",2
Ongkir mahal driver dapetnya kecil..potongannya gede amat,1
sangat bagus.. 👍👍👍,5
blm puas banyakan lelet ngaco,1
mantap,5
sangat membantu sekali... terimakasih gojek dan para driver nya,5
"Komplain yang disampaikan tidak bisa diberikan jawaban yang jelas. CS tidak ada gunanya. Dari Windu, Winda, Wataru. Ini 3 nama CS yang proses komplain saya. done uninstall. edit: ka mita, kenapa saya mesti email lagi dengan masalah terkait? Gojek tidak periksa sendiri keluhan yg udah saya sampaikan di aplikasi?? kenapa harus berkali2 ajuin keluhan???",1
lama dapet nya terus ambil yang 25 ribu pada gada yang mau aneh,4
bagus dan keren,5
"kalau perlu pas mau dijemput driver, plat kendaraan nya di tampilin biar langsung ngerti yang mana driver nya",4
"driver nya cancel trs aneh,udh itu nyari driver nya lama bgt",1
"sekarang kalo di gofood udh gk bisa dibatalin, alhasil kemaren saya pesan makanan tanpa disengaja gara-gara lcd lg trouble",1
"LELET MAHAL,,CARI DRIVER LAMA BANGET UDAH GITU SEKALINYA DAPET AKU CHAT ORANGNYA KATANYA MOHON DI TUNGGU UDAH DI TUNGGUIN MALAH DI CANCEL SE ENAK UDEL",1
"amanah ,cepat dan ramah",5
mantap,5
muantap,5
emang skrng lama ya min dpt nya?,3
oke,5
sangat membantu 🙏,5
very good boy,5
bagus,5
mantab,5
bagus,5
"dih gajelas dah gojek,masa gak bisa ganti pembayaran ke gopay, padahal saldo gopay cukup,gak ada limit juga, gak ada pemberitahuan apa2, eh malah gak bisa ganti pembayaran ke gopay, gak rispek wok padahal kan udah di tf in ke gopay, eh ujung2nya make cash shibal😒🤬😠😞😭 padahal udah update,udah nyoba segala cara buat benerin,eh gak bisa",1
"ngeselin tiba tiba saya pesen ojek jadi 2 kali padahal saya pesen satu untuk lokasi berbeda malah tiba tiba kepesen kedua kali dengan lokasi yg berbeda juga, ni kenapa si kalau banyak yg make suka error gitu malu malu in aja",2
mantap,5
sangat baik,5
lebih cepat,5
terima kasih atas pelayanannya,5
good,5
oke,5
Mantap,5
lumayan,3
"woy gojek jgn terlalu byk potongan buat driver, yg susah customer!!! skg susah buat dpt in driver",1
Driver tepat waktu,5
bagus bagus bagus,5
sangat membantu terutama untuk orang mageran seperti saya 😂,5
sikap dan pelayan baik,5
"ngelag banget njim, aku pakai grab aja lancar",1
ok,5
👍,5
mantap,5
ok,5
kecewa sama aplikasi ini.. 1 jam gak dapet2 driver. padahal di medan kota. tolong lah perbaiki kinerjanya.... jangan sampe pelanggan pada lari ke aplikasi sebelah !!!!!!,1
tepat waktu is the best,5
aplikasi sering error,1
lama nyari driver nya,1
muantap,5
"disc promo digofood tidak ada, gojek plus tidak ada.. pesen makanan jadi mahal banget.. sedangkan di aplikasi teman saya ada disc makanan",1
bagus.bintang *****,5
"tolong fitur telp nya di perbaiki, buat angkat telp susah matiin susah, suara jadi gak jelas. jadi kita susah komunikasi sama driver",3
top global,5
sangat membantu perjalanan aman nyaman 👍,5
aplikasi nya mantap,5
mantul tul tul....,5
membantu,5
"sampah ,gofood Udah disuruh konfirmasi rumah dan orang nya yg mana,fitur chat fungsi nya apa kalo didiemin?disuruh minta foto buat konfirmasi apa susah nya sih ,Duit ga dibalikin juga main antar ke orang yg salah",1
"paling gak suka kalau udah bayar mahal untuk pesanan makanan express, kan niatnya agar datangnya cepat ya, tapi driver selalu saja lama untuk mengambil makanan. Akhirnya, jadi sama aja kayak reguler tapi lebih mahal saja. Menyebalkan sekali.",2
nice app,5
ok,5
mantap,5
susah dpet driver,1
bagus,5
memuaskan. mohon diperbanyak.promonya untuk yang menggunakan pembayaran cash,5
"aplikasi go invest,terjadi kendala di penjualan. tolong di bantu yaa admin",5
good job,5
"nyari driver kaya nunggu jodoh dateng lamaaaaaaaa pdhl yg dkt byk, gojeg skr beda sk yg dulu kasian driver & custumer alhasil uninstal aplikaai n pindah k apj lain baayyy👎",1
Menyenag kan,5
bagus banget jadi gk pusing lgi berpegian dengen aplikasi gojek,5
puas,5
driver selalu ramah dan asafeti,5
ok,5
"kocak jir posisi driver ada yang dekat, tapi malah di dapetin yang jaraknya jauh bukan sekali dua kali",1
ok,5
bagus,5
ok,5
Gooood,4
sangat membantu,5
Sangat membantu mempermudah hidup. ❤️,5
mempernudah hidup 🥰,5
"gojek aplikasi parah mau pesen tiket KAI engga bisa terus, mau di batalain sama aja engga bisa, sedangkan uang nya sudh masuk kacauuuuuuuu",1
IKLANNYA SANGAT MENGGANGGU 🙏🏻,1
membantu di saat anu😊,5
ok,5
driver nya baik semua,5
Pengemudi Gojek Di Purwokerto Banyumas Drivernya Kurang Banyak Dan Masih Banyak Driver Terlambat Dalam Penjemputan,3
"trims, untuk kenyamanan dan keselamatan pengguna. drivernya ramah dan cepat respon untuk pencarian cepat. semoga tetap sukses di tengah persaingan. salam sehat untuk semua team",5
simpel,5
"kenapa ini kok tiba2 semua promo hilang di gojek, gak ada satupun resto yang pake, walaupun nyari di kategori ""banyak promo""",1
Mantap Gojek setiap Rejeki datang Jangan pernah kau tolak karena Anda Memang Butuh Itu,5
"Udah booking dua hari lalu , berharap dapat cepet , eh tetep aja nunggu lama , mana sampai kena cancel dua kali , 😞😞😞",1
"kalo bisa lebih intuitif, lebih ringan aplikasinya",4
bagus banget,5
"okelah permudah kita yg butuh beli makan butuh kendaraan tpi mls keluar dan malas jln nyari kendaraan ,tpi lbh ok lgi klu byk discount nya 😁",4
sangat membantu sekali 🙏🏻,5
tingkatkan terus aplikasi gojek👍,5
"makin kesini gjls,di apps tinggal 2 menit lg nyatanya sampe 10 menit masi ga dtg2",1
banyak promo dan aplikasi nya bagus sih bahasanya mudah di mengerti,5
gojek tolong tanggungjawabnya. gosend kalian gk aman sama seklia. saya kirim parcel sehrga 500 rb ilang gk ada tnggung jawab. katanya mediasi tapi susah kusebutkn tgl jam malah jatanya aku gk respin. gila kalian ya. gk amanah mending pakai SPX,1
"apalah gak jelas, gopaylater tiba2 bs, pas urgent gak bisa, layanan goride tiba2 lagi ramai, masa gak ada 1 driverpun.",4
tepat waktu,5
"mantap membantu sekali , top gojek indonesia",5
"terpercaya, cepat, sangat membantu",5
"sekarang cari driver susah banget, padahal driver di Deket gw banyak banget. mana harga normal sama harga hematnya jauh bgt bedanya. ini emang sistemnya yg konyol atau gimana?",1
ok,5
ramah dan nyaman,5
ok bgt,5
oke,5
oke,5
"setiap bulan pasti naik ini,,,",5
memuaskan,5
"untuk patokan harga kemahalan, lebih mahal dari kompetitor sebelah, sering for close apk nya, banyak masalahnya nih.",1
sangat memudahkan perjalanan,5
"dikasih voucher goride hemat,tetep susah cari driver akhirnya tetep pake reguler. mending langsung reguler aza tapi driver deket sama posisi custumer. ga harus nunggu lama.",3
gojek paling murah apa KRNA sering pakai gojek.,5
"gojek sekarang kok beda Ama yang dulu dulunyA cepat sekarang kok lemot lama Skali dapat drivernya, Skali dapat jauh drivernya lama lama 😡",1
mantap,5
Alhamdulillah semoga selalu mendapatkan berkah amiin.,5
pelayanannya cepat sampai tujuan dengan selamat terimakasih,5
"tolong manajemen drivernya lebih diperhatikan, ini saya sudah pesen sebelum jam rame ttp gak dapet. gak tau emang drivernya gk bersyukur ato emg dari pihak gojeknya saya gak tau tapi ini jelas menyusahkan saya",1
sering merasa tertolong dgn adanya gojek,5
mantab boss,5
"min tolong sekali utk para driver jika tidak bersedia ambil orderan segera fast respon balas chat. setidaknya jgn buang waktu customer utk menunggu supaya bisa cari driver lainnya. karna kan kita tidak tau waktu customer itu sedang buru2 atau tidak. oke lah jika menunggu 5-10 utk balasan, ini 20 sampai 30menit lebih, menurut saya itu cukup buang waktu yg seharusnya bisa dapet driver lain ini malah tidak ada jawaban.",3
bisa d bantu untuk daftar,1
👍👍,5
ok,5
ok,5
driver goride sekarang banyak yang tidak punya uang kembalian. di tarif 37 ribu ahirnya malah mbayar 45 ribu. kere semua dan bikin tidak nyaman,1
ok,5
mntap,5
"gofood nya ga jelas, buat waktu habis, alasan sudah jelas tapi pas buat laporan , hasilnya mengecewakan, kalau bisa hapus aja gofood nya ini, pengembang nya busuk ga bagus ngatur nya, hapus aja gofood nya dari sistem",1
"pesen gomart udh sejaman driver nya 3 kali ganti ngga ada yg mau Nerima,keburu kaper",1
"gak bisa claim voucher GORIDEAJA sekarng katanya udah di claim padahal belum, waktu itu 2 minggu gak bisa klaim juga yang GORIDEAJA dengan alasan tidak memenuhi syarat. Tolong ya",2
sangat membantu👍,5
mantap n oke,5
🙏🙏🙏terimakasih gojeg...,5
mudah cepat dan singkat,5
bagus,5
"untuk pemesanan gofood harus menunggu sangat lama mendapatkan driver, dan opsi pembatalan juga menunggu sangat lama",1
"udah nunggu lama, driver ga dpt"" sekalinya dpt langsung dincancel, punya driver milih"" pada nolak rejeki, prioritas ataupun express ga ada gunanya kyk sama aja dengan biasa, memesan makan hampir 3 jam drivernya pada ngecancle ada masalah apa sii gojek dan gofood",1
"apk ini baguss banget, dan memiliki banyak promo setiap hari nya😇",5
setiap order gofood lama terus dapetin drivernya sampe di cancel resto terus,1
ok,5
buruk. penemuan driver lama. pembatalan sulit,1
kasih ongkir lebih murah dong,5
terima kasih,5
makin susah dapet driver,1
parah bgt driver pada ga mau ambil padahal msh jam 10 mlm beda kayak grab,1
mantap,5
aplikasi sangat bagus,5
SUSAH BANGET DAPET DRIVER GORIDENHA MAU HEMAT ATAU BIASA SEKALIPUNNYA APALAGI SAAT UJAN. KALOPUN ADA DI CANCEL SM DRIVERNYA. TLG YA GOJEKK PERBAIKIII. TLG BGT PERBAIKIII INIMAH HUHUHU GABISA PULANG GUE JADINYA DN BERALIH KE APLIKASI LAIN😭🙏🏻,1
"Aplikasi paling lelet, selalu tdk sesuai titik jemputan. Go food parah, sering menampilkan pengantaran TEPAT WAKTU, padahal lebih sering TELAT. Dan sulit membatalkan pesanan kecuali melewati dari batas waktu estimasi pengantaran makanan. Ini penipuan. Jika saja masyarakat bisa dgn mudah menuntut, kalian sudah pasti gulung tikar. Lucunya lagi, kalian dari pihat gojek cuma bisa balas ulasan kritik dgn kalimat mohon maaf atas ketidaknyamanan anda. Parah....",1
👌,5
"diskonnya banyak banget, dan murah murah, lebih mudah mendapat mobil dari aplikasi gojek di banding kan maxim",5
gacor,5
"susah dapet driver nya, pdhl dulu gampang. kecewa dengan layanan yang sekarang!",1
gbs didownload,1
aplikasi yg bagus,5
nice,5
hehee berguna bangett.. tapi kadang-kadang suka males kalo dapet driver jutek.. tapi aplikasi inii bergunaa bangettt,5
"pihak gojek yg terhormat sebenarnya saya ngak suka review jelek karena bisa merusak rejeki orang ,tapi yg ini keterlaluan sekali hari ini saya order go ride dan selama hampir 3 atau 4 kali para driver seperti tidak mau melakukan penjemputan dengan sengaja mengambil jalan memutar sampai lebih dari 15 menit padahal titik awal penjemputan hanya 3-4 menit. begitu terus sampai berkali-kali. jadi saran saya lain kali mohon dikenakan sangsi bila ada driver yg seperti itu karna saya udah langganan",3
"udah skrg tarifnya mahal, susah dpt driver, udh gitu kadang pesanan digantung sama drivernya",1
"aplikasi tidak menghargai customer. udah 1 jam lebih nunggu pesanan makanan tiba tiba nggak ada driver yang bisa pick up makanan nya. pesan ulang disuruh nunggu sejam lagi, nggak ada kompensasi pula dari pihak sana.",1
"PENIPUAN GO PAYLATER!!! sudah hubungi pihak nya malah mempersulit, tidak ada solusi!! Kronologi : pesan gofood suda dapat driver tp tidak jg jalan drivernya, hubungi pihak resto jg gabisa bantu, pesanan tidak bisa dicancel, aplikasi stuck. lapor ke pihak gojek nya gabisa bantu juga apa apaan, tiba tiba hari ini ada tagihan paylater 500.000 padaha tidak pernah sekalipun menyebarkan pin/sandi dll. TANGGUNG JAWAB DONG klo bisa rating 0 ataupun minus pasti saya rating 0/- SEMOGA BISA LEBIH RESPONSIF",1
susah nyari drivernya,3
sekarang kalo mesen gak pernah dapet susah banget dapat nya sekali dapet jauh banget gimana sih padahal saya mesen mlm sekali pun tetep ada pas saya mau pulang ini kok di persulit ya saya tinggal di Sumatra sulit sekali rasanya dapet drive oke lah kalo mlm aja ini terkadang sore pun susah dapet,1
mantab,5
mempermudah,5
"jelek bgt, masa udah pesen makanan nunggu 1 jam an ttp ga dapet driver mau cancel gabisa, giliran pesen lagi ttp kaya awal, dih",1
Ongkir penipuan diubah ketika order. Menunggu driver sejam tidak bisa dibatalin. Makin lama makin kacau.,1
"ya allah driver gojek knapa sih, susah bngt dpet buat gofood smpai di batalin. pdhal cuman beli nasi padang yang notabennya gak antri dan lngsung d bngkus gak nunggu masak , orderan jga gk sdkit 🥲",2
buruk,1
puas,5
"kenapa susah banget dapet driver nunggu 1 jam gak dapet dapet sampe harus di cancel. kasihan buat resto yang udah masakin makanannya, dan voucher juga hangus jadinya. padahal lokasi Deket dan strategis tetap gak dapet²",1
mantap,5
"jangan pake gojek susah dapet driver food nya terus lama pula, cc gojek sukabumi",1
"lama bet, walaupun yang mahal juga, dasar ngerugiin waktu, maaf tidak jadi sebuah alasan, karna kau dah buang waktu ku",1
"tidak ada respon dan lama, sekali cancel harga naik tidak wajar",1
bug di game gocats jika klaim gopay coins di tugas--tantangan. gopay coins tidak masuk ke riwayat transaksi,2
aplikasi aneh.. orang2 pada mikir lebih mending aplikasi lain... asli ga bohong gw.. dzolim ke mitra juga kan elu.. ckckck,1
"parah. sudah bbrp x susah bgt dpt driver saat malam. pdhl masih jam 18.00 pun udh susah dpt. blm lagi harus tunggu +- 50 menit lebih baru bs di batalkan. orang kelaparan lalu tunggu 1 jam baru batal, ujung2 harus pesan ulang nunggu 1 jam lg. tolong lah perbaiki sistemnya",1
mantap,5
keren,5
sangat susah mendapatkan driver baik goride ataupun gofood sekali dapat driver ehh lama banget tolong diselesaiin permasalahan driver untuk gojek,3
sudah berap kali mesen go food udah lama naunggunya ngga taunya ngga ado sriver yg ambil pesanan. kecewa banget dengan gojek..,1
"Pesan food nggak sampai 1km tapi mahal bgt sampai 14000, mana masih nunggu lama bgt lagi, belum lagi nanti kalau batal tidak dapat driver Udah nunggu lama, bayar mahal masih tidak dapat driver Mohon banget di perbaiki lagi !!",1
intinya bintang 5,5
puass,5
"gojek sistem aplikasi nya diperbaikin lagi donk, kasian drivernya pada jemput nya jauh2 saya dapet driver dtg ketempat titik saya masa nya jauh banget,jemput nya bisa 4kg sampe 5kg hrus nunggu lama",2
sangat baik dan bagus,5
tolong kemanan ya di tingkatkan dan penyelesaian masalah tolong cepat,5
Susah buat cari driver,1
"setiap nyari driver pasti lama banget alasannya banyak yang booking lah, trus pas udah dapet driver pasti yang jauh jauh dan suka cancel? kaya kalo gamau di cancel gausa cancel anjirr bikin lama aja trus juga nyari 1 jam lebih padahal di Indonesia banyak banget ojol masa sibuk semua engga kan? heran banget sama ojek ojek yang ga nerima orderan cuman karna jauh/gamau tapi giliran gofood aja pasti tuh cepet mending pindah maxim aja dah asli",1
makin kesini makin mahaaaall aja lu!! tapi buat drivernya potongan gila banget gedenya... kasihan driver.. masih enak zaman nadim laaahhh.... sekarang mah banyak tikus² rakusnya.,1
terus tingkatkan pelayanan & kwalitasnya jadilah ojol terbaik masa kini,5
"drivernya baik dan ramah ,mobilnya bersih",5
ok,5
"makin mahal, wkwk",1
tolong nih ya kalo drivernya gk mau nerima harga yg mode hemat mending gak usah di adain deh pake segala protes ke penunpang. kan apknya sendiri yg nyediain yah harus terima dong lagian org waras mana yang milih harga mahal padahal ada yg lebih murah. gak semua manusia Sultan bro,3
mantap,5
terima kasih,5
Pesanan Selalu Di Tolak Oleh Pihak Gofood Nunggu Pesanan Makanan Saya Hampir 1 Jam Kecewa Saya Di Kasih Rezeki Nolak,1
aplikasi tolol,1
Alhamdulillah.. Mantapp 👍,5
"lama lama pindah aplikasi , nyari driver susah sekarang yang ride",1
diskon nya mana anj,1
mantap,5
Mantap,5
Dari terakhir bulan puasa sampai sekarang susah dpt driver dan selalu lama nunggu nya. Ini udh nunggu 30 menit driver GK DTG jg ke lokasi jemput dan 30 menit tunggu buat dpt driver,3
"sekarang susah banget dapat driver, tolong dicek mitra kalian, udah kalian gaji sesuai engga!!!!!",1
mantap,5
"makin parah potongan gedhe banget, 19.500 bersihnya 11.200 kepotong 8.300, 42%",1
lama dapet ojolnya parah dan udah lama nunggu d cancel,1
ok,5
Tepat waktunya,5
sangat membantu aktivitas saya. terimakasih,5
lelet.. susah dpt driver.. pesan makanan hrs nunggu berjam2..,2
pokoknya bagus dan layak 5 bintang!,5
"sekarang gojek kalau pesan makanan lama dapat drivernya, biasa bisa sampai 1 jam. selama ituu dapat driver. kirain bakal sekali aja lamanya, ini setiap mau pesan lamaaaa. bisa sampai 1 jaman, mana gak bisa di batalin lagii. udah minta bantuan di cs ny tetap gak ada solusi, malah ttp disuruh nunggu sampai 1 jam duluu, adohhhh jelek sekarang aplikasinya. tidak worth it untuk dipakai, bukannya memudahkan malah menyusahkan",1
"belakangan driver dan penumpang diberikan layanan yg jauh, minimal 1 km. bukan berarti tidak sabar menunggu, tp kalo pelayanannya harus menunggu lama (1 km di tengah transportasi) maka saya kemungkinan akan menggunakan layanan lain yg lebih mudah mendapatkan driver dekat dan lebih murah",2
"aplikasinya sih bagu, tapi kadang driver nya di acc tapi engga jalan. itu sih bikin kesel min, makan waktu juga udah di telfon di chat gak di bales.",4
"siap"" sebntar lagi aplikasi sampah ini susah dpt driver wkwkwk terutama food",1
"Oke, terus tingkatkan promo/diskon 🙂👍🏼👍🏼",5
"gojek makin jelekkkkkkkk, sistem eror terus, mau bayar pake gopay tp dibilang saldo gak cukup pdhl jelas2 cukup",1
pergantian nomor hp hilang gagal terus,1
Makasih,5
ok,4
lama nyari driver nya di cancel Mulu sok iya bgt,1
Aplikasi jelek! Gara-gara lu terlalu kapitalis sama sistem dampaknya jadi merugikan driver bahkan customer! Gue jadi harus nunggu lama gara-gara lu seringkali lempar orderan gue ke driver yang JAUH dari titik jemput.,2
cepat dan nyaman,5
pelayanan yg selalu okeee mantappp gercep gerak cepat,5
tidak bisa memberi respon ketika sudah memesan driver,1
"selama saya menggunakan aplikasi ini sangat membantu saya jika ingin berpergian jauh, sangat di rekomendasi untuk download apk gojek. sukses trs buat para gojek di seluruh Indonesia!!!",5
lumayan,5
Good,5
kegedean ambil keuntungan dari driver nya,1
aman & nyaman,5
"good applikasi, sangat membantu sekali",5
cepat dan sopan,5
tambah aneh perjalanan driver gak bisa di lacak,1
terimaksih banyak...,5
Oke Oke.sip,5
top,5
mantap,5
"gojek, tolonglah dibuat cepat datang nya lagi perlu kyak gini malah booking rame",1
hapus program blitz,1
"driver ny kaya ga niat cari uangg, nyari driver kaya nyari harta karun saking susah nya. antara susah/driver milih milih wkwkwk",2
SISTEMNYA LOLOT BGT MESEN MAKANAN SEJAM LEBIH GA DPT DPT DRIVER,1
👌👌👌👌,5
di pesan gk ada respon,1
oke,5
"saya mau protes. saya sudah bermain pawsome catch 2 kali dapet bonus win skornya 650, kenapa 200 gopay coinnya tidak masuk?. saya sudah cross-check berkali kali tapi ternyata gopay coinnya memang tidak masuk",1
Fast Respon,5
jelek banget,1
"padhl ga dh pecet cancel eh ga ke cancel, sengaja apa gmn nih",1
selalu lama kalau mencari driver,1
nyaman,5
baik,5
"makin lama bukannya makin merakyat malah makin menguras lho GOJEK ini. terutama, menu harga di GOFOOD terlalu sadis padahal diresto harganya ngga sesadis itu & para driver pun juga ngga dibayar sebanyak itu.",2
"Bertahun2 pake aplikasi ini hal paling menyebalkan yg gprnh di benerin sm aplikasinya itu soal chat, knp sllu centang 1 klw lg urgent ad ap2 dikbrin susah drivernya yg bkin kita cekcok sm driver, tlong dong jgn rating doang bagus tp ampas sistemnya",1
gojek mantap,5
kenapa gojek makin jelek. gofood maps nya ga gerak gerak. 1 menit lagi tapi posisi driver ga ada di maps. infonya 1 menit lagi tapi udh 45 menitbga nyampe nyampe.,1
bagus,5
"Sering telat, bobrok banget",1
best,5
sekarang kok loading nya lama bnget padahal jaringan hp bagus,1
"kalau emang gak ada driver kasih kita cancel bukan malah nyuruh nunggu sejam itu pun belum tentu ada driver, karna gw sering nih driver baru ada pas dha nunggu sejam trs harus nunggu lagi makanannya siap, padahal kalau dari awal bisa cancel juga resto gak akan rugi orang makanan juga belum buat, mau untung, cs juga di komplain slowresp tidak mendengar keluhan cust dan bahkan jwb sangat tidak membantu suruh tunggu bapak dia ku suruh tunggu, buang' waktu saya sejam nunggu mikir kalau ada otak",1
"sangat baik, cuma kenapa internet hilang2 terus",5
kok di manja malah makin jadi..promonya malah sama sekali GK ada lagi di aku,1
semakin mahal ongkosnya.,1
mantap,5
"apk dan cs nya sama-sama ga bisa diandelin. Gua nunggu driver selama satu jam, padahal dari posisi driver ke titik jemput cuma 8 menit. Dan setelah gua nunggu slama hampir satu jam, pesanan gua dicancel. Ngerugiin orang bgt",1
bagus,5
"driver lu jagoan semua ya,dh tau salah tp ngotot",1
"banyak mitra yang melakukan vandalisme dijalan raya, tolong ditindak tegas mitra yang buruk.",1
oke,5
"uda beberapa hari ini digofood ga ada promo sama sekali, semuanya ga ada, gocar goride semua mahal juga",1
👍,5
good drive with gojek id,5
bulat bulet,2
langanan❤,5
"ngga bakal pakai gojek lagi, 1 jam nyari driver ngga ada yg nerima dan sekali ada yg nerima langsung di cancel, karna itu hampir ketinggalan bis, kalo cuaca mendung goride dan gocar pada ngga mau ambil order mending suruh keluar aja dari pihak gojek, customer buru2 dan butuh eh drivernya seenak jidat cancel",2
semua cs nya tidak sopan,1
nice drive,5
coba dong sambungin ke ovo juga biar kalo saldo gopay hbis kan bisa pake ovo,5
topppo,5
goodddd,5
suka sekali,5
sangat membantu dalam aktivitas sehari-hari,5
bagus,5
apaan internetmu mati pas otp gmail terus otp wa pake apa? ga pake internet,1
mantab cepat,5
biaya penanganan.. semakin lama semakin mahal,3
"keren, terima kasih",5
"dituduh penyalahgunaan promo, kita ini tinggal beli dan pakai promo aja, tapi kalian semena mena bekuin akun orang. yang bikin tombol kan kalian, sesuai prosedur kalian, tapi kita yang disalahkan. ga bakal saya pakai aplikasi ini, padahal saya sering beli pakai gofood dan langganan gojek plus, tapi kalian gak tau terimakasih sama customer. pelayanan buruk, cs buruk.",1
semoga ga susah cari driver,5
mantap,5
untuk saat ini oke pemakaian aplikasinya,5
ok,5
"Saya pesan Mi aceh di sebuah resto, tapi yang datang ifumie dengan pengantaran prioritas dan terlambat. Nah muncullah notifikasi bahwasannya bakal dapat voucher atas keterlambatannya, tapi tidak ada voucher tersebut setelah saya cari. Komplain lah saya dan kasih bukti juga, tetapi dari pihak cs nya malah bilang tepat waktu. Selanjutnya saya komplain tentang menu yang salah, eh dibilangnya malah sesuai. Bukan bermaksud apa², saya udah bayar untuk gojek plus dan memilih prioritas",1
sangat membantu,4
ok,5
"Gojeg tak mampu mendeteksi alamat gang, jalan sempit , jadi kalau kita mau kirim barang yg muncul alamat jln besar",2
mantap,5
Bagus. Baik.,5
"driver lo penipu, bilangnya ga ketemu titik udah disamperin malah malak, habis itu bilangnya aplikasi ga bisa dipake sampe senin karna pengiriman barang tidak bisa diselesaikan, pas gw tf malah pengiriman selesai.",1
menyenangkan. makasih,5
good,5
mantap,5
apk perjalanan terbaik👍,5
Aplikasi yang bagus,5
Joss..memudahkan,5
mantap,5
sangat kecewa dengan aplikasi dan Mitra GO-JEK.,1
"biasa aja,",2
aplikasi lelet.. gambar GK muncul.. mau pesan gofood GK ada gambarnya sama sekali..,1
mudah bangett,5
bintang lima,5
bagus oke,5
nice,5
sangar bermanfaat guys buat pakai aplikasi ini karena lebih mudah dan murah,5
baik,5
pelayanan bagus dan ramah,5
memberikan kemudahan dalam tansaksi,5
TERBAIKK,5
Sang Penyelamat,5
mudah2n Gojek bangkrut,1
bagus... penjemputan cepat..,5
nyaman,5
best,5
sangat bagus dan membantu,5
yang paling murah,5
oke,4
mati kelaparan nunggu makanan via gofood mana gak tau hub cs harus bagaimana.,1
mantap jayaa,5
klu cuma bikin kastamer nunggu lama mending hapus aplikasi ini,1
bagus dan nyaman,5
setelah di download knp hp saya langsung down ya. di hapus aplikasi nya lancar jaya. koq bisa seperti ini gojek,5
"gofood nya bermasalah,udah pesan makanan,udah nunggu 1 jam an ehh tiba tiba dibatalin sama sistemnya,eror x,bintang 1 broooh,tolong di perbaiki laa,kalok emang ga bisa yaudaa ga bisa gitu,ini udah nunggu lama lamaa kan",1
aplikasi ini tidak mau nolong hati hati kepada bapak ibu jangan pernah pakai aplikasi inib,1
jos,5
gak banyak membantu...,1
oke punya,5
"Aplikasi ini makin lama makin nyusahin. Gara gara kebijakanmu yg gajelas bikin promo gajelas yg motong dari uang driver akhirnya banyak driver ogah ambil orderan , dan cust susah dapat driver. Kebangetan !!. Dikaji lagi deh tu kebijakan tarif nya , ini aplikasi mau mempermudah apa nyusahin ?",1
sangat membantu banget,5
tolong kalo sudah lewat 30 menit tanpa dapat driver otomatis batalkan orderan gofood jangan biarkan kami customer menunggu lama tanpa kepastian dan kelaparan,1
"bagus tapi tolong buat apk gojek nya kalau nyari driver menit nya jangan lama"" karena orang juga punya urusan pribadi buat apa lama"" ujung"" nya ke cancel juga kalau gaada driver",3
"muak banget sama aplikasi ini,udah pakai layanan express tapi lama banget dapet drivernya, gabisa batalin pesanan tapi malah disuruh nunggu 30 menit lebih, kalau ada kendala disuruh pakai bantuan chat tapi cuma muter-muter doang pembahasannya, mending pakai aplikasi sebelah",1
"jelek banget, nunggu 3 jam lebih driver gofood ga dapat dapat. mana orang lapar lagi",1
"jelek ga ada solusi, udah nunggu 2 jam udah mau di anter malah di cancel dri sistem udah tau orang lapar, cs ga ada solusi, gausah make gojek lagi",1
gofood cari driver lama 1 jam pengambilan makin jauh yg deket ada padahal,1
update teruss,1
"keamanan kurang, pengaduan barang tertinggal call centre hanya menggunakan robot. sampe skrg hp sya yg tertinggal di gocar Tdk di kembalikan oleh driver",1
"sangat membantu bagi saya yang ke mana-mana sendiri, harganya cukup terjangkau",5
good,5
"Sopir nya pada belagu, pada ga punya sopan santun, nunggu blm smpe 10 menit dicancel, agak jauh dikit jemput nya, ga mau ambil, suka kebut kebutan, suka marah marah, mobil bau rokok, ga punya etika. Ajarin etika dong sopir sopir lo. Jgn cuma nyari untung doang lo.",1
"segini dulu, jelek soalnya",1
parah nunggu lama d chat gk d respon driver tiba2 gk mau jemput parah2,1
woii adain pembayaran via danaa!!!! oiya lupa ongkirnya juga murahinnn!!!,1
"hmmm sekarang udah lebih stabil tapi belum ada penjelasan beda perdetik waktu itu malah naik 1800 tiap kali ubah order. ya kali naik keadaan sama cuaca tambah parah berkali kali dalam kurun waktu 30 detikan, jadi waktu itu gk jadi.",4
"terimakasih Gofood, Go-Jek",5
gojek oklah,5
"settt susah bgt nyari driver, padahal bersliweran di sekitar, ngehe lahh buang buangin waktu, mending di apk sebelah sekarang pdhl dari dulu pakenya gojek",1
"mudah, murah dan aman",5
"kenapa setiap aku pesan makanan di Gofood itu selalu di arahin ke kota? padahal rumahku kabupaten. mana di tulisannya jaraknya 2-3 Kilometer an, tapi pas di chek out malah 23 Kilometer. kasihan ke ojolnya harus jalan sejauh itu. perbaiki lah, padahal aku aktifin lokasi sama dah kasih lokasi rumahku malah di arahin ke kota.",1
ok bgt,5
penolong disaat kepepet,5
"aman, nyaman dalam perjalanan",5
salam satu aspal,5
Subhaanalloh.. Hari ini sungguh mengecewakan. Sebenarnya ini sudah bbrp kali sy alami. Energi sy sudah habis mau cerita. Udahlah. Rating 1 aja. Capek banget,1
Suka dr dlu sm aplikasi ini,5
"yg bnr aj lh, saya udh masukin 2nomor yang berbeda (itu nomor saya), tp malah masuk akun org, gmn ceritanya cb (gmail jg punya saya), tp tiba² beda gmail. jd gmn saya mau buat akun?, pake akun org lain? saya pesennya?",2
"lelet banget gofood nunggu sejam bru bisa cancel, buang buang waktu",1
driver lu kemana?? pada tewas kah??,3
sangat membantu Terima kasih,5
"Mengecewakan, kalau tidak bisa diperbaiki saya pertimbangkan UN install, pindah ke apk lain.",1
lama dapet driver gofood,1
"Saya cukup kecewa sebagai user yang baru kembali menggunakan Gojek . Hari ini Saya menggunakan fitur beli barang di apk Gojek , Namun Saya tidak dapat driver untuk membelikan barang . Awalnya harga yang tertera normal , kisaran harga juga sesuai seperti yang saya cantumkan. Namun setelah beberapa saat , setelah mencari driver ke dua kalinya , Harga yang saya cantumkan jadi 3 kali lipat . Alhasil setelah barangnya datang , Saya harus membayar dengan harga diluar nalar tsb.:) 💔",3
👌,5
"top up gopay duit gak masuk, complain gak ada follow up, emang gampang cari duit?",1
"Baru nyoba pesan gak dapat driver ini bagaimana??? Tolong di tingkatkan driver nya,emang pada sibuk kah??🙏🙏🙏",3
bagus,5
2026 cari driver go food makin syuliit!!!,2
"gak jelas nih gofood 3 kali order pske harga ongkir mahal tetep gak dapet driver , nungguin kalian pesan makan keburu asam lambung naik bangke emang",1
aplikasi jelek programnya jg jelek.....,1
sudah 5 kali pesan gofood. selama 2 jam an tapi nda ada yg ambil oleh drivernya. saya kecewa berat,1
"sistem kapitalis yang tidak masuk akal,membuat aplikator mengkambing hitamkan driver. Kalau punya hati,lebih baik perbaiki bukan mencaci",1
ok,5
"pesan makanan lewat gofood. pakai pengiriman express yang dijamin tepat waktu, udah nunggu sejam lebih. ternyata dibatalin sepihak sama gojek nya. padahal di chatbot pilih lanjutkan pembelian berkali2, bersabar menunggu. ternyata direspon sama gojek dengan status ""diBATAL-in"" oleh gojek nya sueddiihhh nya perut ku, meronta-ronta",1
pokoknya makasi banyak untuk gojek,5
Jooss pokok nya,5
"pelayanan pencarian driver sangat buruk , bisa sampe hampir 1 jam ga dapet² gilaaa, mending pindah ke sebelah sih ini lelet bener",1
memuaskan,4
baguss,5
aplikasinya jelek merugikan penggun dan driver jgn di dunlon ya ntr hapi di haiker,1
"untuk gocar nya knapa ya kalo sekiranya ga ada niat buat narik aplikasinya ga di matiin aja , bikin php orang sama buang buang waktu aja 3x pesan dapet ga di batalin langsung, giliran udah lama nunggu baru ngebatalin jemputan aneh , tolong dong yg gitu gitu di benahin lagi , inget waktu adalah uang dan hargai customer jangan sampe bikin kesel customer . .",2
thank aman berkendaranya,5
"jadi susah cari driver, dapet nya jauh jauh mulu",1
nunggu drivernya lama bgttt ada kali sejaman hadehhh,1
masa nunggu sampe satu jam masih gk sampe² yang bnr dong seleksi orang jadi driver,1
mantp,5
bagus,5
ok,5
ini kenapa map nya nge bug lokasi di map udh bener tapi tulisan lok nya salah,3
"Mudah,,Cepat",5
ongkir gofood mahal banget🥲🥲,3
"makin ke sini makin lemot, pengen liar riwayat aje muter muluuu",2
ngsih driver jng yg jauh kasian penumpang dan drivernya,2
bagus,5
ngelunjak,1
lelet cari orderan kalau sekarang mah,3
driver gofood lu pada males semua,1
kendaraan banyak gak mau ambil padahal jarak cuma.3km ongkos 20k pada gk mau ambil pihak gojeg kurang bagus ke pelanggan yah,1
"susah dapat driver kalau memang sdh ga mau kerja lagi nanti kita buat aplikasi lokal saja, alasannya jam sibuk pdhl sdh jam 23.00 dan saya melihat ada driver yg dilokasi. untuk beli gofood jg susah mau dibatalkan sdh buang waktu",1
drivernya pilih². tidak mau jarak dekat. cari driver 10 menit tdk ada yg mau ambil,1
mantep,5
sangat membantu,4
sebenarnya mah ongkir nya mahal banget di bandingkan harga beli nya,2
"tolong buat driver yg udah tua"" di berhenti kan kasian masih byk yg mudah"" gesit",5
"biaya2 di gofood udh ga masuk akal! jasa antarnya dekat masih wajar, tp bayangkan, beli makanan 30rb, kena biaya jasa ga jelas 25rb. orang gila mana yg mau order?",1
"heran, gw yg gak di respon driver tp justru tarifnya makin di naikkin terus setiap mau order ulang. kocakkk",1
"saya pesan gofood dari jam 18.00 baru dapet driver jam 18.51 ,sudah saya chat ke Cs nya buat batalin malah muter"" gak jelas penjelasanya .. lamaaaa dapat drivernya !!!!!",1
sehat2 ya pak,5
sejauh ini cukup bagus dan membantu👍🏻,4
"akun baru tiba-tiba di blokir karna katanya ngelakuin pelanggaran, di pake juga belom",1
"bagus,cuma kadang ngelag,amanah jugaa",4
penggunaaan mudah cepat dan menyenangkan,5
Suka sekali,5
"ongkos terlalu mahal, padahal sudah berlangganan gojek plus",1
membantu bgt,5
aplikasi bego lemot responya ga ada gafaham dah gimana ini sistemnya,1
adakan pembayaran via dana pls 🙏,4
"Gue belakangan asli kesel banget, kalo pilih mitra yang emang niat kerja gitu loh. Sering banget udah dapet driver tapi driver gak jalan terus dengan seribu alesan gak bisa ambil orderan, ujung-ujungnya minta cancel. Padahal menurut gue tarif juga sesuai bahkan gue kalo bayar itu gue lebihin bisa sampe 2x lipat, dievaluasi lagi mitra mintranya yang memang sering di cancel atau mengcancel customer. Merugikan customer banget, gue pake GRAB langsung dijemput tanpa BaBiBu",1
"driver nya gak jelas, suka sengaja menjauh dari titik",2
"Pesanan Go food sering telat, CS bisanya Maaf doang",1
sangat membatu di saat di butuh kan hingga semua beres,5
"setiap kali pesen gocar, gocar tidak bergerak dan sopir di telpon tidak bisa di hubungin tolong di perbaiki lagi",2
jadi aplikasi sampah ga guna..nunggu driver lama...makanya jgn orientasi cari untung aja...,1
ok mantap,5
"Susah cari gocar, sudah dapetpun sampe nunggu 2 jam. Cari yang lain masih nunggu lama, terpaksa di cancel dan naik taxi aja.",2
Desain aplikasinya mantap dan layanannya memuaskan 👍,5
bagus,5
tolong perbaiki map delay,3
bagus,5
hebat,5
ADS,1
keren,5
samgat puas,5
bagussss,5
"susah cari driver, driver bisa cancel seenaknya",1
tiap pesan gocar selalu lama dapatnya lalu diterima tapi tidak jalan-jalan. kecewa bgt !!!,1
bagusss,5
"Please, Gojek, adain FITUR 'Jangan ajak ngobrol'. Soalnya kadang capek ngeladenin driver yg sering curhat. Malah pernah juga dicurhatin masalah selingkuhannya. Masalahnya aku tuh ga enakan kalo mau cuek tuh. Please, lah, yg ini butuh banget. Apalagi kalo pas lagi capek di jalan. Males ngobrol bawaannya.",5
"kenapa kok jalan yang pendek gabisa rusak apa gimana apk ini tolong diperbaiki ya, sampah banget padahal cuma deket suruh pastikan jarak jangan tolol deh klo buat apk ya sebagai pengguna ya menyesuaikan jarak dia mau kemana kenapa kok malah gabisa suruh pastikan jarak dan gabisa dilanjutkan pilihan saya TERUNTUK DEVELOPER TOLONG DIBENAHI APK NYA JANGAN ASAL MAIN PASTIKAN LOKASI LAGI DAN GABISA MILIH YANG UDAH KITA CANTUMKAN PADAHAL DARI PENGGUNA SUDAH MEMASUKKAN JARAK YANG MAU DI TEMPUH.",1
yeeyy kenyangggg,5
driver nya baik,5
aplikasi aneh bin ajaib. kasih rating 1 saja,1
Mantab dan lancar,5
"mantap, semoga Istiqomah",5
Ok,5
Makin kesini makin susah dapat driver,1
bagus banget..cepet sampai nya,5
👌,4
bagus,5
kenapa siih driver mobil itu selalu cancel kalau order hujan2. emang ga niat banget kerja.,1
"kenapa jadi kaya gini yaa gojek? lemot, belum lagi lama dapat drivernya, udah milih harga biasa jga tetep lama dapat drivernya. ada masalah apa ya?",3
saya kecewa dengan gojek uang saya di bawa pergi katanya mau di tukarkan tapi sampai saat ini ridaki kembali,5
"kesalahan pada orderan dan respon lama, minta foto makanan yg diorder, tapi respon lama. yaa sudah dikasih ke orang makanan yg ga sesuai orderan. keburu basi, uninstal dahh ga rekom",1
anjay,5
admin nya sampah,1
setiap nyari gosend sering dicancel...,1
bagus,5
mantap,5
"kalo pesen gofood udh nunggu lama, trs dibatalin, gadpt kompensasi apaapa",2
pesenan aku sering di batalin huh😡😡😡😡😡😡😡😡😡😡😡😡😡😡😡😡😡😡😡😡😡😡😡😡😡😡😡😡😡😡😡😡,1
on time,5
"tidak transparan dalam ratting costumer, sedangkan driver dengan mudah mengetahui ratting nya. sangat tidak adil.",1
"tolong dong diperbaiki jangan iklan doang yg di bagusin, 2 hari paket instan saya baru di pu, orderan paket ga ada yg ambil",2
nhebantu bgt kalo saya lagi ribet,5
bgus,5
bagus mengentas pengangguran,5
huhhh,3
bantu bgt kalo laper TPI males keluar atau masak,5
terlalu lama vlcari drivernya padahal didepan Mall cityplazza banyak driver sudah nunggu 30 menit mau kirim paket.masih gak dapet driver,2
aplikasi gak jelas,1
keamanan kurang yang gampang dicuri,1
mantap,5
"saya sudah menghentikan iklan di amplifikasi, dan mengajukan penghentian iklan di bantuan. tapi tagihan masih berjalan kok di anggap tidak ada apa apa. masalah nya saya sangat keberatan dengan biaya iklan karena tidak ada pesanan sama sekali selama ikut iklan. dalam satu tahun saja hanya beberapa pesanan yang masuk",1
bagus,4
Susah banget sekarang kalo pesen gofood ga dapet driver hampir 2 jam..,2
mantap pakai gojek,5
sangat membantu,5
"“Driver sangat ramah, sopan, dan profesional. Berkendara dengan aman serta memperhatikan kenyamanan penumpang selama perjalanan. Komunikasi juga sangat baik dan tepat waktu saat penjemputan. Terima kasih atas pelayanannya yang sangat memuaskan. Semoga selalu diberikan kelancaran dan semakin sukses ke depannya.”",5
bagus,5
mantab,5
susah dapat driver di medan,2
muaanntap,5
ramah tepat waktu,5
👍,5
terimakasih,5
makin susah dapet driver. sekalinya dapet dikasih yang jauh. udah gitu malah dikasih opsi pencarian cepat yang musti ngasih buiaya tambahan.,1
mantap,5
sangat membantu,5
bagus & sangat membantu,5
oke,5
membantu,5
mantap,5
siip,5
aplikasi apaan dah ini lemot bener Uda beberapa Minggu,3
mantap,5
sangat membantu dalam urusan bertransportasi,4
saya menyesal dan kecewa pesan gocar bawa bayi tapi AC nya panas seperti ga pake AC..,1
bahan bakar adalah kunci utama.ongkos goceng hari gini beli kopi seduh doank.,5
saya suka aplikasi gojek Krn mudah mencari titik penjemputan dan tujuan. drivernya slalu mau mengantar sampai ketempat tujuan walau titik tujuannya Gak sesuai GPS.,5
👍,5
suka,5
bagus,5
mohon bertanya ini untuk amplikasi naik antar jemput kah,5
aman dan cepat,5
"sangat sangat sukaaa, aplikasinya sangat memudahkan segala urusan mulai dari antar jemput, pesan makanan,beli kebutuhan dapur dll. Pokoknya manteplah👍🏻👍🏻",5
"susah dapat driver, dpt pun g direspon sama driver nunggu lama banget eh trnyta g ada niatan jemput.. parah emang. aplikasi sebelah drivernya responsif kalo emang g bs jemput ya hub.pelanggan..",1
bagus lahh aplikasinya krna bnyk voucher,5
"keluhan ttg susah dpt goride ditampung IMAM GHOZALI opertor malah kita dibilang gak paham aplikasi gak paham pdhal kami setiap hari bergulat dg komputer & kami py D1 komputer, kalau memang aplikasinya bermasalah knp tidak mengakui saja!!!!!gak heran knapa pd pindah ke Grab, Maxim & aplikasi ojol lainnya.",3
ok,5
ok,5
"Very good, selalu bisa diandalkan",5
cepat tepat smart,5
ok,5
parah lu punya driver gua nungguin 30 menit kaga ada datang KLO lu punya driver kaga niat mending bloking nyesel gua donlod app gojek,1
jujur kurang enak pake aplikasi gojek karna dapet pengalaman ga enak banget dari driver nya udah bokiing yang prioritas ttp lama di jemputnya minimal sesuai lh ya,1
sangat membantu,5
oke,5
mantapp,5
Ok,5
"lu bikin map pengantaran gofood gimana sih? map lu kaga gerak bro, gw kaga bisa ngeliat pergerakan si Drivernya secara real time, gw kasih bintang 2",2
lanjut,5
"kasian kali Para driver Gocar gojek, info nya Mereka dapat Dikit Untung ongkos dari uang penumpang bayar di aplikasi gojek. contoh aja, SAYA BAYAR PAKAI GOPAY pesan gocar dikenahkan 54.000 , dan si driver hanya dapat 30.000 kasian kali kan banyak kali potongan ongkos dilakukan PIHAK APLIKASI GOJEK merugikan driver. tolong lah bantu UP dan evaluasi potongan nya agar Nyama para driver, kasian melihat mereka bensin mobil + AC mobil lagi diberikan driver kepada kami penumpang agar nyaman.",1
cukup membantu ketika mager hee,5
"kecewa parah bgt sm ini apk, udah 2x di cancel gtu aja pas mesen makanan. mana lama nungguin nya, org mana yg tahan nahan rasa lapar berjam"" . di perbaiki lg y untuk servis ny. mau gnti apk dan gaakan pernah pke gjek lg thks 🙂",1
mantap,5
istimewa,5
"makin kesini makin gk bener nih aplikasi, byk yg komplain susahnya cari driver, argo gk ngotak, perbaikan layanannya mu woooy",1
👍,5
GO MART SUDAH MEMBUAT TITIK KE ASTON TAPI SAAT PESAN GESER KE SUN CITY INI GAK BISA DI CANCEL SUDAH BERJAM JAM. BAGAIMANA IN TANGGUNG JAWABNYA,1
trimakasih gojek,5
"Gojek/Gocar makin lama dptnya. Sekalinya dpt jaraknya jauh. Saya liat postingan di ig, algoritma gojek diubah. Driver disuruh bayar 20k per hari bwt bisa dpt order, satu driver terima gofood lebih dr 1, dll. Zalim. Makin kapitalis minim humanis. Smoga manajemennya diganti dgn manusia yg punya hati nurani. Aamiin.",3
good best,5
"Layanan semakin menurun kualitasnya. Semakin lama cari driver, pembatalan gofood sangat dipersulit sementara pesanan makin lama dapat driver, sangat membuang waktu.",3
nyari driver motor dikala hujan susah,1
"tindak driver arogan, plat B 5685 TXD",1
sangat gak sesuai ekspektasi,1
percuma ada aplikasi susah cari driver,1
smakin parah klo pesen makanan/goride... sering dapat driver jaraknya jauh-jauh. padahal normal gk pakai voucher. bayar mahal pelayanan gk optimal.,3
sangat baik,5
bagus,5
okbgd om,5
"Aplikasi tidak ada masalah. Hanya saja, jika ingin order susah banget dapat pengemudinya. Sepertinya para drivernya yang menghilang ditelan bumi atau para drivernya rasis/fasis (memilih pelangan sesuai selera pengemudinya..walah3.",3
"sudah beberapa Minggu belakangan ini banyak kekecawan yang customer alami (hasil berbincang - bincang dengan semua teman yg menggunakan aplikasi gojek): order gojek motor, mobil, gofood & gosend sangat lama sekali dapat driver, padahal titik driver banyak tetapi tidak ada yg mau pick up sudah pesan prioritas tetap lama bahkan pesan gosend sudah ditunggu sampai 3 jam tidak juga dapat akhirnya pindah aplikasi. pernah pesan gofood ditolak terus & sekali nya dapat bisa sampai 2 jam. kecewa berat",1
bagus layananya cepat,5
belum pernah kecewa,5
tidak adil untuk mitranya,1
baik,5
"mengecewakan! re connect mulukkkk,gak bisa munculin lokasi juga,kacauuuuuuu",1
"aplikasi tolol drivernya kgk ada yang mau jemput, kocak padahal nggak pernah kendala tuh gw ma driver.",1
mantap,5
tarif ekonomis pelayanan cepat responsive,5
keren,5
nice try,5
good job,5
Sikap Driver dan cara mengemudinya baik,5
map nya sangat tidak akurat,1
nyaman dan tepat jga aman.cepat.,5
"driver pilih-pilih, selalu bertambah mahal, driver mudah nge cancel tanpa bilang",2
rumit skarang gak kaya dulu .masa tiap pesen goride dapat jauh terus .dari pada dapat jauh terus jdi pindah ke sebelah,1
memudahkan utk pergi kemana saja👍👍,5
susah bgt nyari driver nya. udah nunggu lama bgt ternyata gaada 1pun yang nyantol. ngebatalinnya jangan nunggu sejam donggg! ntar ditinggal nyari yg lain malah dapet driver!!,2
"KASIH EDUKASI DRIVER NYA, KALO MAU CANCEL ATAU GA MAU AMBIL ORDERAN KARNA ARGO KECIL BILANG KE CUSTOMER NYA KONFIRMASI BAIK BAIK, KAMI KASIH TIPS KO YANG LAYAK. JANGAN DIEM GA GERAK GA ADA KONFIRMASI TUNGGU DI CANCEL SAMA CUSTOMER. ADA YANG URGENT, BAWA BAYI, BAWA ORANG TUA. EDUKASI LAGI DRIVER NYA. KASIH WAKTU KALO DIA GA GERAK GA ADA KONFIRMASI SYSTEM KALIAN YANG KASIH AUTOTEXT.",1
"tolong biaya Ongkosnya Lebih murah dr Tetangga Sebelah, Biar banyak Peminatnya.",5
"perubahan harga yang sangat signifikan,beberapa hari yang lalu goride ke tempat yg sama 35k,dua hari kemudian 55k,kayaknya seminggu kemudian naik lagi jadi 100k🤣🤣🤣",5
lokasi leles kab garut kalo gak ada driver atau penjual gak bisa nerima oderan jangan di iming iming paket exprees percuma exprees kalo makanan tetep aja lebih dari 1 jam . padahal distu tertulis 20 menit deket itu,1
"payah, sering error",1
derever nya asik,5
skarang pesen gojek pas ujan gerimis..susah banget dapet drivernya.pdahal mmng butuhnya karna ujan...harus nya di out aja driver yg menolak orderan ketika hujan...,3
Murah dan terpercaya,5
"Pesanan Go-Food, tidak ada driver, lama sekali pencarian driver, tapi tidak bisa dibatalkan. Kalau memang tidak ada driver sebaiknya bisa di batalkan dan mencari alternatif lain.",1
sangat membantu,5
"GOCARNYA pada banyak duit gak ada yg mau nerima😃 jauh dikit pada minta cancel..sekalinya diterima banyak alesan. klo gak mau macet ya jangan narik mobil..narik aja sepeda goes kita mh kasian pesen biar dapet order,tapi pada males² nerimanya😄",2
oke banget,5
kembalikan uang saya woii,1
susah bet nyari driver taila,1
harga nya sihh lumayan terjangkau,2
mantaapp,5
bagus banget tiap hari ada diskon jadi ongkos nya tetap sesuai dompet,5
mantap sekali,5
mantab,5
bagus banget buat yang mager,5
memudahkan alat transportasi,4
sangat membantu,5
mantap,5
sangat membantu disegala kondisi,5
good,5
pelayanan ok,5
aman nyaman,4
saldo dari dana CUSTOMER g amsuk ke gopay ku..parah ini siii,2
"belakangan nyari driver susah, lemot, kebanyakan nolak",1
driver nya jangan ngaret,4
"Makin sering update makin lama dapet driver, mending gk usah update aja sekalian kalau malah jadi lebih buruk",2
aneh makin kesini drivernya pada gajelas bgt,1
oke bagus dari pelayanan,5
"gojek emang selalu bisa di andalin, banyak promo nya terus di kasih gratis ongkir, top markotop pokoknya",5
alhamdulillah driver yang saya pesan selalu baik,5
top yessss,5
siip,5
"tolong dong gojek masa iya aku mau ngampus jadi susah banget dapet driver sekarang? 😭 mau beli makan juga jadi ga affordable buat aku sebagai mahasiswa, maaf bgt tapi pake gojek suka jadi lebih mahal daripada aplikasi lain buat order makan😔💔 update: demiii apaaa gua udah langganan gojek plus dari tahun kemarin tapi malah nambah mahal?? pas ngecek di akun sodara aku yang ga langganan malah lebih murah? sakit hati banget ah unsubs deh jadinya😭😭💔",2
top,5
"#GOFOOD anehh harusnya tu dapetin dlu driver nya baru bisa mesen makanan,ini udah mah ditungguin lama lama lagii laper ginii malah disuruh batalin aja karena ga dapet drives nya,bisa si diganti pickup masalahnya sini tu mau praktis mpruyyy,malaaa disuru batalin aja. dii perbarui napa sistem nya,kaloo belom dpt driver gabisa mesen gitu dongo.yeuu org lapar gini dibuat emosi gw obrak abrik juga ni apk",2
"makin jelek layanannya, susah dapat orderan",1
drivernya sopan,5
"makin sulit dpat gocar, seringkali driver tdk respon, tau2 titik menjauh, kota yg cancel, tarif lgsg 2 x lipat",2
mencari driver lama,1
Alhamdulillah 🤲 nyaman...dan terus berkembang,5
"sering dapet driver tidak jalan ditunggu sekitar 30menit, dedangkan kita sudah ditunggu bis....sangat kecewaa",1
aturan gak jelas driver banyak yg off..order jadi terbengkalai...customer pindah ke aplikasi lain,1
cepat dan tepat sasaran,5
susah dicari,1
banyak orang dan ramah,5
mantap bgt,5
service ya sat set mantapzzz,5
excellent,5
manfaat,5
"aplikasi nyebelin, gojeknya ga maju2 terus padahal udah majuuuu, gabisa dicancel dari gojeknya juga lagiiiii. udah nunggu berjam jam!!!!!!",3
Sangat kecewa khususnya untuk driver mobil grab.. banyak yang nolak pesanan..carinya susah giliran dapat minta dicancel dengan alasan lokasi jemput jauh.,1
driver y sopan,5
saya pengguna gojek setia tapi akhir2 ini cari driver susah bgt banyak driver yg cancel akhirnya saya pindah ke aplikasi sebelah cari driver gampang,4
aplikasi tidak menghargai driver,1
kalo ngasih harga di gofood yang ngotak dikit lah njir,1
mantap,5
mantap,5
alhamdulillah mau kirim² makanan utk anak dipondok sangat terbantu,5
Okey,5
the best,5
susah dapet driver,1
"KENAPA GADA YG MAU NGAMBIL TERUS SIH, UDAH GA PAKE YG PROMO PUN TETEP LAMA YG NGAKUTTTT!!!!!! 😡😡😡😡😡😡😡😡😡😡😡",1
𝙗𝙖𝙜𝙪𝙨 𝙗𝙖𝙣𝙜𝙚𝙩,5
"Sekarang susah dapet driver untuk gosend juga gapernah mau ambil, suka dilama2in biar customer yg cancel kadang kalo dapet juga suka maksa minta uang parkir (padahal kita tau kalo parkiran mall sini buat driver tuh ga dipungut biaya) tapi klo ga dikasih malah kasar perlakuannya udah beralih ke aplikasi sebelah sekarang mah pake gojek klo buat transportasi aja.",1
mantap apk nya,5
Bermanfaat,5
driver ramah semua,5
oke mantab,5
knp gk bisa pke dana,2
sangat membantu sekali,5
pesen kopi kenangan minuman uda siap tapi uda nunggu 1 jam masi stuck di 16 menit karena ga ada driver. ga lama dibatalin.,1
ok,5
ok,5
mantap lebih membantu,5
Sulit Sekali dapat driver untuk layanan Go Shop,4
"drivernya ga komplen karna jarak aku slalu jauh, mantapp",5
kalo pesen makanan ongkir nya mahal😭🙏,3
Mantap drivernya gercep👍,5
Aplikasi yang sangat akses untuk tunanetra,5
👍👍👍👍,5
"bintang 1 aja,pesan go food aja lama mau 1jam.",1
"Aplikasinya bagus,cocok buat yang bepergian ke tempat yg belum pernah",5
"kak maaf bngt nih tolong voucher diskon gofood ny lebih bnyak lagi, apk sebelah aj voucher diskon makanan ny aja bnyak bngt",2
Saya baru memakai aplikasi gojek lagi dan menggunakan fitur go ride. ko aplikasinya sekarang jadi ribet ya. untuk pesan go ride saja saya harus booking dulu dan menunggu lebih dari 15 menit ga dapet² drivernya. akhirnya pake aplikasi sebelah ga sampai 1 menit sudah dapat driver. fitur go ride sekarang maaf ga recomended,1
puas,5
"Aplikasi Bagus, sudah lama jadi andalan. tapi lagi Kecewa aja akhir2 ini. Driver Go-Ridenya Manja2 banget, , Keadaan gerimis aja gk mau ambil orderan.,deket lagi paling ±5km ,klo hujan sih sya maklum, lah ini gerimis kecil. , padahal banyak driver on disekitar, tp gda yg mau ambil. hampir 7x order gda yg mau ambil, bkin kesel. Beda sma apk Sebelah MXM baru order lngsung diambil. .. itu aja terimakasih.",2
"proses pembatalan terlalu lama,misal makanan/driver ga ada dalam 10 menit udah ga respon harus nya udah bisa di batalin.",1
Mantap,5
baik,5
untuk saat ini oke.,5
terimakasih,5
"harusnya kita bisa chat ke resto sih kalo buka atau tutup, masa iya udh nunggu 1 jam driver kesana malah tokonya tutup. adain fitur apa aja deh biar ga nunggu lama klo tokonya tutup",3
good job,5
Cepat responnya dan mantul,5
KLO cancel g bisa ..... nyesek bgt suruh bayar dobel,1
chatnya suka centang 1. tolong perbaiki lagi. biar komunikasi dgn driver lancar.,4
ok,5
b aja,4
oke bgt,5
"puas, komunikasi baik,tepat waktu",5
semuanya oke,5
ok,5
"nyusahin mau ketik no telp harus manual, g bisa copy paste",1
ok,5
ok,5
"ongkir ekonomi sudah kagak ada,mana regular mahal lagi🥲",3
sangat membantu,5
"promo nya kurang khususnya untuk kota Palembang,tolong ditingktkan lagi",3
bagus banget,5
mantul,5
bagus,5
baik sekali,5
segini dlu deh klo bagus tambah lagi,2
Drivernya tolong jangan memainkan orderan. ditunggu sangat lama tidak jalan sama sekali. Apkikasinya sering mengalami bug double order. bikin saya repot.,1
terima kasih,5
halaman gocats lagi error ya? misinya ga jelas,5
good,5
pelayanan bagus sy beri tip500,5
"sering banget telat dateng kalo mesen gofood, kadang juga ga dapet driver buat ambil makanan nya jadi terpaksa cancel, udah nunggu lama nahan laper malah ga jadi, ga ada kompensasi juga lagi buang waktu buat nungguin",2
gak pernah kecewa,5
ok,5
Min saya Kena penipuan 300 ribu ke Gopay Penipu yang mengatasnamakan kepala desa dan pas dilacak bukan kepala desa,3
"dari sejak awal ada gojek, tetep nyaman. terpercaya...",5
good workog,5
Bagus,5
mantap,5
"Argonya makin mahal tapi pelayanan malah makin turun. Harga sering gak masuk akal dibanding jarak, beda jauh sama dulu. Yang lebih ngeselin, driver sekarang banyak yang pilih-pilih order. Udah nunggu lama, di-cancel terus, atau didiemin tanpa kejelasan. Buang waktu banget.",1
aplikasihnya sangat membantu,5
"Kok bisa promo di akun temen ku bisa sampe 50% tapi di aku 40%, ???? padahal sama-sama gojek plus",1
akun orang main asal bekuin aja padahal sering dipakai untung ga ada gopaynya mending pake grab aja sekarang dah,1
aplikasinya sangat mudah digunakan. banyak diskonnya. love it.,5
Pastikan semua drivers Amanah klu ada barang tertinggal,5
mantep,5
sangat baik abang ya,5
"sangat buruk pelayanan nya, karena susah cari driver",1
nice driver,5
kesan pertama paki go food puas sekali pelayanannya👍👍👍,5
susah nyari driver,1
maps nya selalu pas sesuai titik,5
puas pelayanan baik,5
"Jahat banget deh. Udahlah mahal, dicariin driver yang jauh. 👎",1
bagus,5
"Aplikasi tolol, bikin customer nunggu lama",1
"driver sulit, pelit, jutek, platform juga tidak ramah pada harga driver",1
makin ke sini makin ga jelas,5
ok,5
"makin kesini gojek susah banget dapet driver nya, sekalinya dpt malah jauh. mencari-cari driver padahal dititik terdekat banyak, TPI gak ada driver yg mau ambil. jadi males",2
kse download ngni p aplikasi di t cewe ka ta bongkar ngni p kantor,5
"aplikasi lelet,lemot,gofood Berjam jam ga dapet driver. driver juga lambat, kebanyakan ngeluh",1
"makin kesini makin susah dapet driverrr ngeselin banget, udah gitu guaa beli pake saldo gopay klo dibatalin saldo gua ilang ,udah beberapa kali saldo ga balik grgr ga dapet driverr, kocakkkk",1
"saya mau minta dari pihak mitra ,agar pelayanan mencari driver di perbaiki lagi .kasih peringatan keras kalau perlu di pecat ajh untuk driver yg tidak mau mengantarkan makanan ke cosumen.saya sudah menunggu lama .terima kasih .",1
nice,5
sangat membantu disaat keadaan darurat..,5
gojek parah kalau udah malah ngak ada driver yang mau ngabil orderan sekitar jm 10 an. padahal driver banyak.,4
ok,5
lelet parah,1
lama dapet driver,1
kalau pelanggan kasih rating ke driver bintang 1 itu kalian tangani tidak sih? kok masih banyak driver yang tidak punya sopan santun dan seenaknya? kalian tindak lanjuti tidak saya ingin tau,1
cepat sampai,5
"maaf saya kasih bintang 1. sempat baca di ulasan lain ada yg susah nyari driver bbrp minggu ini. benar bgt, skrg hal yg lebih mudah dan efisien jadi menyulitkan dlu sring pke apk ini krna byk diskon dan harga terjangkau skrg apk nya jd lelet. mesen gofood 2 jam lebih ga dpt2 driver antar nya mesen gojek nunggu 10 menit lebih pun gaada sama sekali pdhl trlihat jls driver byk di 1 titik itu. tolong di tindak lanjuti untuk apk gojek.",1
yaaa oke laahhh,5
semangat driver!,4
"Flash Sale gajelas, udh mesen dari jam 20.00 udah dapet driver, makanan juga statusnya ""sedang di sajikan"" bahkan sampai ada estimasi waktu pengantaran 21.30. Tau tau di cancel jam 22.00. 2 jam nunggu angin doang kocak",1
no good,1
"kenapa saya kasih bintang 2? karna saya lebih sering kecewanya dengan apk ini. saya tuh selalu mau gofood ya, tapi knp selalu susah banget cari driver? paling susah kalo di kondisi hujan sama malam, padahal rumah saya tuh bukan pelosok masih terbilang pun banyak ojol disekitar sini.. tp kenapa susah bangeett! nyebelinnya tuh udah nunggu nya lama bgt ujung2nya gagal pesenannya karena gak nemu driver. bayangin udah laper posisi gabisa keluar butuh order makan bangeet udah ngu nih 50mnt, eh gagal.",2
sangat membantu,5
bagus,5
"sakit hati banget. mesen gojek dari jam 9 malam sampai jam 10 ada 3 kali di cancel. dari yang ride hemat ke go ride biasa juga sama. kalau emang menurut driver harganya kemurahan kan bukan kita yang menentukan toh kita juga ga bakal kasih segitu, pasti kasih tip juga. 1 jam nunggu sia sia!",1
"tolong dibantu cari driver, masak saya ber kali2 pesen gofood sulit mendapatkan driver..",1
semakin baik,5
yeay,5
"udah seminggu susah bgt dpet driver , heran pdhl apk sbleh cpet bgt dpet ny..",1
"sekarang driver diaplikasi ini susah bnget buat dapet, risih jadi nya",1
"Pesen makanan lama bener ga dapat driver, batal otomatis. 👎",1
oke,5
"saya gomart, gosend buat beli obat, tpi gada mulu driver nya, lama bngt, pdhal ga ujan ga apa",1
aplikasi semakin menyulitkan dengan sulit mendapatkan driver dari stasiun cikarang dan semakin tidak ada bedanya dengan ojek pengkolan dengan harga yg tidak masuk akal,3
Ok Banget,5
keren sangat membantu,5
"agak kecewa sih akhir ""ini gojek klo mau pesen makan dimalam hari susah banget nemu driver nya,, sampe harus nunggu 1/2 jam tetap masih gk dapat driver nya.",1
ok,5
"Kualitas Pelayanan sangat buruk Kalau harga mahal baru dapat driver,itupun lama",1
parah.....kalau rekrut driver yang benar dan yang kompeten jangan yang sukanya main cancel.....,1
sesusah itu dapet driver,2
susah banget dapet driver,2
"lambat banget kalo mesan malam, udah lapar malah ga ada yg antar padahal banyak tuh ojol yang masih diluar nganterin pesanan lain",1
mahal dikota bogor gojek.dan gocarnyq,1
woyy kasih tambahan buat developer untuk kasih pembayaran via dana atau qris aja menurut ku kurang lengkap kalok cuman itu2 aja wkwkwk thanks semoga di notice,5
oke,5
sangat membantu untuk kebutuhan transportasi,5
wah!!,5
"banyak error, aplikasi yg dibutuhin banyak org loh. bangkrut aja dah",1
susah dapet driver udah ga butuh penumpang lagi kali ya jual mahal semua sekalinya dapet ga gerak tu driver,2
"mentang"" argo kecil dicancelin mulu sama drivernya kocak",1
kenapa harus nunggu lama banget buat cancel order dah gitu driver juga susah banget nyarinya,1
"aplikasi gaguna, tiap dapet driver di cancel terus, lama ga gerak2, berjam jam nungguin gadapet2 padahal banyak yang deket, bener2 *1 lah, driver2 juga udah diambil bukannya dikerjain malah cancel",1
"gofood parah awalnya di bilang tepat waktu, trus telat, dan ujungnya malah di cancel dari pihak gofoodnya karena tidak dapet driver, sudah menunggu 98menit lebih malah di batalin karena tidak dpt driver dan kalo mau mesen, malah harus pesen ulang. bagaimana ini?",1
parah gosend udh nunggu 10 menit eh pas dapat malah dibatalin sm driver. parah aplikasinya ga ngebantu,1
memudahkan perjalanan,5
buat apa pakai gojek udah bayar mahal tapi aplikasi dam sistem bukan mempermudah pelanggan mahal di permainkan aplikasi dan sistem yg makin hancur dan bobrok.,1
Ini kalau sistemnya gak susah dapat driver pas hujan/sibuk bintang 5,3
membantu sekali,5
"kalo ujan pasti driver gaada yg mau ambil, padahal pake mobil, udahlah harganya naik jauh nunggu ga dapet dapet pula, saya udah nunggu 1 jam👎",1
oke,5
susah banget dapat driver kondisikan dong mitranya sampe 5x lebih ganti driver nih,1
Tagihan masih ada padahal sudah dilunasin. diminta bayar denda lagi,1
"sangat buruk driver lama ketemu ampe sejm gak ketemu, dan mahal bagusan maxim",1
"dapet driver yang jauh, payah",1
"maaf aku kurangi bintangnya, apk bagus sebenernya tapi driver gojek akhir"" ini pada nyebelin semua gtw kenapa, apa karna sistem pembayaran ke mereka atau gmn idk. waktu pesan goride abangnya salah titik jemput dan pas aku tegur malah balik ke pangkalan gk balik"" lagi trus didiemin doang tlp gk diangkat smp akhirnya setelah 20 mnt aku cancel dan gabisa rating abangnya juga. trus gosend instan 3 jam juga gatau kenapa banyak yg gamau keep dari jam 3 sore sampe jam 7 malem padahal lagi butuh bgt :((",4
"alhamdulillh terbantu dengan adanya gojek ,, terimakasih",5
sip baik sekali semoga berkembang sampai masa depan,5
"belakangan ini susah banget dapet driver, sekalinya dapet selalu di batalin. tolong di improve",1
"serius ini aplikasi makin hari makin gila? ngasih drivernya selalu yang paling jauh, sampai berkali-kali kena cancel padahal udah nunggu. sekedar cerita juga, tadinya diaplikasi tarifnya 19.000, mungkin karena cuaca buruk (meskipun gk hujan), tapi di driver cuma masuk 12.000, jadi lu ngambil keuntungan sekitar 7000 gitu buat biaya admin? lu manfaatin cuaca buruk yang dihadapi driver di lapangan buat naikin keuntungan berkali-kali lipat? iblis aja keknya gak sejahat itu loh. gila emang",5
hari ini saya byk kecewa Krn susah utk mendapatkan gojek mobil maupun motor,4
sejauh ini masih bagus pelayananya,5
love..,5
"mau nutup akun karna gojek jadi mahal bgt aja susah bgt,saldo harus nol mau gw ikhlasin aja repot bgt..ada fitur chat cs tp ga ada papan ketiknya cm bisa kirim pesan instan yg udah mereka siapin,lah gimana bisa nolong kl begitu..uninstal aja jawaban terbaik",1
"sumpahhhh kesal bgt, kurir GO-SEND ada masalh apa si susah bgt dapet 🙃",1
Mantab,5
"LEMOT BANGET UDAH TAU BURU BURU MAU MASUK KERETA MALAH LOADINGNYA MINTA AMPUN, PADAHAL JARINGAN BAGUS BAGUS AJA",2
apaan susah banget cari driver ud dapt malah di cancel driver,1
cari kendaraan lama amat,1
mantap,5
respon cepat,5
sumpah akhr2 ini susah bgt dpt goride maupun gocar masak nyari driver smpk 2jam gak dpt2 pdhl sekitar banyak tp kok.gak ada satupun yg nyantol..... tolonglah di perbaiki,2
"Gak suka pesanan udah masuk tapi belum dapet driver jadi makanan belum disiapin, dan baru bisa cancel pesanan setelah satu jam gak ada driver. kecewa, mending bisa langsung di cancel kalo gak ada driver, biar saya mesen yg lain. Sama aja ini gak menghargai waktu saya sebagai customer dan pihak resto. Buang-buang waktu!!",1
susah dpt drivver akhir akhir ini meskipun pakai yang pencarian cepat,1
lama gak sesuai waktu,1
good,5
lama nunggu nya skrg,1
puas,5
"jangan ambil ongkir yg lebih mahal di gojek dgn embel2 pelayanan lebih cepat, bayar lebih tetap saja proses 2 kali lebih lama...makanan yg harusnya ready untuk buka puasa dan sy order 1 jam sebelum buka puasa dimana estimasi sampai dalam 20 menit, tapi setengah jam setelah buka puasa selesai baru sampai...driver yg jadi kambing hitam... awas hati2 gojek kuras kantong anda dgn cara penambahan biaya2",1
ok,5
"Tolong dong diperbaiki bagian pembayaran emas kok jadi ribet, dan gagal mulu pasti tolong cepat diperbaiki",2
"susah banget dpt driver nya, dari kemarin coba gofood ga dpt PT driver... gajelas bgt sih asli",1
cepat jng lambat,5
Gojek👍👍 Cepat menemukan driver sesuai harapan👍👍🤩😍,5
siip,4
Keluar keluar sndiri stres,1
driver sering gantung penumpang. trakhir ini digantung sejam dan tidak dijemput. chat dan telp tidak dibalas,1
ok,5
nungguin 1 jam kaga ada 1 pun yang mau.,1
driver nya pada belagu parah order slalu di batalin ga jelas lama2,1
bagus,5
keren.di perbaiki lagi kinerja Google maps nya ya,5
oke,5
"aplikasinya membantu tapi entah kenapa sekarang kalau mau pesen go ride selalu susah dapet driver, sekali dapet lokasi driver sama tempat jemput jauh dan juga udh nunggu lama"" malah di cancel, giliran Dateng malah ngomel"", kalao emang seperti itu sistemnya yg di benerin",2
"lebok hujan wae, titah saha suspend aya dei, padahal bae sina ngajak driver mah da begu jeng alusna ges resiko driver, jadi eweh nu marawa orderan dan suspend waktu wae. tolol sistem teh",1
aplikasi lemot,1
Gerimis doang juga susah bgt dpt driver,1
sudah lama jd custamer gojek...aman cepat dan terbaik,5
"Padahal banyak driver yg dekat, tapi susah bet dapat driver. Begitu dapat jauh bet",1
"Ga beres, pesan go car lama'nya ga karuan, di cancel pula oleh pihak drivernya 👎👎👎👎👎👎👎👎👎",1
sekarang area Semarang kl hujan gofood jarang ada driver yang on udh gt suruh tunggu batas waktu baru bs di cancel haiyah kok jd kaya gini sih gojek,4
"aplikasi gopay semakin di update semakin gakk jelas.. game gopay pet jg gaak bs di buka serta game"" lain penghasil koin gopay.. gojek pun jg gt, susah dlm hal penggunaan aplikasi.. sepertinya pihak gojek sdh malas buat terobosan baru karena pemikiran nya cabang 2 antara grab dan gojek..",2
"sekarang Order Gofood susah dapat Driver , sekali dapat nunggu Lama terus di Cancel 🥲",2
"keren,cocok untuk yang mager keluar rumah pengiriman cepat makanannya enak mantap",5
apk jelek skrng driver pilih pilih. mentang mentang dia yg merasa dibutuhkan. jarak dkt nominal besar pd gmau ambil. dan klau ada yg ambil dia diem aja tanpa komunikasi ke kita,1
mudah komunikasi,5
pokonya the best lah,5
oke,5
"gak bisa liat rating customer, sedangkan driver bisa liat rating kita",2
Sangat Puas,5
gila saya mau ibadah di suruh menunggu . sementara waktunya driver sampai di rumah ga ketauan jam berapa. udh menunggu hampir 1 jam loh. ckckckckck,1
paket sampai dengan cepat,5
membantu,5
"sejauh ini aplikasi yang menguntung untuk kita dan orang lain adalah gojek ya,kalo kita dapet masalah juga gojek sebisa mungkin ngebantu,makasii banyak love you gojek",5
diWA udah yampe tapi pas didatengin gak ada udah muter 3x tetep gak ada hehhhhh 🥲😡,2
good,5
mantapppp,5
"PHP DOANG PAYLATERNYA. SEMUA TAGUHAN SUDAH DI BAYAR, MALAH LIMIT TETEP GA NAIK DAN TAK BISA DIGUNAKAN...APA MAKSUDNYA...????",2
mantap,5
"TOLONG DI-UPDATE, saya sering terkendala Notifikasi sehingga merugikan pihak driver ataupun saya.",3
"Customer Service nya kagak jelas, lama, jaminan voucher ga jelas",1
pelit drivernya ga rekomen buat mode hemat,1
sangat membantu dalam beraktifitas,5
keren,5
buruk!! lambat dalam mencari driver dan driver cancel seenaknya.,2
sangat membantu,5
"akhir-akhir ini kalau pesen go-food selalu susah dapet drivernya, akhirnya selalu aja dibatalin. padahal drivernya banyak",3
mungkin kalau bisa pakai merchant dana atau qris lebih mantap,4
"alamat saya error cuman di gojek doang, gajelas ni aplikasinya",1
"gila kali mau pesen gofood ongkir awal Rp 100 kembali ke menu utama aplikasi ongkir jadi Rp 8.000 kembali lagi ke menu utama aplikasi dan mau checkout ongkir jadi Rp 13.000, itu yang error aplikasinya atau bukan, ongkir kok berubah-ubah makin mahal pula, kocak parah. Ongkir makin mahal alhasil mengurungkan tidak jadi pesan makanan, gilanya",1
ini jelek banget .. dapat drivernya lama .. auto uninstall,1
sangat membantu,5
"sering di cancel, sulit dapat driver",1
"kenapa sekarang susahhhh buanget dapet driver, padahal banyak driver di sekitar lokasi tapi dapet nya yg jauh dari lokasi",4
"kenapa setelah update jadi lemot ya min,ga bisa hubungi driver",1
sangat puas,5
Alhamdulillah sangat membantu,5
mantap,5
gojek itu membantu bgt ketika lgi ga ada kendaraan untuk membeli sesuatu,5
"jelek kurir nya gajelas ,",3
"pick up instant lama, dan drivernya banyak yang idiot",1
sangat bagus 👍👍👍,5
mantap..tepat..cepat.sopan kendaraan bersih,5
cepat gak perlu nunggu lama,5
"Selalu dicancel, lelet, dan tidak ramah driver nya.",1
"gojek udah nemenin aku dari jaman aku masi sekolah SMK sampai kerja dan selalu pakai gojek, sukses selalu gojek 🩷",5
menyenangkan menggunakan gojek,5
"susah dapet driver pas gopud,tapi oke",5
mantap,5
"thx gojeg, udh jadi partner dikehidupan sehari2",5
Puas dgn pelayanan Gojek,5
"Fitur makin lengkap, proteksi dan Privasi makin terjamin",5
nice,5
"Sebenarnya secara overall oke oke saja, namun belakangan hari seringkali driver tidak provide helm. Pernah kemarin saya pesan malam 3 kali berturut² dapat driver yang ga ada helm, jadi saya cancel. Safety is important loo. Mohon untuk lebih diperhatikan kembali.",3
okkkkk,5
"Alhamdulillah lancar, terima kasih",5
cepat dan mudah,5
aplikasi transportasi terbaik di 2026,5
"jujur, kecewa sama gojek skrg. makin kesini makin dzolim sama driver dan customer. biaya admin dll ditambah tp dapet driver susah ketika mau pesan makan dan kendaraan. uang yang diterima driver juga ga sebanding. dzolim bgt👎🏻",1
makin kesini aplikasi gojek kok rasa²nya ga nyaman dipake ya,2
"pengalaman saya terburuk ketika ingin makan tetapi sulit mendapatkan driver, lalu pihak ini menyampaikan menunggu dan berulang kali saya menyampaikan minta dibatalkan itu mengecewakan juga bukan secepatnya mengatasi masalah itu sangat mengecewakan tolong jangan memaksa customer menunggu dengan alasan apapun",1
bagus,5
gojek titik alamatnya pas ...... banyak discount,5
OK,4
✅️,5
drivernya baik& sopan,4
sangat membantu,5
aplikasi yg sangat membantu,5
"OJK tolong awasi gopay pinjam dari Gojek kalau perlu hapuskan saja, MEREKA MENYEBAR DATA YANG GAK² MENEROR PADAHAL BELUM JATUH TEMPO, NEROR KANTOR, DC DATANG SEBELUM JATUH TEMPO, TEROR BAHASA BINATANG, BAHKAN MEMASUKAN DATA UNTUK BERHUTANG ! banyak pelanggaran dari mereka padahal katanya LEGAL tapi oknum di gopay pinjam semua ILEGAL",1
sat seet,5
bagus sangat membantu bwt orang kantoran,5
pelayanan baik recomend,5
aplikasi ok,5
mantab,5
ok,5
Sangat bagus,5
"download bukti tidak bisa, sudah lapor cs malah suruh ngikutin step2 orang udah keluhannya di bilang tidak bisa download bukti, aplikasi nya ngebug malah di suruh ikutin step2 download emang dikira ga bisa make aplikaisnya",1
sangat membantu sekali👍👍👍👍👍👍👍,5
"nyoba pakai gopay later, lupa bayar lewat sehari, nominal 40rb denda 50rb 😊 lintah darat online",1
"bagus lah pokoknya, dari dulu gak pernah mengecewakan",5
wow,5
gud,5
"drivernya baik, ramah, on time",5
gud,5
mau ngajuin pinjeman tp di tolak.. padahal bayar selalu tepat waktu!! Najis bgt Gopinjem!!!,1
"aneh, tiba tiba bet ga bisa bayar pake ni aplikasi",1
"apknya bgus, gergep, banyak promo, drivernya juga ramah ramah, semoga tarif drivernya nambah ya soalnya emg sebaik dan seramah ituuu drivernya",5
mantab,4
terimakasih,5
sangat puas n driver nya ramah,5
puas,5
"pesen gocar tapi driver g mau cancel pdhal dia yg blng ga mau jemput dgn plat BE1816JH Agung apa gitu, kalau g mau knpa di ambil ordernya? driver yg sebelumnya juga bermasalah, ambil ordernya tapi ga jalan² juga tuh diliat di maps nunggu sampe 40menitan padhal di orderan nunggunya cuma 5menit tolong yaa ditindak lanjuti nihh untuk oknum² yg seperti ini kita sama² butuh padahal",1
ok mantap,5
"Bagus pelayanannya,driver santun",5
mantul pokoknya selalu tepat saat dibutuhkan,5
mantap,5
bagus,5
ok,5
sejak 1 april aku gabisa pake voucher untuk gofood. heran deh ni aplikasi on ol... udh langganan plus lama malah kek gni wkwk 🤣,1
oke,5
"Saya senang dengan aplikasi gojek, bisa pergi kemana saja yg kita mau, saya pakai aplikasi ini sejak tahun 2018.😁",5
ramah dan nyaman,5
"Saya belom pernah daftar gopay plus Kenapa pas daftar gagal karena ID ktp saya sudah terdaftar,",5
Sangat bangga bisa minggunakan aplikasi lokal pada awalnya. tapi dengan respon laporan terkait ketidaksesuaian produk yang saya Terima saat menggunakan aplikasi gofood 1 april 2026 lalu sangat mengecewakan. tidak solutif. Alhasil uninstall aplikasi ini jauh lebih baik,1
okee baguss,4
mantaaaap,5
foto wajah gak terbaca mulu,2
"driver minta pembayaran lebih di luar aplikasi dengan alasan aplikasi lagi error,sudah di laporkan dan saldo sudah di kembalikan",5
oke,5
bagus,5
Kalo ngasih driver jgn yg jauh dari titik jemput. Terus drivernya suruh fast respon.,3
"Sangat terbantu banget dengan aplikasi ini, sering banget lupa bawa sesuatu yang penting ke sekolah, nah dengan apikasi ini selamat dech tugas ataupun sesuatu yang lupa bisa dengan cepat sampe ke sekolah.",5
ok sip 👍🏻 mantap,5
murah bgt harganya gak kayak yg warna kuning,5
gojek telat,3
mantap,5
for now okay,5
aplikasinya bagus banget dan harga gojeknya pas di kantong,5
aneh,1
selalu oke,5
"perasaan dari sekarang susah sekali cari drivernya , bahkan cari yang level comfort aja susah, agak kecewa",3
Baik,5
oke,5
sangat membantu,5
kerjasama dengan Tokopedia,5
saya pengguna apk gojek dan gopay bahkan dari limit masih 500rb menjadi belasan juta sekarang tidak pernah mengalami telat bayar..saya kecewa karena telat beberapa jam dikarenakan jaringan dan tidak ada notifikasi saya dikenakan denda sebesar 50rb saya sangat kecewa seharusnya ada notifikasi atau himbauan atau dikenakan sangsi telat perdana saya sangat kecewa padahal sudah menggunakan apk ini lebih dari 3 tahun,1
lelet,1
bagus dan mantap,5
sulit dapat driver,3
Drivernya suka batalin order,1
good,5
semakin kesni aplikasi ini semakin aneh drver bnyak susah bnr ambil orderan padahal ga pernah gw pake orderan fiktiv kalo sudah g mampu dan g ada driver ttp aja aplikasi nya.. dan ini terakhir saya pake gojek mulai skrng ganti aplikasi lain,1
"sangat mudah untuk mencari kendaraan ataupun makanan, banyak promo juga terimakasih saya sangat suka dngn aplikasi ini",5
👍🏻👍🏻👍🏻👍🏻👍🏻👍🏻,5
oke,5
Is the best,5
Lumayan Bagus,5
ini skarang ongkir nya mahal bgt yah,1
bagus,5
sangat bagus,5
mahal sekali untuk gofood nya promo nya gaada,1
"SUSAH DAPAT DRIVER DI Kalsel Banjarbaru -Banjarmasin Jika dapat Driver lokasinya snagat jauh, tidak worit terlalu lama menunggu",2
"Terkhusus di BANJARMASIN, sangat di sayangkan saya dapat Driver terlalu jauh jaraknya, dan itu tidak terjadi hnaya sekali, TOLONG PERBANYAK DRIVER GOCAR, agar mendapatkan Driver yang dekat hanya berjarak 1 KM-2KM jangan sampai 5 KM, terlalu lama menunggu. Beda dengan aplikasi sebelah si kuning, sangat dekat Drivernya karna banyak ada dimana2. Semoga masukan saya dapat di Evaluasi lagi. Agar penggunaan Gocar tidak berpaling. Terima kasih",1
ngebantu banget buat kaum mageran,5
...gratistis,5
saya sangat kecewa sama Go-Jek tadi pagi saya TF dari Go-Jek ke akun dana dan seratus nya berhasil namun jumlah yang saya TF tidak masuk ke akun dana padahal bukti TF nya ada namun saya buat pengaduan tidak di respon . memang jumlahnya sedikit tapi sangat berarti buat saya .,1
Sangat bermanfaat dan amanah,5
top,5
bagus,5
kenapa kalau habis hujan banyak driver ngak.mau anter penumpang ataupun makanan padahal ngk hujan.lagi kenapa nolak.rezeki saat hujan,3
"senang sekali, sangat membantu setiap saat",5
pengiriman cepat tepat waktu,4
Banyak banyak berbenah deh. Gak rekomen bgt ini aplikasi,1
lama bgtt dapet drivernya posisi beli makanan,1
"sangat mengecewakan! go food tidak bisa chat penjual maupun driver, hanya menunggu yang tidak pasti, menunggu 1 jam alhasil penjual tidak respon!",1
"susah banget dapat driver, bukan susah lagi malah ga dapet samsek. drivernya juga bermasalah abis, dia nerima order gocar, tapi tiba"" chat lokasinya kejauhan dari lokasi dia. loh klo kek gitu kenapa dia terima??? alhasil harus saya yang cancel, klo gitu kan rating saya yang buruk ya?? dan kesel banget sama per ratingan costumer ini, kita klo driver nya salah tetap kasih bintang 5, ehh kita ada kendala sedikit entah berapa itu di kasih nya. selama ini saya pakai gojek ga pernah pas pasan bayarnya",3
makin lama makin menyebalkan...susah sekali dapat driver trs apalagi kalau pesan makanan..dah pasti kacau ..entah waktu dan rumah makan yang terlalu lama gak dapat driver...semoga aplikasi ini bangkrut,5
d butuhkan di waktu yg tepat,5
good,5
Sangat membantu,5
mantaaaap👍👍👍👍,5
"nyari driver lelet, udah kejadian gonta ganti resto karena harus nunggu sejam. orderan makanan saya baru di proses waktu ketemu driver sedangkan nyari driver aja bisa sejam bahkan lebih",1
bagus,5
dear operasional minta tolong di tanggapi keluhan pelanggan terimakasih,1
"jangan membebani driver dengan ambil untung banyak dong, kasian mereka udah panas panasan, hujan hujanan.. tapi untungnya cuma sedikit..",2
ok,4
susah dpt driver,2
makin lama makin aneh nyari makan aja kudu mikirin nasib driver,1
bapuk makin susah aja dapet driver,1
lama dapat driver,1
bagus,5
"biar bintang yg bicara. susah dapet driver, nunggu lama, sekalinya dapet minta cancel alesan jauh lah itu lah. tinggal nunggu waktu collapse aja lu.",1
mNtap,5
ok bgus,5
😘😘,5
"nunggu 30 menitt ga dapet"" sekalinua dapet jaraknya jauhh nunggu 5 menit drivernya tbtb dicancel seenak jidat 😡😡😡😡",1
good,5
baik,5
kebanyakan cancel,1
ga lagi deh pake apk ini. bad!!,1
top,5
aplikasi penipuan saldo ilang semua,1
mantafff,5
hapus aja paket hemat nya kalau driver ga mau bawa penumpang. terkhusus daerah Medan..,3
"selama memakai aplikasi gojek,alhamdulillah puas.kalau mobil,biasanya bpk/ibu sopirnya bersih,mobilnya harum...",5
susah banget buat dpt driver akhir akhir ini,1
gampang banget kalo buat beli apa apa,5
susah dpt driver,5
sekarang.. kadang maps nya gak akurat. apalagi kalo gofood,3
"sekarang kok susah banget ya nyari driver,padahal di peta nya ada gambar driver di sekelilingnya banyak,dan kalau dpt juga jauh.buang buang waktu aja",2
apk jelel,1
sangat mengurangin kegiatan diluar dan membantu..,5
gojek sangat membantu yh saling menguntungkan,5
tidak bisa ganti metode pembayaran,1
baik,5
utk kebutuhan tranfortasi gercep,5
Sangat cocok untuk Kebutuhan sehari-hari,5
mantap,5
payah lama proses food nya oderan segala dable..makin ksni makin payah pelayanan gojek..food masa 2jm.mw cepet kudu bayar mahal..pinter bener nyari duit nya,1
senang dpt pemgendara yang baik hati,5
😒,5
bagus banget aplikasinya,5
aplikasi sangat membantu,5
tdk jelas,1
cari driver sejam sendiri,3
aman nyaman tepat,5
pke lah,5
like,5
sangat berguna,5
Good banyak bonus,5
bgus,5
lamaa banget ngambil nya kaya apa banget sumpah lambat,2
GA BANGET,1
kmn2 lbh mudah pkai gojek,5
mantap,5
aplikasinya sangat memuaskan pembeli pengrimanya cepat barang aman,5
membantu sekali,5
"tolong dong itu driver carnya ,kalo ga niat narik kaga usah nyalahin aplikasi, kita udah nungguin sejaman, pada nolak gara gara macet, masalahnya di chat ga direspon sengaja biar kita cancel, kita costumer mau cancel kaga enak takut udah jlan, tapi malah drivernya sengaja ,buang buang waktu orng, tegasin lagi tuh driver driver begitu masih banyak yg butuh costumer",1
baik,5
mantap,5
sangat memuaskan,5
"bagus, nyaman...",5
sangat praktis,5
bermanfaat,5
Alhamdulillah cepat... aman,5
Gojek memang tiada lawan dah yang lainnya maaf saya selalu setia dengan Gojek 🥰,5
top markotop,5
"Ada apa dengan GO-JEK, aku dari tadi pesan GO-MART gagal terus ga dapet driver, sekalinya dapet malah di tolak. Padahal selama menggunakan GO-JEK ga pernah ada kendala sama sekali, baru kali ini dapet kendala saat mesan GO-MART, biasanya juga ga kenapa-napa, tolong di tingkatkan lagi.",1
pertahankan kualitasmu..bila perlu perluas pelayanan dan kualitas Gojek.. Semangat..Semangat..!!💪💪🔥🔥🔥👍👍,5
ok,5
good,5
bagus dan mudah,5
saya uninstall aplikator terlalu serakah tidak memperdulikan driver,1
gojek bisa anter jarak jauh gak sih iyaa?,4
apk aneh cotumer komplen bukan nya di tanggalin,1
kereen,5
makin lama makin ngaco aja pesen makanan 2 hari berturut2 g pernah dapet driver aplikasi ngawur,1
sip bagus,5
"sekarang gojek payah banyak driver yg kurang menyenangkan terutama driver gocar . sudah order , sudah nunggu lama malah gk bergerak posisi driver nya di chat gk di balas , di tlp gk diangkat .. sampai berjam2 gk dateng2 dn ttep gk bergerak . sampai gnti 6x driver sama saja ternyata banyak driver yang mengeluh ongkos gak sebanding sm jarak klo emang gak mau kenapa gk di batalin ajah biar kita gk nunggu berjam2 mreka pngennya kita yg cancel agar bintang mreka gk jelek kecewa banget sm gojek",3
pelayanan bagus,5
"jelek, sekarang dapet driver jadi lama tidak konsisten, ada driver yang posisinya dekat tapi malah dikasih yang paling jauh, jam ramai masih banyak driver kosong tapi tidak dikasih APLIKASI TERJELEK SEDUNIA. edit: masalahnya kak, bahkan aplikasinya sendiri juga sering tbtb loading dan gak bisa dibuka padahal kuota aku ada dan buka aplikasi lain aman, tapi pas buka gojek malah gabisa?? katanya ada kendala teknis??",1
is the best,5
ok,5
aplikasinya setiap buka selalu nge lag jarak motor masih jauh tiba² udh sampai aja tolong perbaiki lagi jaringan server nya jangan bikin lag,1
pokonya mantap,5
memudahkan perjalanan,5
solusi buat gak ada yang bisa nganter,5
terimakasih cepat dan yepat pelayanannya.,5
mantap,5
"saya sudah 3 tahun setia pakai gojek,dan baru kali ini saya sangat kecewa karena tidak ada layanan hemat lagi, dan saya sanagat butuh untuk transportasi berangkat maupun pulang sekolah, dan saya pindah ke grab karena hematnya ada terus",1
ok,5
goodluck,5
aplikasi yg sngat membantu,5
bagus,5
sangat membantu,5
ok,5
"perasaan dulu ga sesusah ini nyari driver, apalagi kalo pagi, beuhh ga dapet2 dah tuh sampe siang",2
Good,5
mantap pelayanan di aplikasi ini,5
murah taripnya,5
Best aplikasi transport online 😍😍,5
ok,5
TOP,5
mantap,5
sangat terbantu cuman kasian bapak ojol banyak kena potongn,5
ok,5
bagus,5
saya suka saya suka,5
"mantab, gigih mas drivernya cari alamat",5
sangat bermanfaat,5
bagus,5
"Ga ada perubahan, pesen gofood ga dapet driver 1 jam lebih, sekalinya dapet di cancel dan mesti nunggu, akhirnya resto minta batalin karna ga dapet2 driver HARUSNYA BIKIN KETENTUAN DRIVER GA BISA CANCEL ORDERAN MASUK,, CUSTUMER UDH ISI GOPAY, PESEN MAKAN DAN UJUNG2 NYA DIBATALIN ITU NGERUGIIN BANGETTT",1
ok,5
gblk aplikasi gaje drivernya pd ga niat kerja,1
baik baik ojolnya,5
bagus,5
i uX u hh,5
"selalu dapet diskon yang dar der dor, syukakkkk",5
cepat sampai,5
puas.,5
the best,5
"PROMO PINJAMAN, UNDIAN MOBIL, MOTOR, DST. AKAN DIUNDI 31 MARET 2026 SAMPAI SEKARANG TIDAK ADA PENGUMUMAN BOHONG BGT NIH APLIKASI SUDAH BUNGA TINGGI, TENOR PINJAM PUN, HANYA 2 BULAN TOK.",5
"Aplikasi Gojek Lelet sekali, pantesan saja mahal! Kasih bintang 1 biar tau rasa!",1
amanah,5
bagus,5
ok,5
"susah bgt cari driver untuk gofood, udah 2× dibatalin gara"" ga dpt driver",2
ok,5
bagus,5
okelah,5
ok,4
ok,5
good,5
sangat membantu,5
mantab,5
goood,4
memuaskan terimakasih,5
good,5
sangat membantu,5
good,5
on time,5
rekomendasi,5
mantappp,5
"gocar sangat baik pelayanan nya, khususnya dapat sopir yg baik² semua",5
enggak pernah kecewa sama apk inii love sekali semoga semakin sukses dan pertahanan kebaikan apknya walau sering eror aku ttap pengguna setia gojek apapun jenis layanannya...,5
nyaman driver rapi,5
good driver,5
"mantap,mempermudah sy utk bepergian n memesan makanan cepat........................",5
"akun tiba2 terblokir, katanya ada penyalahgunaan promosi, tapi gak dijelaskan situasinya. pengaduan ke aplikasi dan telp ke cs juga gak ada penjelasan, padahal sudah bertahun tahun pake gojek dan melakukan aktivitas seperti biasanya",1
gojek enak sekalii pollllll,5
Semoga selalu memuaskan pelanggan,5
mantap,5
sangat puas dan menyenangkan,5
mantab,5
good,5
oke dah,5
"susah bgt dapet driver, ternyata dikasih rating rendahh,pdhl sering ngasih tip dan bintang 5 sama driver.. please perbaiki sistemnya biar costumernya bisa liat siapa driver yg suka ngasih rating rendah sama costumer.. dendam bgtt lagi jm lapar.. kalau udh nanti bintang lima",3
"sistem sampah gabisa hubungi resto itu sistem terjelek, ga bisa cancel makanan karna udah keambil resto. gw salah alamat, biasa app langsung ganti alamat pengantaran ini engga. sialan 50k ilang gitu aja.",1
"harga ongkir gofood sangat mahal, bahkan lebih mahal daripada harga satu porsi makanan yang akan dibeli",1
mantap,5
"payah bayar gopay pinjam lancar sampai lunas ga telat2, mau ngajuin lagi di tolak.",1
gojek apk bobrok nyari driver lama banget mending hapus saja bikin telat asu dancu,2
sangat membantu,5
senang,5
smkin d tingkatkan kinerja nya,4
pokoknya sangat... dan sangat membantu😊👍👍👍,5
ok lah drpd ACI,4
bagus gampang,5
"selaku pelanggan lama gojek agak kecewa ...krn sekarang sepeda listrik masuk k goride comfort, jujur gak nyaman tempat dudukan nya...bikin pinggang sakit..apalagi klo ada jln raya nya gak mulus sakit semua setelah naik goride comfort sepesa listrik...mohon d ubah donk gojek...please",4
Pelayanan dan promo sudah baik,5
....aman dan bertanggung jawab👍,5
pelayanan driver nya bagus,5
ok,4
mantap,5
bagus,5
Terkadang gojek ini tidak pake baju gojek pakek baju biasahh kann risihhh kalo di gonceng,2
"lambat, aplikasi GK jelas ada driver di samping malah di kasih yang 1,9km gila gila. dah malah telat lagi bujg",1
asik supirnya sama2 pernah di palembang,5
ni aplikasi kalau di gunakan pagi hari suka aja buat org telat!!!,3
Suka banget 👍,5
kadang lama dapet driver nya,4
"driver lu pada manja manja, seenak jidat ngelayanin cust",1
aplikasi lambat,3
tumben gak ada promo hemat nih min hehhehehrhehhe biasanya ada kembali ke harga normal ya?,5
"mau pesen mobil susah banget udah pake mode pencairan cepat juga sama aja kalau misal ngak ada mobil,tulis aja ngak ada jadi kagak nunggu berjam² nyari kagak muncul²",1
alah ga berguna lu jadi aplikasi dasar tolol maaf maaf ga nyaman tolol lu makin kesini servernya makin jelek ga bermutu bikin telat gua brgkt kerja monyet lu,1
parah driver sekarang pilih2 customer sama tarif tujuan ke sekolah pasti pelajar di cancel terus....kacau,4
"kecewa banget sama gojek, driver nya gaada yg mau terima program hemat, mending gausah di adain aja sekalian, aku mau sekolah jadi telat dan kena marah, padahal udah 30 menit nunggu gaada yg mau ambil, dahlah uninstall aja",1
aplikasi paling lelet setiap pagi susah mencari driver sekali dapet langsung di cancel,1
"Tukang Ojeknya sekarang banyak yang ga mau narik , mending pecat pecatin aja biar pada nganggur lagi",1
👍🏻👍🏻👍🏻👍🏻👍🏻,5
"lelet,mahal,jarak cuma 1km semahal itu",2
keren,5
"aplikasi jelek, cuman buat telat aja, ga bisa diandelin, banyak driver yang lebih dekat tapi disambungin sama driver yang paling jauh",5
"layanan semakin buruk, baik dari layanan aplikasi yang semakin mahal dan banyak tarif lainnya serta pengemudi sekarang yg kurang loyal. saya pikir ini terjadi karena kebijakan dari gojek sendiri",1
kecintaan makhluk magerr,5
"login awal susah sekalinya gagal langsung nunggu 60 menit , kecewa 😑😑",1
Sangat bermanfaat,5
"tolong untuk para driver nya di cek lagi, banyak sekali yang di luar ekspektasi, dateng pakai sendal lah, celana pendek, spion kiri gak ada, gak pake jaket go jek, sambil ngerokok, kalau perlu yang rate di bawah 4, langsung di Shut down akun nya",4
"Smoga sukses n Sistem tolong di Rubah untuk Promo & Voucher khusus Coustumer or Pengguna Aplikasi Go-Jek Pelanggan,untuk Pemesanan or Orderan jngn terlalu Kelamaan untuk Mendapatkan Driver or pun untuk Pengantaran dri Driver. Spaya Mempermudah & Melancarkan untuk Pemesanan dri Aplikasi Go-jek. Trimakasih...",5
"driver nya parah , g ada yg mau ambil padahal saya sdh minta tolong tapi g Da yg mau",1
"Saya bayar, sebelum bayar udah dipastikan voucher nempel. Pas udah bayar, malah voucher gak dihitung nempel & gak dpt cashback. Aplikasi Penipu!! 👎👎👎👎👎 sekarang ditambah lelet banget aplikasinya. 👎👎👎👎👎",1
22o,1
ok,5
makin keerrreen aplikasi nya,5
"TOLONG DONG UNTUK DEVELOPER / IT SUPPORT / SEARCH ENGINE APLIKASI GO JEK, ini loh banyak sekali dari oknum driver kalian yang masih tidak tau aturan lalu lintas ( lampu lalu lintas, Marka jalan, symbol plang di pinggir jalan, dll ) tolong untuk lebih di ketatkan lagi dan apalagi banyak oknum yg provok. Dan tolong juga nih di perhatiin untuk costum drivernya kalau bisa di berikan gratis/berbayar dalam jangka waktu 1-3 tahun sekali,karna banyak driver kalian yg costumnya udh rusak/sobek/dll.makasi",1
ga ada perubahan. klo complain ke cs pun ga akan ngasih solusi yg terbaik buat cust. mendung dikit aja pasti susah dpt driver. jarang bgt juga dapet driver yg ramah & sopan. intinya kureng makanya ku pindah ke sebelah,1
diskon nya tidak ada dan gratis ongkir nya sangat sedikit,1
sesuai kemauan konsumen👍👍,5
nicee,5
apk goblok di nteni suene neni malah raono tukang ngeterno ne picek tuwas ngenteni kaliren,1
anehh padahal ga pake ongkir hemat pun dapet drivernya susah bgttt bisa sampe 2 jam 😭,2
"3 jam nunggu driver ga ada driver mulu, error ni apk",1
selalu pajak Gocar,5
Bagus,5
jelek banget malam dikit susah dapat driver norak,1
Entah sistemnya yang bobrok atau gimana ya sampai driver goride dll pada gamau ambil orderan.. kadang tuh klo urgent kita jadi bingung.. udah males pake gojek kalau nunggu goride aja bisa sampe 10 menitan gada yang mau angkut padahal harganya udh naik banget.. alhasil ku pilih ijo yg disebelah bayar pake cash yang penting cepet dapet drivernya.. sangat mengecewakan gojek sekarang.. jangan kebanyakan korup makanya.. 🙏,1
"udah di apdet pula, apdet mulu anying, nunggu 1 jam gila', februari 31 maret 2026, gak tawu gak mood gua lapar dan gua udah pesen makanan dari resto lain, disuruh nunggu driver sebelum makanannya di kemas, padahal mah resto lain s.o.p nya kagak gitu, inisial geprek bassmallah, + juga kagak bisa di pencet untuk chat resto gila' kontlolodon apatis kelen, yaelah kesalahan sistem anying harus out dulu dari gojek, karena warungnya lupa matiin kontlolodon",1
LauMayanLah' dariPada LauManyunLah..,5
"sangat membantu dalam banyak aktifitas, pergi pesen makan atau minum dan progam program lain nya.",5
Tolong kesejahteraan driver di perhatikan ya. bisnis memang cari untung sebanyak. tapi jangan lupa jasa driver yang jadi ladang penghasilan gojek. terimakasih.,5
cepat,5
"Gatau kenapa udah hampir semingguan ini susah dapat driver, kata nya karena ada kebijakan sistem (dari komen driver di tik tok) yang membuat driver cuman dapat sedikit dari hasil.",1
"Lama susah cari driver ketika di butuhin, kadang sampe sejam",3
mending pake ijo sebelah lebih manfaat . ini aplikator korup.,1
oke,5
GOJEK BIKIN FITUR BUAT PEMBATALAN GOFOOD DONG! SUSAH BANGET KALO SALAH PESANAN MAU NGEBATALINNYA KUDU NUNGGU 1 JAM ORANG UDAH MATI KELAPARAN. KALO TERLALU JAUH TUH DRIVER GAADA YANG MAU AMBIL PESANAN! KITA KONSUMEN JUGA KALO UDAH KELAPARAN SUKA GA BACA ALAMAT WARUNG NYA,2
sipo,5
bagus pelayanan nya,5
ramah,5
ok,5
wah,5
sangat membantu dalam kegiatan sehari hari,5
ok,5
"kalo buat pesen gofood selalu lama banget nganternya dan dapet drivernya juga suka lama bahkan sampe gak dapet driver dan kalo pesen buat nganter orang juga lama dan selalu dapet driver yang jaraknya jauh-jauh, sama kalo pembayaran menggunakan cash driver selalu bilang gak ada kembalian terus sebel jadinya😡😡😡😡",5
Good... 👍,5
"sekarang susah cari driver, dapat kadang posisi jauh2",4
"hem, bagus",5
"lumayan kecewa gw ama sistem aplikasi, utk cari go ride susah sekali dan selalu dapat yang jauh-jauh. belum lagi tiba tiba drivernya cancel walaupun deket. kecewa gw anjg ama sistem apk ini",1
kenapa ya gofood sekarang susah banget untuk dapat driver?,3
memuaskan,5
"susah bgt dapat driver food, mana gk bsa cancel lagi hrus nunggu 1 jam lebih baru bisa di cancel. tolong ubah dong sistemnya bisa di cancel 15 menit paling lama. ini gmna sih kecewa bgt. dlu aman2 aja skrng knpa bisa gini.",1
"pelayanan cepat, tidak ada bug, gacor",5
kalau pagi sulit buat dapat gojek & sering di minta cancel oleh driver,1
"mohon untuk di atasi untuk penjemputan yang lama,di karenakan memakan waktu dan tidak worth it dengan harga yang di berikan kepada customer, di mohon untuk pihak Go-Jek melakukan pembenahan agar customer tidak harus menunggu lama dan jenuh, jika menunggu 5 menit untuk mendapatkan driver baik baik saja, tapi ini lebih dari 30 menit, bahkan sampai 1 jam lebih menunggu driver yang tidak kunjung datang, jadi mohon di dengar untuk keluhan user/pengguna",1
lama kalo cari driver nya,3
ini kenapa sih aplikasi nya di download ga jalan jalan padahal internet lancar,2
sayang nya mahal ongkir makan,4
emang oke gojeknya tepat waktu ramah baik,5
Aplikasi susah sinyal,1
mantap,5
bagus,5
dapet driver lama banget sumpah bikin telat aja,1
"baguss bangett, banyak promo, ga nyesel download gojek selama ini. ter the best💗✨",5
"susah mendapatkan driver, saya kesulittan untuk berangkat atau pepergian, karna tidak ada driver yang mengambil orderan",1
menyenangkan,5
dr 2017 SMP skarang 2026 best dll pkai apk gojekkk,5
cepat sampai tujuan,5
knp selalu menyediakan promo & fitur goride hemat padahal pengemudi jarang yg mau ambil. Klo fitur hemat driver sering nolak. Buang2 waktu apalagi udah ditunggu ujung2 nya cancel sepihak!!,2
nyaman,5
"Aplikasi nya bagus, tapi tolong masa karena sistem nya error gara gara pesan makanan lewat go food",3
akhirnya aplikasi nya kembali normal lagi,5
kewrennn,5
Make everything easier.,5
aplikasi ini sangat baik untuk di gunakan,5
"Udah ke sekian kalinya saya memesan makanan udah nunggu beberapa menit tapi driver gak di temukan ini gimana !, pada kemana coba padahal perkota kan banyak",1
Good job bro,5
ok lah,5
"hadeu sangat susah dapat driver padahal lokasi para driver nya dekat, tolong d perbaiki lagi",2
bagus bisa beli yang kita mau,5
TOP,5
pokoknya bagus,5
pokok nya baguss,5
nyaman,5
baik,5
semoga semakin sukses di dalam melayani dan semakin baik,5
gojek bnyk penipuannya y skrng,1
aplikasinya sekarang ndak sip,2
entahlah kalo mulai mendung para driver pilih2 penumpang,1
"kesan pertama mengecewakan, dikasih promo tapi dapet driver yang aneh, pertama abangnya gak jalan2 dan kedua juga sama, tunggu lama gak jalan juga dan baru driver ke 3 tanpa promo drivernya baru reapon cepet dan langaung jalan",1
bagus nganterin saya 🙋kapan saja,5
mana no customer service gojek driver nya?,1
pelayanan bagus👍🏻🙂,5
"banyak promo, mantapppp🔥",5
drivernya Ndak sopan karna motornya hampir nyeruduk pintu kaca apotek.,1
gajelas driver pilih pilih banget aplikasi gj hapus dri playstore aj,1
"good aplikasi, rekomendasi untuk yang mau berpergian",5
good,5
suka dg aplikasi ini sangat membantu,5
terimakasih Sampai tepat waktu,5
ok mantap,5
pelayan aman sopan,5
Bagus dan cepat saat memesan gojek dan prosesnya tidak lama,5
"kenaoa aplukasunya dibuka lelet banget serink blank putih,padahal saya sering banget pakai gojek",3
sangat membantu disaat saat yg mendedak,5
bagus,5
good,5
aplikasi terbaik dan terbagus,5
terima kasih,5
memuaskan,5
"driver gojeknya kurang ajar, numpang berteduh di depan rmh orang tp motornya di naikin sampe hampir nyeruduk pintu rmh, di kasi tau baik2 malah nyolot. gimana sih ini gojek milih driver tp TDK sopan.",1
Mantap...,5
keren,5
"ini aplikasi gocar saya ko gk bisa dipakai kenapa saldo saya masih banyak,, pengen ngamuk saya kalau gini, semakin error aja ini",5
sangat membantu,5
memuaskan,5
"Murah,cocok buat berangkat kerja",5
bagus,4
"Solusi terbaik,untuk menghemat waktu",4
bagus aplikasinya lancar buat transportasi luar maupun dalam kota.,5
Bagus banget cepat,5
BESSSSSTTTTT,5
ya gitu deh,5
baguss,5
cakep,5
good,4
bagus,5
sagat bagus dan membantu,5
ok,5
"order driver lama,kalo sekalinya dapet,jaraknya jauh,sama drivernya juga suka nge cancle,karna dari aplikasinya.",3
terbantu sangat 1.untuk perantauan seperti saya terkadang jalan yang saya ga tau jadi tau 2. merasa aman ga takut kesasar 3. terbantu untuk transportasi umum bila butuh cepat dan tepat waktu,5
mantappp,5
grab lebih bagus ada fitur cod kadal Ama biawak,5
mudah di dapat drivernya begitu juga metode pembayaran nya bisa tunai dan gopay,5
orangnya ramah enak diajak komunikasih😍😍,5
dapet driver jauh terus deh.,4
sangat baik,5
"Memudahkan kebutuhan kita sehari-hari, baik transportasi maupun pesan makan online",5
"saya beli kuota, malah nga masuk, aneh bgt, padahal saya pakai kerja lo, klo mau korup jangan sama rakyat kecil,",1
"Sangat memudahkan klo naik gojek atw gocar,cm klo anak saya mau brgkt sklh pg,knp GK ada yg mau order ya,apa ongkos nya murah.saran saya klo anak sklh pergi pg,tlg dong di respon,jd anak saya GK bolos lg.",5
oke,5
Pelayan & respon mantaps,5
"driver pada males, pilih² orderan. kalo trip deket ga ada yang mau ambil",1
OK,5
"login akun dan memetakan lokasi lama untuk penguna baru. bisa 10menit+. alasan jaringan ngak ada, padahal bagus lancar",1
"tengah malem laper susah nyari driver, sampe tokona tutup-_-",1
Nice aplication easy for Journey,5
banyakin promo,5
mantap,5
app status Mitra rasa karyawan kebijakannya sangat jelek,1
"payah susah dapet driver giliran dapet di cancel lagi mau ngirim barang susah bener bayar pake gopay gak bisa knp jadi banyak amat masalahnya akhir"" ini",2
good,5
sangat suport nyaman dan aman,5
muantap,5
layanan cepat dan mudah,5
baik,5
ok,5
aplikasi masa kini yang sangat membantu,5
mantap pokoknya,5
byk GOCAR SERING MENYETUJUI tp tdk merespon chat dan tdk datang,1
ok,5
👍,5
Pokonya bagi saya pengguna Apknya bagus deh....,5
Rating bagus tapi jadi yang paling sering dirugikan gojek.,1
"sy pesan makanan dekat rumah tp malah drivernya ambil pesanan saya trus terima orderan lain dan itu lokasinya di Pallangga jauh dari lokasi saya di sungguminasa. mana drivernya gabisa dihubungi, anak saya sampe udah kambuh maagnya nungguin muntah-muntah dia, dan pesanan jg gabisa dibatalin terpaksa pesan dua kali tp bayarnya dua juga",1
Mantap,5
Aplikasi penagih hutang,1
👍👍👍,5
Baik.,5
"enak, murah, bisa paylater juga😍👍🏻",5
bisa diandalin saat keburu-buru,5
"untuk anter sekolah anak driver jemput perjalanan 9 menit,sesek ngak tu... mau cancel kasihan nunggu kelamaan. apa ngak ada driver terdekat wooii...gojek",4
siiip,5
sngat membantu,5
"ngga ngerti lagi sama ini apk lelet bgt, udh pake harga yg paling mahal tapi ga dapet driver🥰🥰",1
ok,5
kenapa sekarang pesen Go Ride itu lama banget gak ada yg ngambil pesenan yah... bayar dah normal kadang ngasih tip juga,2
SEMAKIN MAHAL dan TIDAK REKOMEN 🥵,1
lama dapet driver telat mulu anjjggg,1
"pesanan lama, pas dapet driver posisi jauh , gojek udah bodoh",1
makin sulit cari driver perbaikin dong sistem nya kasian user yang jadi korban,1
"lelet banget bikin sya telat sekolah,udh di booking dr awal waktu aja masi gada yg bsa d dapet",1
susah dapet gojeknya,3
"sekarang nyari driver susah, pada ga MW ambil",3
tolong banget nih kak goride hemat tolong cepetin pencarian driver nya mak,5
suka susah dapat driver gak rekomend bat payah,2
puas,5
ok,5
mempercepat perjalanan apabila dibutuhkan,5
"selalu susah dan tidak dapat driver kalo pagi pagi order, padahal pagi itu jam jam rawan anak mau berangkat sekolah... sekelas gojek ga ada yang bersedia",1
tolong lah gojek jangan rakus akhir akhir ini driver jadi makin jauh dapet lokasi saya tau maksud fitur yang baru yang tambah 3000 untuk cari driver lokasi dekat tapi bukan begini,1
menyenangkan....,5
"susah sekali dpt gojek, sudah pakai yg paling mahal pun ditolak, 30 menit nungguinnya.",3
ini kenapa ya saldo kepotong 72.000 padahal order gocar gak dapat??? sudah yang kedua kalinya nihhh kacauuuu!!,4
"hati2 para pelanggan, saya memakai app ini sdh sgt lama dan hr ini sy sgt kecewa krn 3 hari lalu sy memesan makanan tp 2 item oleh resto di bilang abis, bgtu makanan tiba sy byr driver lgsg tancap gas tanpa memberi sy uang kembalian dan lngsung di end chat. sy buat laporan hingga 3 hr bertele2 di minta foto berulang kali n di blg gk bs lapor sth 24 jam pdhl sy lapor saat itu jg tp pihak gojek yg sengaja meresponnya keesokan hari. Hati2 aja para pengguna app gojek jika beli makanan.",1
👍,5
"APK OJEK MAKIN GOBLOKKKKKK, GADA BAGUSNYA KNTL",1
driver nya pilih pilih,2
"bnyak driver nakal,, diapliksi tulisnya 12rbu glirn byar mintanya 30rbu.hati"" klo plat beda dgn nmor yg trcntum diaplksi jgn mau.hnya modus.",1
tolong drivernya yang kompeten saya sudah nunggu lama udah sampai di cancel,1
great app,5
mantp,5
cs layanan nya jelek ga member solusi,1
Bagus,5
Bagus banget aplikasinya🥺,5
Mulai bosok 🤣,1
terimakasih,5
segala sesuatu menjadi lebih mudah,5
"bagus applikasi nya cuman buat gofood banyakin voucher gratis ongkir, untuk transaksi under 20 ribu dong 🙏🏻",4
mantaaaap,5
"yaoooooo berguna banget buat aku yang suka mageran ini, pelayanan nya juga oke2",5
jos,5
"Selama 10 Tahun Pake Gojek, Baru Sebulan ini merasa SANGAT KECEWA. 1. Argo Selangit tapi buat dapet Driver Lamanya minta ampun; sekalinya dapet Jauh, nunggu lagi; 2. Order Gofood juga susah buat dapet driver, harus nunggu 30-45 menit baru bisa cancel.. Itupun belum tentu dapet driver. Sekalinya dapet, mesti nunggu lagi makanan untuk dibuat; 3. Dari dulu kalo Hujan Lelet. Gojek Gak Menghargai Customer kalo begini caranya!!",1
MANTAAAAAP 👍,5
tolong di perbaiki LG susah dapat driver Skali nya dapat lama jadi kesel,2
mantul,5
Putar-putar cari driver pembayaran tunai,1
"u've to download it😙 update 30 Maret 2026, skrg pesan gofood mencari driver LAMAAA BANGET. itu tuh kenapa??? saya di fnb jg gitu, pesanan lama di pick up dan berujung cancel. toko rugi, buang waktu customer nunggu makanan.",5
"lemot cari driver keburu asam lambung ,aplikasi nya yg lemot",1
smua baguss,5
"tolong bilangin gojek daerah Dawuan Karawang, ga usah blagu kalo dpt order 10k, nnti anyep koar2.",1
susah bgt dapet driver pdhl lokasinya driver nya pada deket bgt tapi susah bgt,4
"pesan gofood sdh hampir 1jam tiba² restonya membatalkan pesanan,supeer² kecewa berat sama restonya knpa GK dari awal kasih info,bagusnya kasih bintang 1 resto macam itu",2
Satu aja dulu klw bagus kasih bintang 7 puyer Go-Jek lemot perbaikin LG,1
tolong perbaiki lagi aplikasinya sama supir nya mobil ga bergerak-gerak terus,1
"makin hari makin susah dapat driver, mana markup harga tinggi",2
Mantap,5
resto nya banyak.yang bermasalah dalam konfirmasi dan penutupan makanan habis ..di tambah lagi driver nya sulit dapat ..kalau argo murah ...ini menyulitkan konsumen yang sedang butuh ..kalau begini bukan serba gapang tapi serba susah..jika begini terus kedepan nya saya rasak bakal rusak pelayanan gojek ini,1
memudahkan dlm transportasi darat,5
cocok,5
"driver nya pilih pilih, g mau kalau pesen dari aplikasi maunya langsung Carter dn harga ny lebih mahal dari harga apk",1
bagusss terima kasih,4
bagus dan yama,5
"nih baru aja gofood pake reguler, padahal lagi ngga rame pasti di notifikasinya selalu telat. gila emang kita diminta bayar lebih untuk pake ongkir yg lebih mahal (padahal yg mahal sama aja telat juga)",1
Sangat membantu aktivitas perjalanan saya,5
"jadwal selalu nd sesuai aplikasi,kadang di aplikasi jam 20:10 bakal dianterin eh malah nunggu sejam an,kadang disuru cencel sm apk ny",1
Bagus,5
"titik pengantaran tidak sesuai padahal gps saya aktif, jadinya saya berantem sama abg gojeknya, saya pesan dari rumah malah d antarnya ketempat lain",1
"saya pesen gofood,tapi malah kaga dapet driver pengantarnya dan disuruh nunggu keterlambatan lamaa bgtt😡",1
bersih sopan cepat,5
selalu dapet driver yg gasopan,1
lelet lelet lelet lelet lelet lelet selalu kaya gitu,2
mantap,5
"penyelesaian masalah kaalian sampah, tanggapan CS kalian lebih sampah",1
memudahkan segalanya,5
nyaman aja sama gojek,5
Puasssssss,5
udh lama pake gojek dan gopay bahkan transaksi bulanan bisa sampe 12juta tapi kalo nyari driver harus nunggu sampe 1jam lebih dan banyak vitur yang ga bisa di akses kaya gopay pinjam dan gopayletter juga gabisa huh,1
kasih bintang 5 biar si baca..makin kesini tarif ongkir gofood makin ngsak ngotak.. cuma beberapa km aja ongkirnya bisa SE mahal itu..di jarak yg tinggal nyebrang doang..misalnya antar lounge 78 ke kantor pajak..bisa 43 ribu..,5
oke,5
sangat mengecewakan aplikasi hanya bisa chat balik saat pesanan diterima tidak lengkap driver tidak dapat di telepon kembali,1
susah banget dapet driver,2
"langganan gojek plus udah kebayar dan kepotong 2x malah tapi tetep gabisa dan error, aneh",1
keren,5
bagus,5
asik banget semenjak dowload gojek,5
kecewa kalo musim hujan driver susah apa lg argo murahbanyk drama driver nya,1
"ole sih, tapi skrng knp jadi mahal bgt mana lama lg",5
kenapa ya kalau cuaca mendung cari driver susah nya setengah mati apalagi pas pesen makanan nunggu sampai 2 jam tu tolong aplikasi gojek nya di pebarui atau kekmana supaya pelanggan puas,1
"sekarang makin susah nyari driver, jelek pemcariannyq padahal disekitar lokasi banyak, diperbaiki lah",2
sangat membantu di saat membutuhkan,5
ok,5
"Makin kesini makin busuk, goride gocar dapat driver nya lama meskipun sudah prioritas sama gofood pun juga lama",1
"sering kelamaan buat dapat driver untuk gofood,jelek gak ky dulu gercep.",1
teruji lah,5
aplikator kikir tolong di perbaiki sistem nya saya dapet driver susah karena aplikator nya kikir,1
gjls bgt g bisa login,1
"lama banget cari drivernya padahal rating ku juga bagus, trs kalo pesen gofood cari drivernya juga lama banget, udah dapet drivernya ehh sama yg punya resto tiba tiba dibatalin gitu aja harusnya kasih masukan buat para resto kalo tiba"" cancel"" aja gaada konfirmasi dikenakan sangsi biar kita para customer gak harus buang waktu",2
gojek nipaling oke,5
top,5
deket cuman 1km pasang tarif 30k pindah ke grab aja deh udah muak sama gojek,1
ok,5
"sudah pesan GoFood, disuruh nunggu 30 menit, smpe 3 jam nggk kekirim"", penipu..",1
"mau ambil barang pake go send, pesen Uda 1 jam tapi ga dapet2,,paraaaaaaah",2
Sekarang tidak bisa tracking drivernya,1
membantu 👍,5
sejauh ini ok,5
bagus,5
pelayanan lama,1
"drivernya sering mogok kerja ga mau ambil orderan, cari driver susah bgt pdhl genting gada transportasi",1
memuas kan,4
susah dapat driver skrng,1
seringgg susah dapet driver & kenapaa goride hematnyaa dihilangkan,2
"LAMAAA BGTTTT LELEETTTT, YAAMPUN GUA GOPUD NUNGGU HAMPIR 2 JAM",1
susah nyari driver padahal masi sore,1
Pelayanan aman dan ramah,5
oke,5
keren,5
tarifnya tambah mahal,3
gojek apk pembohong masa iya jarak dekat cuman muter2 gax jelas,1
makin lemot. berkali kali order berkali kali pula GK dapat kendaraan.,2
mantap,5
sangat membantu apa lagi kalau lagi buru - buru .,5
"gojek kenapa dah sekarang lelet banget, gofood bisa lama banget berasa pake yang hemat padahal pake express dengan alasan antri dll. nyatanya sampe rumah makanan dah dingin 😭",4
"Ribet nyari driver pake ada ""pencarian prioritas"" harus bayar lebih, kalau gak pake ini gak dapat-dapat driver.",2
"Thank youuuu Gojek, dimana ada saya disitu ada gojek selalu standby Sukses selamanya.",5
"entah kenapa akhir2 ini susah dapat driver, go ride go food gak dapat driver males banget",1
saya percaya gojek,5
ok,5
"tidak membantu, tidak membuat lebih cepat jg, sistem gojek emang sangat sangat buruk, terburuk !!",1
manfaat,5
"gak jelas, sinyal msih full tp pas mau pesen eror mulu tulisannya gak ada sinyal², padahal kuota masih banyak bisa buat sosmed lancar",1
mantap belum pernah kecewa pake app ojek online ini,5
"lelet, mahall di aplikasi pdahal udah tertera harganya sekian tapi ngeyel minta tambah mana minta tambah e GK kira"" lagi KLO engga kepaksa mana mau saya pesen di gojek ini",1
"gw bingung kasih bintangnya. setiap hujan pada pemalas, kalau misal hujan 2 harian full berarti libur dadakan ya ojeknya? nolak rezeki banget ya?",1
ok,5
layan go green sm saya tidak muncul kenapa?,3
tolong kecepatan untuk memperoleh driver diperluas karena saya sering kesulitan order goofood tapi kelamaan nunggu dapat driver dan akhirnya saya cancel percuma driver banyak tapi stay di 1 tempat yang rame saja outlet lain kesulitan dapat driver,1
membantu,5
semoga semakin jaya dan drivernya baik tidak boong in orang,5
lebih praktis kalau ada gojek,5
ini aku gak tau ya permasalahannya dari mana entah dari drivernya apa app nya ini drivernya dari tadi cuma stay di tempat gk ada pergerakan sama sekali tolong dong ditegaskan lagi ini nunggu drivernya sudah cukup lama ya driver dari tadi gk gerak sama sekali!!!,2
"jujur sebenarnya aplikasinya bagus, tapi kalo lagi hujan atau sehabis hujan ituh susah banget buat cari driver saya ga paham antara emang ga mau atau mereka matikan aplikasi namun sebanyak driver gojek yang ada tidak ada satu pun yang ambil, saya sudah mau rela keluarin uang yang aga cukup besar untuk pulang dengan jarak yang aga emang jauh sih, cuman biasanya saya akan kasih lebih untuk drive nya, sama saya sering kali dapat perlakuan yang tidak enak, dan gunakan kenalpot yang sni",2
Pelayanan oke..,5
jos,5
mantap,5
"drivernya sombong bgt main cancel cancel mlu, udh lama nunggu eh di cancel jembot",1
Puas,5
"susah banget cari driver pas lagi hujan, dan mahal banget ongkos nya udah kayak berkali kali lipat",3
gajelas sekarang nyari driver lama dateng juga lama,1
seneng banget bisa membantu ketika sedang mencari apa yang di butuhkan ada semua,5
seneng banget semenjak punya aplikasi ini aku nggak pernah bingung kalau ke mana mana,5
good job,5
Bagus banget,5
ok,4
sangat baik,5
bapak sopir nya baik sekali dan sopan sekali,5
sangat puas dalam aplikasi gojek ini,5
Sangat membantu dalam segala hal 🥰,5
bagus,5
"lama, nyari driver juga susah",2
bagus,5
gojek sangat berguna dan membantu saat membutuhkan anter jemput baju hijau green flag 💚,5
bagaimana cara untuk melaporkan perihal penagihan dari pihak gopay nih? ngelebihin dari aplikasi pinjol beneran.,1
"tlong ya drivernya klo gmw ambil orderan tu ya bilang, saya sering dianggurin driver selama sejam lebih krna mereka gamau ambil orderan lantaran mereka gamau ratingnya turun",2
"order pake gofood minta cocacola dikirimnya fanta. order 2 burger, ayam dan kentang large cuma dikasih 3 sachet sambal, padahal sdh saya kasih note minta tambahan sambal. jangan pelit2 ke customer. apalagi hanya sambal sacetan. hal sepele tapi bikin kapok.",2
"percuma ada ojol, kalo hujan susah dapet driver ntah goride atau gofood, bahkan gocar juga susah, di apk ojol lain ketika hujan pun cepat dapatnya",1
saat hujan lalu sudah teduh dan memesan makanan gak ada satu pun driver untuk mengantarkannya sangat membuang buang waktu untuk men cancel nya.,1
pengambilan barang tepat waktu,5
lebih mudah,5
"GO-RIDE hemat jemput nya jauh jauh, it bego",1
"saran, coba dibikin fitur goride/gocar yg dimana drivernya ini perempuan. Fitur nanti dikhususkan kepada pengguna atau customer yang perempuan juga. Pakai verifikasi driver, dan verifikasi pengguna juga🙏",5
bagus,5
ok banget 🧡,5
ongkirnya ga ngotak jirr,3
nyiksa Mitra nyiksa konsumen juga,1
sangat berguna untuk orang orang yang ga ada yang bisa nganterin,5
sekarang makai gojek cuman buat bayar qris aja untuk pesanan antar orang atau barang udah susah. kebanyakan drivernya beralasan,3
membantu sekali,5
aplikasinya sudah bagus. lumayan sering dapat voucher promo. kalo boleh saran adain juga metode pembayaran QRIS,5
"Susah amat nyari driver Gocar udah berapa kali kejadian dapet driver gocar ga becus diterima tapi kagak mau jalan, ngabisin waktu gw doang, ini aja gw bukannya nunggu driver malah nyari driver, gajelas",1
gacor,5
Bagus,5
bagus,5
SANGAT BERGUNA,5
"padahal ambil barang sesuai titik maps, masa muter-muter nyariin padahal terpampang jelas toko keliatan, alasan klasik biar nambah uang, udah sering GO-SEND ini di pinta lagi, saya tau masuk ruko bayar parkir 3rb tapi kalau blm lewat 5 menit free, saya pantau di maps pergerakannya dia kaga muter-muter ruko, kalau sekiranya harga ga cocok chat biar saya cancel jangan pas ambil minta duit lagi biasa oknum ni",1
"gojek sekarang beda dgn yg dulu, gojek sekarang cari driver susah, karena para hak driver gx sejahtera, saya dari beberapa kali order gocar gx dapat driver, sampai 3 x order, akhirnya ke aplikasi sebelah, order makanan hampir 2 jam, jd tak selera makan,",3
lama cari drivernya,2
sering nggak pernah dapet driver padahal posisi udah laper bgt,3
👍👍,5
"bagus,mudah & simpel",5
sangat membantu,5
nice,5
"aplikasi GO-JEK hemat, ada 2 driver hr ini yg tdk mau. dan yg ke 2. menghina konsumen dg chat wkwkwkwk hemat gitu doang trus di cancel sendiri",5
Good knowledge Good service Good innovation,5
kalau bisa titik nya di sesuaikan lagi kak saya punya resto setiap gosend walaupun alamat sudah bener tapi kata gojeknya titik tidak sesuai dan akhirnya minta tambah ongkos padahal saya cek di maps titiknya bener di situ malah driver e yang salah jalan bisa di perbaiki lagi kalau kayak gini saya rugi,2
"jangan ada yang ambil program nabung BRI yang terdapat pada aplikasi gojek driver. karna, terdapat ke-tidak dinkronan data antara saldo Brimo dengan saldo yang dipotong melalui aplikasi. kita ajukan komplen punsusah",1
mantap,4
bagus disponsor dgn GOpay,5
kecewa dengan gojek skrg dpet driver aja lama ssekali.. trs sering di cancel kalo pesen gofood. kayanya harus pindah aplikasi sebelah.,2
"map & titik mohon akurat lagi,trim",5
mantap,5
bagus,5
sangat membantu,5
aman dan cepat,5
bagus,5
bisa membantu,5
drivernya ramah,5
keren,5
Sangat bagus dan pelayananya sangat cepat,5
bagus,4
sejak ramadhan sulit dpt driver gojek,4
bagus...,5
sangat bagus,5
nice😊,5
lama dapat driver.,1
ok dah,5
sangatlah membantu dalam berpergian kesana saja,5
okelah,5
driver byaa ok2,5
"Saran aja, mohon kondisi jaringan nya di benerin ya, saya mau mesen goride susah banget harus pakai wifi, jadi tolong sekali dibenerin ya",4
buang buang waktu. nyaut driver lebih jauh ke titik Penjemputan daripada ke tujuan,1
ko gg bisa,5
sangat terbantu..👍🏼🫰🏼☺️,5
"turun deh jadi bintang 2, apaan tarif promo di batalin sama driver mulu.",2
aman berkendara,4
good,5
"jaringan susah ketika hujan, bnyk driver yg ada dekat, tapi yg dapat malah jauh""",2
sangat membantu sekali,5
sangat memuaskan,5
bagus sangat membantu,4
oke mantap,4
oke,5
best banget,5
baik,5
tepat waktu,5
"cinta bangettt, gojek nemenin aku kemana-mana 💕💕",5
bagus,5
sangat membantu,5
lemot banget herann. mana nanti notifnya wifi mati dll. padahal sinyal lancar jaya. buat buka apk lain pun lancar. emang cuma gojek aja nih yg agak agak kurasa,4
ok,3
semoga gojek Indonesia selalu memberikan pelayanan yang bagus dan memberikan keuntungan untuk penumpang dan driver.,4
cuma kalau hujan sulit dapat bah,5
cari drivernya lama padahal sudah pakek prioritas tetep masih lama pilih ongkir paling mahal pun tetap lama cari driver di si apk warna kuning lebih cepat,1
kren,5
bagus tapi aplikasinya berberat banget,5
sangat membantu,4
"Saya lebih suka tampilan Gojek daripada Gopay dan Gojek Memiliki lebih banyak fitur seperti gofood, gojek, dll. tolong dong pihak Gojek Adain Fitur ngeliat total pengeluaran kita perbulan seperti di Gopay, buat install 2 aplikasi sekaligus gitu rasanya memakan banyak storage",4
Mantaps,5
Aplikasi yang membantu kebutuhan saya,5
keren,5
"bagus, hanya penentuan lokasi pick up konsumen bisa lebih baik lagi ya",4
bapak supirnya mau diajak ngobrol sama anakku yng berkebutuhan khusus,5
"disaat butuh segera, lama banget dapet drivernya .. udah beberapa kali kayak gini.. padahal ada icon driver nya disekitar titik jemput, tapi gak nyangkut..",3
oke,5
"jujur aja ya saya tuh aga kecewa kadang sama driver nya. apalgi pagi ini bener' bikin saya emosi bgt sama sikap drivernya. saya anak sekolah dan saya pasti punya jadwal masuk dan ditutup nya gerbang, padahal saya udah bilang ke abangnya kalo mau beli bensin beli aja dulu. dia gamau ngertiin. waktu saya abis cuman buat nungguin dia isi bensin. dan akhirnya saya mutusin buat muter balik aja ga sekolah karna gerbang keburu di tutup dan saya bt.",3
"susah sekali akhir akhir ini untuk mendapatkan driver, baik dari goride maupun gocar",1
"aplikasi ojek online tapi ojeknya ga dapet"" wkwk",1
susah cari pengemudi,2
sulit sekarang saat urgent booking sudah setengah jam ga dapat2,2
driver ramah,5
"dulu cepet kalo dapet driver, masuk 2026 tambah susah cari driver tolong ya kita yg sekolah juga butuh nihh",2
"lama dapet driver, sudah telat 4 kali gara² gojek",1
lama cari gojeknya..,1
harga mahal ttp lama,1
driver nya banyak tapi di apk lagi nyari lama banget gw mau sekolah telat,1
"DRIVER LELET SEMUA, KAGA ADA YANG MAU NGANTER SEMUA. PADAHAL DI DEKAT LOKASI ADA BANYAK DRIVER TAPI GAMAU AMBIL-AMBIL, KESEL BANGET GILAA! UDAH BEBERAPA KALI KEK GANTI SAMPE TEMPAT TUJUAN SELALU TELAT.",2
lelet dapet driver,1
sangaat bangus sekali,5
ko skrg gojek jd mahal bgt jarak dkt aj smp 20rb ihhh.. ud jrang bgt dpt vocher.. parah sihh,2
"driver lelet, seenaknya sendiri, lalu sistem bintang di costumer suka di main mainin driver biar drivernya itu itu terus karena tip",1
"harus nya pembukaan driver di perbnyak, maka nya susah cari driver. karena driver yg lama2 merasa dia pling berkuasa. maka nya seenak nya menolak orderan",2
"Jujur sebenarnya apk nya bagus bgtt, tapi entah kenapa akhir-akhir ini kalau mau mesen goride tuh bener bener lama bgt, walaupun harga nya udah di naikin juga tetep ga ada yg mau ngambil padahal situasi nya bukan hujan, semoga bisa lebih di kembangkan ya",5
"Susah cari drivernya mau itu gofood, gocar, gojek. Padahal di sekitar driver banyak. Kemudian driver sekarang pilih2 orderan",1
semoga sekarang aman mohon pengawalan dgn ketat oleh pihak gojek biar tidak ada yang di rugikan oleh pihak ke 3,3
"tolng dong perbaiki sistemnya, masa jauh-jauh dpt drivernya. Mau hemat waktu malah jdi ga efisien gra-gara sistem kalian.",3
gojek makin tidak jelas dan .makan uang drver nya,1
"mantapp, utk harga ny tolong di turunin dikit hehee",5
"drivernya apa2 kena cas,hujan dikit kena cas,bawa barang bawaan dikit kena cas,kek aji mumpung segala dibikin kena cas",1
ok 💪,5
saya nyari makanan tengah malem ngetik nasi goreng keluarnya malah lalapan agak laen nih mohon diperbaiki ya,1
good good all good thank y,5
aplikasi aneh banget dapet goco tapi ga masuk goconya dari daily mistery box terus buka daily mistery box .malah di suruh gacha lagi alhasil coba lagi wkwkwk separah ini kah padahal tdi ada tulisannya goco di distribusi dan ternyata scam,1
suka gak dapet driver kalo pesen makanan,2
"Aplikasi gojek, go food nya skrg benar2 kacau dan mengecewakan. Saya sering mesan sampai nunggu Berjam jam dan yang ada malah dibatalkan. Untuk gofood kali ini saya sebagai konsumen sangat kecewa. Sudah nunggu lama driver tak kunjung dapat.",1
Sangat Puas,5
oke,5
"susah nyari driver,klo udah di batalin mau pesen lagi harus nunggu lama lagi",1
"ramah , dan cepat sampai nya.. makasih pak",5
pesen gofood susah driver,1
"ga mau pakai gojek atau gofood/gosend lagi, kurir/driver nya kasar kasar, amit amit",2
apk aneh mesen makanan uda nunggu lama masa driver belum dateng dateng,2
lama dapat driver udah 2kali dapat langsung diskip bintang 1,1
ok bgt pokoknya,5
3 dulu... 1 hari ..aku order 4x di tolak mereka... apakah mereka mendapat teguran..atau sangsi.... ini merugikan....jam 21..malam aku menunggu ..😪... tolong dong...profesional.... kalau menolak...lebih baik tidur saja....jgn online. terima kasih 🙏,3
gila susah bener nyari driver sekarang di wilayah Palembang,3
"makin hari makin gjls go food nya. saya pesen go food Uda 2 jam nunggu, driver susah bgt dapet nya. padahal pake yg ekspres. Uda ganti resto sampe 2 kali. kecewa bgt sama gojek. parah sih",1
Mantaaap...,4
ga masuk akal nih apk. apa2 di jadiin duit sm nih apk. mana lelet lagi. kasian mitranya. membebani mitra n cs nya.. ga membantu. kurang ajar nih apk. udh hampir 2jam nunggu mkn. ehh ga bisa order. cancel ga bisa.,1
bisa membantu saya ketika lg laper tengah malem,5
lama cok,1
"pelayanan drivernya okei, kecepatan mendapatkan drivernya juga sangat oke, dan pengantarannya yang sangat cepat dan mantapp",5
"knpa skrng jd lebih lama ya anter makanannya, pdhal jaraknya ga terlalu jauh tapi bisa sampe 30 - 50 menit. sedangkan di aplikasi lain bisa lebih cepet. tolong di perbaiki ya, terimakasih.",1
"Kelamaan cari drivernya. Pesen makanan nunggu 1jam cuman buat cari driver, ga dapet terus.",2
"lama dapat driver, pernah gosend di cancel drivernya",3
"overall stabil,ada beberapa bug nyebelin kaya switch payment dri tunai ke saldo gopay kadang suka gabisa. Kalo bisa sih tambahin payment qris kaya grab,sangat memudahkan genZ",5
"aplikasi gak jelas, udah 3 kali saya pesan makanan tapi gak dapat driver,emg aplikasi gak jelas",1
pelayanan mengecewakan auto uninstal. bye,1
good,5
OK mantaff,5
"woy lah minggu minggu ini driver ga mau ngambil pesenan apa, lapar ini lapar astaghfirullah...",3
"apk ga jelas. sekarang merugikan kedua belah pihak, pihak driver dan customer. dari driver selalu aja ga pernah komunikasi ke customer terkait narik atau tidaknya",1
trs bedanya pesen gofood express sama reguler apa min? beda harga nya aja kah? herman sayaaa,2
cepat dan mudah,5
"aplikasi lelet,cs gak guna",1
"dapet drivernya lama,dan dari kemarin pun sama,mentang-mentang ongkirnya murah jadinya GK ada yang nganterin (untuk wilayah bandar Lampung) untuk wilayah lain aman-aman aja",3
aplikasi yang makin hari makin bobrok,1
ga ngebantu,1
"DRIVER KOSONG PAS UJAN, NUNGGU GOFOOD SATU JAM LEBIH TAUNYA SURUH BATALIN DARI APK. GAJELAS",1
"pesan gofood lama bgt dapat driver nya, mana ngak bisa di cancel, nunggu hampir 1jam ngak ada kepastiaan, perut keburu lapar",1
ok,5
lama nya bener² kebangetan kalo mesen go food driver nya ga ketemu²,2
"ga dapet"" driver",1
"Gofoodnya pula udah 2x nunggu hampir sejam gak nyangkut2 drivernyaaa RUGIII WAKTU WOYYY kalo mendung dikit aja dapetnya jau bgt giliran dapet astaga gak ada beda sama tarif yg murahhh , waktu tunggu lamaa bangett , orang mah buru2 jadi nunggu set jam anjir",1
membantu transportasi saya,5
"kacau udah nunggu lama, gak dapet"" driver ternyata dibatalkan. estimasi nyari drivernya lama banget, udh gtu gak dapet pula payah bgt",1
semakin ke sini mencari gocar semakin sulit ntah kenapa padahal saya selalu ngasih tip kakau drivernya baik selalu nunggu di depan kalau driver udh dekat. kecewa sih,1
susah dapet driver kalo pesen makan keburu mati nunggu driver,1
"lelet, ada fitur hemat tpi driver gak mau ambil gblok",1
keren,5
aplikasi tolol,1
Makin lama makin bobrok aplikatornya. Tiap hujan driver selalu diam tanpa kejelasan.,1
"lelet, mahal, mending apk sebelah",1
"lupa sudah berapa tahun pakai gojek, tapi ini satu-satunya aplikasi ramah pengguna‐menurut saya. semoga kualitas terus ditingkatkan!",5
susah nyari driver untuk gofood. sebab kebijakan dari gojek yang membuat driver gamau ambil. dan akhirnya membuat konsumen tidak nyaman. kecewa saya sebagai pelanggan yang sering pesan gofood sebelumnya.,1
"sepi driver, 2 jam gk dapet dapet, sekali nya dapet langsung di cancel",1
mantap,5
Gojek cepat aman dan terpercaya,5
kenapa ya sekarang pesan gofood susah dapet driver padahal bukan pesan di jam yg sibuk sampe harus nunggu 30 menit itupun blm dpt driver juga.!!,1
dibatalkan terus ga pernah dapat driver,1
akhir2 ini driver nya pada ga mau Terima orderan sombong amat,1
makin lama makin susah nyari driver apk apaan ini mesen makanan 2jam nunggu driver mulu. dicancel gak bisa gak tau apa orang udah laper. GAK BISA DICANCEL NGETI GAK BAHASA GAK BISA DICANCEL,1
Banyakin promo ya,5
"kendala yng sering saya dapatkan,, sering kali cari driver lama, sampai kadang di batalkan pembelian karna lamanya atau gak dapet drivernya",3
kenapa selalu susah dapat driver buat gofood ya?,3
udah mahal malah ada bug pesen sendiri mana gabisa di batalin,1
"TOLONG TINDAK TEGAS SEMUA MITRA DRIVER, MASAK PESAN MAKANAN 1 JAM RESTO GA DAPET DRIVER. UDA ONGKIR MAHAL DRIVER KAYAK ORANG GA BUTUH DUIT AJA. KITA ONGKIR YA BAYAR BUKAN GRATISAN.",1
"kenapa akhir2 ini susah bgt driver nya?? yg goride, yg gosend, yg gofood.. ini udh sejam gosend gak ada yg nyangkut driver nya",4
"kalo pesen gofood jarang ada yg nerima padahal resto lagi ga rame, dan gabisa dibatalin setelah 30 menit gadapet driver, kadang udah 1 jam ga dapet driver tetep gabisa dibatalin padahal pengiriman prioritas",1
jarang dpt diver,4
game nya seru!,5
mantap dan membantu sekali,5
sangat bagus saya telah memakai apl ini selama 6 tahun pokoknya cepat,5
"bgs sh aplikasi gojek ni tp syng ongkosnya msh naik turun, klw mlm susah bnr dpt drivernya pdhl di aplikasi bnyk drivernya.",5
min gimana si driver gocar nyaa pada narik penumpang lain tapi terima orderan kita juga giliran udah nungguin pas udah selesai malah ga lama di tolak kan ga enak banget sampe 10 orderan tapi malah di tolak semua capek saya udah nungguin sampe 3-4 jam an capek banget akhirnya saya cari transportasi harusnya gojek memudahkan aplikasi malah mempersulit tolong di perbaiki dulu yak maaf KLO rada kasar soalnya saya juga kebawa emosi minal aidzin fal faizin.,1
nunggu driver harus nunggu sampe satu jam dulu baru pesanan bisa dibatalkan,1
"bubar aja ni aplikasi. go food wilayah serang banten, mandul. pindah ke sebelah ah",1
mantap,5
👍,5
"tidak disaran kan untuk pilih metode pembayaran cash, sampe gajah bertelur pun gak akan ada yang ambil orderan.Begitu pakai gopay, belum juga 2 menit sudah ada ambil orderannya. Saya sangat puas sekali. Terimakasih",5
apk sakit,1
enak,5
susah bgt dpt driver!!!!,1
nyari driver susah padahal banyak yang bolak balik depan rumah,1
bagus,5
kyk disengaja order didiemin sama driver pdhl di map ada bbrp mobil disekitaran lokasi. tapi begitu beralih ke prioritas yg harganya 55rb pdhl jaraknya dekat langsung deh dapet driver. parahhh,2
susah banget dapat driver gofood. nunggu waktu pembatalan otomatis sangat lama.,1
"rese Banget ngegofood hampir sejam gak dapat driver, mana lagi lapar mana gak bisa dibatalin😡",1
pilihan terbaik utk transportasi berbasis online. pertahankan dan tingkatkan mutu layanan.,5
sukaa,5
Kenapa ya kalau saya ingin memesan makanan itu dapat drivernya susah banget tolong dong diperbaiki lagi saya tunggu responnya,2
pembohong dan menindas rakyat kecil,1
best,5
"Apa ya baru kali ini, gomart di cancel driver sampe 2 kali, sesibuk itu atau emang gamau ambil orderan yang tarifnya rendah. Sombong banget. gue nungguin udah 30mnt lebih padahal lagi sakit dan gada yang bisa gua suruh, tapi malah kaya gini pelayanannya kacau.",2
driver pada lama² banget dapetnya mau gojek atau pun gofood,1
Beberapa kali order gofood dan sudah di proses atau menunggu lama tapi tiba2 dibatalkan sistem,2
"Penanganan masalah lambat ,tidak ada kepedulian, baik terhadap customer dan driver yang terkena musibah",1
luar biasa,5
"gatau kenapa skrng, lama bangt buat dpet deivernya udah 4x bgini susah dapet driver",3
good,5
khusus tanah bumbu (batulicin) driver nya stay di gacoan jdi outlet lain susah dapat driver!!!,1
"PESEN GOFOOD LAMA BGT DAPET DRIVER NYA, SAYA CANCEL KARENA HAMPIR 2 JAM GADAPET DRIVER!!!!",1
susah bgt order gosend,1
"pesan makanan udah 1 jam ga dikirim, gabisa dibatalin kocak bener",1
CACAT,1
"Nambah lama nambah aneh. pesen goride yg udh mode comfort sekalipun susah bgt dapat driver, driver banyak yg dekat tp ga ada yang respon, sekalinya dapat juga driver yg jauh kali dari titik ku. Sama halnya dengen pesan gofood, udahlah lama, sekalinya dapet tinggal anter makan eh malah di cancel driver. Pesan makanan doang sampe 4jam lebih tnp hasil.",1
"harganya gilaaaa , mending pake indriver",2
aplikasi ini sangat membantu dalam proses perjalanan saya,5
josss,5
Sudah 2 hari saya memesan GoFood tidak mendapatkan driver di daerah malang kota. Tolong di jelaskan kenapa bisa terjadi demikian.,5
ga layak digunakan,1
"susah banget dapat driver, mau ride atau food, jangan alasan tarif murah, mau bayar tarif yg mahal pun pada ga mau ambil, padahal di map nya banyak. alasannya jarak juga masih masuk akal, orang kotanya ga sebesar jakarta. beralih sebelah app aja",1
keren,5
"parah banget pesen makanan , gak dapet dapet driver , baru kali ini kecewa sama gojek ,",3
sekarang susah dapat Driver,1
bagus,4
"susah cari driver, sekalinya dapet minta cancel dengan alasan terlalu jauh, sedangkan liat di aplikasi banyak yg Deket, mengecewakan.",1
aplikasi nya kadang lelet status pesanan tidak berubah entah dari pihak resto nya atau gimana dan sangat sulit dapat driver padahal banyak driver yg berkeliaran tolong pihak gojek perbaiki lagi dan juga dibeberapa restoran itu kalau kita pesan gofood status nya pesanan disiapin segera begitu dapat driver ini adalah hal yg paling saya tidak suka di gojek mending pake grab,1
Ga dapet driver buat ambil gofood. Mau batalin tapi harus nunggu satu jam 👎🏻,1
aplikasi baguss cuman ongkirnya mahal hehe🤭🤭,4
cepet sih,5
sangat membantu,5
"gimana sih, pesen gofood selalu lama dapet drivernya, giliran udah nunggu hampir sejam, ga dapet driver akhirnya di cancel. mending beli makan keluar aja daripada nunggu lama. udah 2 kali begini, kirain udah dibenahi ternyata sama aja.",1
ştreş bngt,3
aplikasi sampah. driver gofod kalau mereka cancel nunggu driver berikutnya 30-40 menit. gojek sial,1
orang nya baik ramah dan sopan,5
bagus,5
Lama banget nyari Gojeknya,1
baik sekali,5
"tolong di perbaiki agar notifnya masuk. kasihan Abang gojeknya ternyata sudah tlp saya berkali kali, tp tdk ada notif masuk sama sekali, harus buka chat gojek dulu. tolong demi kenyamanan bersama. terima kasih",2
bgus bnget,5
driver nya skrng banyak yg jelek,3
"udah lama nunggu ternyata dicancel,...",1
susah dapet driver plss pdhl lg ungent bgt,1
"burukk,lama banget bookingnya",1
"mohon dibantu ditampilan beranda saya klik go food selalu muncul , Belum ada isinya nih padahal lokasi sudah di set up benar",1
"wey susah dapet driver, prioritaspun gak dapet dapet. gimana ini gojek kenapa, driver pada ga mau ambil orderan",2
bagus,5
"sekarang susah banget order gojek, driver seringnya tidak komunikatif tidak menjawab mau jemput gak, sudah ditunggu lama lama ternyata tidak dijemput, pengelola app tambahin review bintang difase order dong, jadi kalau ada driver yg gk komunikatif biar bisa kita nilai, karna yg gak kasih info seringkali menghabiskan waktu kita... mending kalau info gak bisa jemput sekalian malah enak kita bisa order yg lain... tapi yg terjadi pembiaran.",2
"kembalikan view driver versi mapnya biar bisa pantau drivernya di titik mana, malah di update cuma driver jalan gambar doang",4
bagus,5
bayar drivernya yang bagus dan dengan jasanya lah... margin tipis yang penting semua sejahtera,5
"gojek lagi kenapa si kalo aku setiap mesen ga ada yang ambil mulu najis,padahal ada gojeknya pada deket tapi pada ga mau ambil. udah batalin booking lagi masi tetep aja apa rating ku di driver jelek ya,padahal suka kasi tip,jadi males banget sekarang kemana² pesen gojek.",1
Lama tidak buka aplikasi nya bisa log out sendiri. Mau masuk aplikasinya susah.,3
driver nya ok,5
harganya sesuai,5
bagus pelayanan dan on time,5
sangat membantu konsumen,5
kadang lama banget dapet drivernya🥲,2
"Login susah,, saya customer padahal",1
"mls bgt jig. susah bgt nyari driver nya, jd sering telat kalo pake gojek, trus kalo pesen makan juga nyari driver nya lama bgt keburu ga laper lg",1
"udah beberapa hari ini cari driver lama, bahkan bisa sampai nunggu 2 jam, itupun masih ga dapet. padahal tertera masih banyak driver yang terdeteksi dan dekat. email dan pusat bantuan ga membantu sama sekali.",1
mantap,5
seru,5
"sering susah dapet driver, dg alasan lokasi penjemputan terlalu jauh dan minta di cancel ,kadang diterima tp menghilang dan stuck tidak bergerak tolong diperbaiki lg untuk driver yg seperti ini",5
"driver kebanyakan ga gerak ditunggu beberapa menit juga gaada balasan, tolong diberi kebijakan masalah ini.",1
Gila loh orderan naik prioritas aja tetap susah dpt driver,1
sejauh ini mantap pelayanan nya goodjob,5
kalo nyari driver jangan yang jaraknya jauh. tolong banget nungguin driver kelamaan makan waktu banget jadinya,3
"terlalu lama mendapatkan driver,",3
mantap memudahkan apa saja,5
Setiap kali pesan selalu telat/tdk ada drivernya padahal sudah menunggu lebih dari 3 jam masih belum dapat,1
drivernya terlalu milih milih,1
"Gojek, driver yang sengaja tidak bergerak, beralasan macet (padahal lengang lancar jalannya, ngecek dari CCTV kota), beralasan titik tidak bisa dijangkau, sengaja tidak cancel order biar penumpang yg cancel dan dia dapat 3k, mohon di evaluasi.",3
bagussss,5
ini kenapa ya kok tiba2 gak bisa masuk blass gak bisa di gunakan sama sekalee..ada apa ini tolong jelaskan,1
"booking tidak jelas, harga berubah ubah tiba tiba, tidak dapat driver sampe 1 jam lebih",1
kebanyakkan update mana mesti wajib update jd gabisa pesan kalau lg buru2 ngenttttt,1
WOI KALO MAU PESAN HEMAT YA DAPAT DRIVE JAUH MAKANYA PAKAI REGULER BIAR DAPAT DRIVER DEKAT :)),5
ok,5
keren,5
"systemnya di perbaiki lagi. masa sudah nunggu hampir 1 jam pesan gofood.. resto sudah nerima, udah dapet driver. tiba2 resto tutup. Udah laper pula.",1
pengantar nya cepat,5
aman nyaman,5
"biaya sering naik lebih mahal, driver jauh dan bertingkah, akses melaporkan susah",1
jos,5
jelek bgt pelayanan gofood nya masa pesen sadi jam 12 sianh smpe jam 2 siang g dapet 2 driver malah suruh munggu langi sampe jam 14.45 gila apa mana ga bisa d cancel pula ... perbaiki lagi dong sistem nya udh nunggu lama,1
"lama lama aplikasi ga ngotak harga untuk customer makin gila mahal banget dibanding grab gila gila,padahal saya sering banget gunain apk ini bahkan saya suka kasih tips buat gojek/gocar kecewa sih.. rating saya aja sebagai custumer lebih tinggi dibanding apk ini kecewa banget pokonya",1
makin Gak Ada Otak Driver Nya Semua,1
"mending apk ini di tutup saja, setiap cari drive pasti ga ada ya masuk dan percuma nunggu lama lama",1
"susah dapet driver,pesenan susah di batalin . driver sampe ganti 3x .. hadeuh gojek ini pelayanan nya astaga bgt",1
"pesen makanan doang lama banget 65-75? udh ditunggu eh dibatalin, nyesel gua percaya gojek, MENDING PAKE GRAB KALO GA SHOPPE AJA BUAT MAKAN. GOJEK GA REKOMENDASI",1
susah dapet driver,1
di mamuju sulawesi. kalau pesan makanan lama banget sejam .. pdhal dekat rumah,2
"ngaco banget sistemnya, dapet driver jauh 1km lebih, bukan apa apa tapi kasihan ke drivenya kocak, driver kalo lama dateng di cancel otomatis dari aplikasi, padahal salah sistem kenapa nyari gojek selalu yang jauh terus, mana kadang suka nyuruh cancel alasannya lagi makan, minum, eek, berak, modol",1
"gojek sekarang bikin kecewa, akhir2 ini susahh bangett dapat driver entah dari goride, gocar atau gofood juga",3
mantaf,5
ok,5
makin lama makin gajelas,1
GOOD....!,5
okey,5
bagus,5
sangat membantu,3
"pelayanan terburuk di dunia, driver susah di dapat",1
senng,5
"cri driver aja lama bgt, pdhl udh di prioritasin",2
mantap gojek Gorontalo,5
"saya pesan makanan sudah saya transfer ke gopay drivernya dan pesanan saya di cancel ,gimana ini gojek kurang amanah driver penipu di loloskan gabung di gojek nama account nya Muhammad Iqbal Saputra DD4106XBM",1
👍👍👍👍👍,5
"so sory, apk ini awalnya bagus bgt bisa ngebantu banyak hal. but makin kesini makin GAJELAS SISTEMNYA. kasian customer susah bgt dapet drivernya, pdhal di sisi lain para driver juga pada ga dapet orderan. DIPERBAIKI!!! jangan sampe gara² udh punya nama, jadi asal asalan pelayanannya",1
"Terimakasih sudah diantar tepat waktu, komunikasi drivernya baik, ramah, perjalanan aman dan lancar... 🙏",5
"banyak driver gak mau ambil jemputan, pelayanannya gimana",1
ramah,5
good,5
bisa pesan makanan,5
terima kasih bang. .. terpercaya dan tepat waktu,5
"lelet, sudah pesan gofood ga ada drivernya. dapat driver 9 kali malah di cancel semua, aplikasi apaan ini sistem gofoodnya begitu",1
senang memnggunakan aplikasi gojek semuanya bisa cukup dr rumah sdh bisa dilakukan,5
terlalu lama ini mendapatkan kurir lawak,5
Sangat membantu sekali,5
Mantap,5
sangat senang dan sangat membantu sekali pake aplikasi gocar,5
"semakin kesini semakin buruk aplikasinya sering banget eror gajelas, masukan aja mending sistem aplikasinya dibenerin biar ga lemot karena nyusahin kalau buat yang terburu buru",1
Membantu. ok.,5
kita coba babak baru.....,4
"lama lama gojek kurang ajar masa ongkir mahal bgt, padahal Deket saya pemakai gofood 3 tahun belakangan setiap hari sya pesen gofood bahkan sehari bisa 3x saya pesen gofood masa skrg lama lama kayak gak ngotak udah ongkos mahal, waktu nunggu bisa 1 Jam juga niat apa gak bikin fitur gofood apa nyontek ke shoppefood yang waktu anternya lama",3
"plis buat gojek coba pertimbangkan buat ngasih lokasi driver itu jangan jauh jauh kasian kadang terpaksa di batalin karena jauh padahal saya pengguna setia gojek Loh, karena titik nya suka presisi ga loncat tapi akhir akhir ini dapet driver lama dan jauh, akhirnya mempertimbangkan memakai jasa sebelah ya sayang sih harus nya bisa lebih baik ya",5
PELAYANAN KONSUMER BURUK..ROBOT SEMUA ISINYA,1
nice,5
"apk bodoh dan menyusahkan, main ngerubah harga sendiri, susah mendapatkan driver. MENYUSAHKAN",1
kebanyakan anterrin mkn gk pernah pakai baju seragam,3
pesan makan sekarang lama sekali,1
skrng cari driver susah banget udh gitu pada lama² lagi,4
okay,5
"order gofood tp nasi gak ada, komplen minta nasinya malah refund.. emang mau makan saldo????",1
"masalah jaringan,padahal kuota banyak tapi di apk masalah internet",2
gojek mantap,5
"driver di daerah saya sedikit jadi lama sekali ketika akan pesan, saran tambahkan lagi drivernya di titik titik tertentu",1
"Aplikasi gak guna. pesan go food, waktu persiapan 70 menit. udah nunggu lama, malah gak dapat driver. disuruh batalin pula. akhirnya pesen di aplikasi oren, ternyata lebih cepat dari estimasi. tegur dong para drivernya.",2
"Overall udah mantap, cuman ada beberapa bug kayak notif chat ga muncul, tolong diperbaiki lagi",5
"cari driver makin susah, kalau Nemu sengaja dibikin lama trus malah minta cancel, setiap driver yang minta cancel customer dpt biaya tambahan buat cari trip selanjutnya",2
Sangat membantu Terimakasih,5
"baru aja mau naik go car yang prioritas malah di batalin nih nomer plat mobil nya B1620ERM dan nama nya R. RINALDI AFRIYANTO Toyota Calya silver metalik, tolong di usahakan jangan begini lagi",1
nyaman . terima kasih,5
"Gopay saya di tarik sama orang tidak di kenal di tanggal 12 MARET, tapi dari gojek tidak membantu mengembalikan uang tersebut. malahan tutup kasus nya. di coba lagi untuk buka kasusnya tapi tidak bisa. tolong di bantu yaa ini aplikasi gak aman banget. udah beberapa kali saldo aku hilang",1
membantu dalam perjalanan 👍🏻👍🏻👍🏻,5
Saya mengharapkan agar Gojek Sejahtera lagi.🙏,5
mantap,5
"Driver baik ramah,datang tepat waktu dan juga mobil bersih 👍🏻👍🏻",5
go food so fasting,5
the best,5
"aplikasi mempermudah hidup. dsaat repot ini itu, klik lalu nunggu dan makan :)",5
mempermudah keseharian 👍,5
"setiap pesen gocar, selalu dicancel",2
nice,5
gak dapat driver smpe 1jam? yg bener aja ni gojek??,5
Bagus,4
"cepat pelayanan,sangat terbantu",5
goride hemat Rp.21.500 gocar hemat RP.20.500 goride biasa Rp.21.500 goride comfort Rp.21.500 😑 bingung mikir nya ini biaya nya ga jelas...,2
layanan bagus,5
kenapa gopaylater gk di acc padahal saya pengguna lama,5
Good,4
sangat baik,5
"Jujur ya, saya bener-bener kecewa dan emosi banget sama layanan GoFood kali ini! Masa aplikasi sebesar Gojek nggak punya fitur pembatalan yang jelas, padahal driver-nya lama banget nggak jalan-jalan dan bikin waktu saya terbuang percuma? Saya nungguin makanan sampai kelaparan, tapi pas mau batalin malah dipersulit seolah-olah konsumen nggak punya hak buat memilih, padahal ini murni kesalahan sistem atau driver yang nggak responsif. Tolong dong diperbaiki sistemnya, jangan cuma mau untungnya aja",1
bagus,5
Mencret!!!,1
mantap,5
nyaman,5
"semoga ga pailit gulung tikar ini aplikasi, gofood udah nunggu lama malah gaada driver.",1
LAMA DAPAT DRIVER,1
adakan promo krn skrg bnyk pesaing,5
terkadang susah dapat driver saat mesan gofood🙏,3
mantap,5
"kita beneran pesen di sangka nipu, padahal gk pernah nipu sama sekali, parah banget drivernya",1
ga niat lu pada,1
cepet respon,5
"kesel bngt, klw misal pas ngegofood ternyata toko nya nggk nyangupin atau driver nya nggk ada yg mau ngambil orderan, malah di suruh nunggu beberapa menit. kan jd nya bingung ke kita nya, mau cancel takut udah di bikin pesanan nya, nggak di cancel malah ngegantung status nya. klw bisa to the point aja lah, batalin dr driver klw nggk mau nganter, jd tinggal lempar ke driver lain, atau toko nya nggk sanggup tinggal langsung cancel aja. jngn nungguin dr sistem gojek nya. maaf aja ya bintang 3",3
dabest,5
aku kasih bintang 5 biar puas kalian. aku heran sama driver foodnya. kalau yg pesan cewek cepat sampe pagi pun dilayanin tapi kalo yg pesan nya cowok lama nya minta ampun.. terkhusus daerah semarang dan sekitarnya.,5
sangat wort it,5
"katanya ngelayanin 24 jam, gue mesen kagak ada yang mau anterin. hoax",1
mantappp jaya,5
"kenapa ya sekarang gojek jadi jelek banget, masa order go food udah terlambat setengah jam lebih masih ga dapet dapet driver, padahal jarak tempat makan ke tempat saya ga begitu jauh, tolong perbaiki ya, order gocar juga sudah menunggu 20 menit lebih ngga ada yang nyantol, aneh banget.",2
akhir akhir ini sulit dapet driver untuk gofood. saran kalau 30 mnt blm dpt driver pilihan batalkan munculkan saja biar gak usah nunggu lama. karna molor waktunya bisa sampe sejam setengah,3
"setiap order sy slalu hati hati klo kasi bintang tp driver seenaknya ngasi bintang rendah ke akun sy pdhl sy klo order suka diem gpernh aneh aneh, alhasil klo order lg gd yg mau nyangkut krna bintang akun sy rendah hhhh malesan bgt driver nya tolong di evaluasi y mks.",2
susah dapat driver kalau hujan,1
sering ganti sendiri alamat pengiriman khusunya di gofood padahal gak pernah diganti alamat nya ternyata ganti ganti sendiri,2
"saya pesen makanan, kata drivernya restonya tutup, saya di suruh cancel aja, pas mau di cancel gak bisa",1
cari driver lama,1
lama lelet dalam mencari driver,1
bagus,5
apk termahal,1
susah dapet rider.,2
tarif murah driver minta cancel. aplikasi busuq.,1
good service,5
"saya pelanggan setia gocar, saya juga pelanggan aplikasi sebelah, semoga gocar bisa ditingkatkan lagi pencarian driver yang terdekat, karena seringkali masih dapat driver yang terlalu jauh, aplikasi sebelah masih lebih presisi dalam hal ini.",4
GK jls GK bisa d bukaapk ny,1
"Awal awal pake oke banget, driver dan lain lain nya. cuma entah kenapa hari ini aku mau pesen hampir 4x di resto yang berbeda itu gaada driver nya. padahal resto udh konfirmasi pesanan ku, tapi ga Nemu driver. sampe nunggu 1 jam lebih!!! coba lah lebih ditegaskan gitu lho. nunggu 1 jam lebih cuma buat nyari driver, sampe mau cancel pun harus nungguin timer di apk nya yang statusnya lagi nyari driver. ANEH ANEH!!!!!",3
tidak puas dengan kinerja driver nya,1
gojeknya ramah,5
dapet driver-nya lama padahal udah harga mahal dapat driver lama,1
"kenapa akhir2 ini susah dapet driver yaa? sekalinya dapet lokasinya jauh bgt dri titik jemput, gfd juga gaada driver, padahal udah nunggu satu jam tetep ga dapet, gojek kenapa sih?",1
"makin kesini makin gak jelas susah dapet driver makanan, udah nunggu berjam jam gak jelas. tolong diperbaiki",1
mantap,5
mantul,5
payaahhhh susaaahhhhh sekali dapet driver,1
proses lambat order makan malam buat anak2 2 jam baru datang. akhirnya dah pada tidur jadi ng makan.,1
baru 11 hari minta di update apa apaan nih,2
"update rutin, tapi performa aplikasi masih macet-macetan. gak optimal di HP entry level nih, animasinya bikin berat. Masa mau ubah data payment aja loading lama?",2
"sudah bagus, tapi saat pesan makanan saat resto atau driver ngechat itu gaada notifnya. tolong diperbaiki ya gojekk",5
INI GOJEK KENAPA YA AKHIR2 INI LELET BGT PDHL SINYAL ADA,3
bagus,5
"drivernya tolong di evaluasi lagi dong, masa pesenan saya sudah 3x di cancel tiba tiba tanpa alesan yang jelas. pdhl saya bayar loh",2
Gojek CS josss..,5
banyak driver yg gk terima padahal banyak tapi kualitas drivernya pada bagus,2
terbaik,5
susah cari driver area sidoarjo,4
"Estimasi Tambah lama , Tambah lama, memangnya udah pada malaskah para driver bila area dekat",1
kenapa akhir2 ini susah bgt cari driver mana batalinya hampir 1 jam sndiri,3
mntapp mendukung,5
"2x pesan makanan tapi tidak dapat driver sedangkan untuk mau cancel harus nunggu sejam, seharusnya 20 menit bisa cancel",1
SUSAH BANGET DPT DRIVER LOL SEKALI ADA DI TOLAK TOLAK PADA GAMAU DUIT KALIII ARGO SAMPE DI NAIKIN TTP PADA GAMAU !!,1
Aplikasi yang sangat membantu,5
TERLALU LAMA DALAM MENCARI DRIVER!!!!,1
"leng celeng, hujan2 pesen gocar gaada yang mau ambil tuh gimana? mobil loh, bukan motor, padahal banyak yang terlihat lalu lalang di map pencariannya tapi gaada yang acc",3
pesen gofood lemot bgt pencairan driver nya gak dapet2,1
gojek ga jelas makin kesini makin buruk sering banget bug ga jelas,1
"SUSAH BANGET DAPAT DRIVER SEKARANG, TOLONG DIPERBAIKI",1
"aplikasi gojek skrg slalu gagal mulu, mau nautin e wallet susah, ongkir mahal poll hadeh",3
"kalian WAJIB introspeksi kenapa driver Mitra kalian tidak mau ambil orderan, sudah semingguan ini SANGAT SUSAH pesan gofood, fitur ekspress GAK GUNA",1
apk pelit voucher,2
peses nya sangat salama ahirnya gakdapat juga ojek nya,1
"berulang kali order baik pakai akun baru ini atau akun lama sering tidak dapat driver berujung batal beli gofood. gocar prioritas pun mobilnya asap rokok bau banget, goodbye Go-Jek, cari yg pasti dapat aja di Oren 😂😂😂",1
"Promonya pelit banget..kalo gak pelit promo, saya kasih bintang 5",3
"benci sama gojek ... 2x pesan makan malam buat makan selalu ga pernah tepat waktu ... yang pertama bubur ayam Anjasmoro malam ini nasi Padang Anjasmoro lama bangett, SOP nya gimana nih gak profesional",1
jos,5
pesen makan ga dapet dapet driver hampir 2 jam nunggu tolong buat para drivernya kalo emang ga bisa ya ga bisa,1
ga jelas gw nunggu driver udah kayak mau pingsan,1
ribet update skrg mh mending dulu pilih co konfirm tunggu driver g nympe (5mnt) skrg driver doang Ampe 10mnt lbh,2
akhir akhir ini susah dapat driver untuk gofood,3
"jelek banget sumpah, selalu ga dapat driver kalo pesan gofood padahal belum malam, terus beberapa kali pesan gocar driver minta tarif lebih dari yg ditentukan di aplikasi, masalah gofood masa harus nunggu 1 jam biar bisa cancel mending kalo ada driver nya ini ga ada, orang udah lapar disuruh nunggu sama yg gak pasti, tolong deh adain fitur dimana kita bisa liat di sekitar ada driver apa gak, jadi kita gak berharap, lama lama nunggu eh ga ada driver mati kelaparan deh orang",1
"3x order drivernya eror semua yg pertama kejauhan minta d batal, kedua jalannya semakin menjauh dari yg awalnya sudah dekat yg ketiga minta batal lagi alasan ban bocor akhirnya tidak terasa sudah hampir sejam nunggu driver tidak ada yg sanggup jemput",1
semoga lebih bsnyak diskon,5
"lamaaaa, ga dapet2 driver untuk gofood!! gimana sih?",2
untuk pesan go food lama gk jelas bngtlah,1
suka syekali,5
"PARAH pesen gofood ,udh ditungguin ,udh lapar, 1jam ditungguin kagak di respon parah lu cuma nunggu doang selama 1 jam,",1
enak untuk pesan makanan,5
"aplikasinya sudah bagus, sayang drivernya seenaknya sendiri, order gocar 3x, 2 kalo keblablasan dan g mau tanggung jawab, yang 1 ada penumpang lain.",1
ROWR AKU SUKA GOJEEEEEK YEY GOJEK SEMOGA SEHAT SEHAT YA🗿.,5
sisah bgt nyari driver padahal udah nunggu 1 jam 30 menit,1
susah cari driver gofood,1
"NAJISSSSSSSSSSSSSSS nyari driver 2 jam gak dapet2, sekalinya dapet di cancel, dapet sekali lagi di tanyain "" ongkos di aplikasi berapa "" belum sempat di jawab dah di cancel lagiii. luuu ngapainn gojekkk sampe driver luuu pada malesss semuaaa gituuu herannn",1
layanan Parah lama take orderannya parah banget mesen gojek muter muter ngk dapat driver pada ngk ada kah ???lama bangett,2
"pencarian driver lama bgt, mana nunggu durasi untuk pembatalan juga lama",1
"sampah bgt mistery box nya.. dah 2 mgg sampah semua dapetnya... hilangin yg coba lagi, minimal kasih aja 10 perak biar org enak mainnya..",1
"driver tidak sopan, sudah diambil tapi disuruh cancel, waktu menunggu lama, evaluasi lagi kemitraannya.",1
"susah dapat driver, saat gofood menunggu lama berujung pembelian gagal dan tidak bisa di batalkan",1
tarif hemat,5
sangat lambat cari driver kesel nunggu lama,1
"susah dapet driver buat gofood... haddeeeeuuuuhhhh...nunggu sejam,.ujungnya di cancel. apaan itu",2
"Ini udah berkali kali, pesan gofood smpe hrus ngebatalin krma habis masa tunggu driver ga ada. bberapa kali juga pesan, driver seenaknya batalin, bahkan dngan sengaja ga bergerak hingha 30 menit memnuat penumpang menungguuu, sementara bila di cancel malah penumpang harus bayar ganti rugi si driver katanya yg udh effort. EFFORT APAAN BERGERAK AJA KAGAK. Plis deh gojek driver lu pada bermasalah semua terutama daerah medan. DISKON HARGA MURAH GA MAU AMBIL. KERJA NYA GA TOTALITAS.",1
good,5
aku lagi pesen makan dah nunggu lama lama ehh taunya dibatalin ga ada driver...hadehhh beri rating juga gaakan dibales yang bales paling juga bot,1
jangan banyak2 biaya aplikasi nya,4
nunggu cari driver makanan lama bgt bisa sejam lebih nunggu restonya siapin juga hampir setengah jam terus sering dicancel dari pihak restonya padahal udah nungguin lama banget,2
"kok ga asik ya sekarang pesan gojek udah mah lama jauh lagi dapet nya, ga seperti dulu nyaman, tolong kembalikan ke jaman dulu mudah cari driver nya yang terdekat nanti di kasih bintang 5",3
kalau nggak support Shopee instant mending gk usah.. udah 2 jam cari driver nggak nemu.. dicancel... padahal cuaca bagus nggak macet juga.. nggak terlalu jauh juga... kalau emang ongkirnya kurang tambahin di aplikasi nggak pa2.. bikin repot orang...,1
sering gak dapet driver waktu gofood,2
ok,5
"niat kerja g si itu driver? pls lah, posisi laper pesan gofood aja 1 jam lebih g dapet driver! ujan dikit ga dapet lah sumpa ya kesel banget!",3
kenapa ya kok sering muter2?,2
payah di musim ujang kita di telantarkan perlu perbaikan sistim akan berdosa kalau ada pelangan IMERGENSI den pemotongan jasa driver sewenang2 sepihak terbaik kadang menjadi tidak bermanfaat bagi pelangan lelet pesan ya ku keluar aja,1
susah cari driver,1
good luck for u ya,5
kemalan saiki gojekee kemalan peleh2. ndk gelem harga murahhhhh,1
"benahin sistem jangan cuma mau untungnya saja, driver jadi pilih pilih orderan tuh,",1
banyak promonya,5
good,5
GAK DAPET DRIVER GOFOOD,1
👍🏻,5
"Kenapa orderan go-food harus nunggu 15 menit buat dapat driver, belum lagi driver jalan ke resto, dari resto ngantar ke pelanggan. Kelamaan estimasi waktunya, bisa pingsan kelaparan kalau begini",1
bgus,5
"nunggu driver jemput sama makanan lama, nunggu 1 jam malah di batalin emang jelek",1
siiipp,5
"saya suka sekali aplikasi ini membuat usaha saya berjalan dengan baik,",5
fast respon,5
"gak lagi2 pake gojek.. , paket di maling driver cs diem aja",1
pelayanan cepat,5
ttg aplikasi sebenernya bagus pelayanan nya g bagus driver pemilih bayangin aja gdk saldo byk milih mode hemat tp kg ada yg ambil parah harus pake mode biasa,1
ga pernah dapet driver,3
"aplikasi gajelas, posisi banyak driver Deket disekitar tapi nyari driver lama bangett ga becus bangett buat aplikasi ojek yang dibutuhin buat keadaan darurat atau terburu buru",1
oke semua,5
mantab,5
"susah bgt dapet driver sekarang, heran deh.. kenapa ya? padahal kalo diliat banyak tuh driver2 yg deket.. tp ga dapet2.. mesen gofood juga sama, drivernya ga dapet2 sampe aku nunggu 2 jam buat makan udh laper bgt.. ☹️☹️☹️☹️☹️☹️☹️ kasih solusi plis",4
kadang ngebug,4
mengesankan,5
Kecewa sama gojek,1
mau pickup gocar sekarang lama bgt sampenya,1
Draver nya pada males udh berkali kali cari gocar susah banget,1
sering susah dapat driver lama kelamaan harga makin naik !!!!!,1
beli makanan nggak ada driver padahal udah hampir 2 jam nunggu,1
semuanya ok,5
ok,5
sgt membantu,5
sangat bagus,5
nyaman cepat,5
selama ini bagus,5
nice,5
dari pasar payan mau ke sambong spbu depane,3
bagus aplikasi nya saya suka💞💞,5
the best,5
"driver tidak profesional, klo belum siap ngambil orderan tidak usah kerja buang buang waktu menunggu driver datang namun di cancel driver itu sendiri suda saya kirim titik lokasi beserta foto namun driver buta",1
"Sengaja mengunci orderan penumpang baru saat sedang orderan penumpang yang sedang berjalan, SANGAT TIDAK NYAMAN! SAYA HARUS MENUNGGU LAMA AKIBAT SIKAP DRIVER YANG MENGUNCI ORDERAN",1
sangat membantu,5
mantap,5
"saya lagi di area sibuk dan cuaca sedang hujan, lalu saya mencoba memesan go-ride memang beberapa kali saya batalkan karena lama sekali tidak mendapatkan ojeknya, namun mengapa tarifnya selalu di naikan setiap kali saya ingin memesan kembali?",2
"untuk driver yang sengaja tidak mau menjemput penumpang tapi tidak mau cancel atau chat, bisa dilaporkan tidak ya? sangat membuang waktu saya, padahal sudah dekat tapi sengaja mutar mutar",3
mantap,5
oke,5
ngeganggu sering keluar iklannya di game aku,1
"Susah banget dapetin driver. Mana sekarang tambah mahal lagi. Najis sama sistemnya, keliatan nyari untung doang.",1
nice,5
"gimana sih, setiap pesen di go food dapet drivernya susah mulu. Udah gitu gabisa dibatalin kecuali harus nunggu sampai estimasinya habis. Pernah sampe nungguin satu jam ternyata pada akhirnya dicancel sama pihak gojeknya. Kalo gitu kelaparan yang ada! Tolong diperbaiki dong, kalo kaya gini mah makin males pake aplikasi gojek.",1
cepat,5
Semoga tarif untuk customer dan driver benar benar adil ya,4
"gofood, pemaksaan layanan",1
"1. map kurang akurat, akibatnya nominal yg harus dibayarkan bisa berubah ubah. 2. relatif mahal,",4
plis ya gojek kenpa sih sekarang susah banget buat nemuin drever nya pas lagi sakit pesen makan gini malah nunggu udah 30 menit gk dapet² driver nya keburu pingsan nunggin beginian doang,4
terima kasih membantu sekali,5
puas bgt dengan promo gocar nya,5
"aplikasi sampah, order makanan gak dapet2 driver disuruh nunggu lagi 1 jam. sudah nunggu gak dapet drivernya hampir 1 jammalah suruh nunggu lagi 1 jam. terlalu lama blok kompensasi waktu pencarian driver. keburu laper asuuu",1
"aplikasi yang sangat bermanfaat, wajib dimiliki dan dicoba",5
"min, tolong dong supir drivernya tegorin. yang bener aja. kalau emang gk mau ambil orderan kan bilang dari tadi. gua tungguin 1 jam malah jalan2 tapi muter2 gk jelas. kan buang2 waktu gua, udah tau bapak gua lagi sakit. gk ngotak sumpah",1
mantap,5
ada beberapa oknum driver yg ambil orderan dan begitu dekat dengan customer tiba2 cancel. padahal sudah malam hari dan situasi sepi serta lama menunggu driver yg mau pick up. tolong di selektif kembali para driver nya,1
sangat membantu,5
good,5
goodjob,5
kecewa aja sihhh.,1
setiap ada masalah dengan transaksi gojek selalu gercep dan mengutamakan kenyamanan pelanggan,5
"sudah ke 3x nya mesen makanan sampai 1 jam lebih tidak dapat driver samapai terpaksa dicancel karena terlalu lama. sangat mengecewakan. lama lama mati kelaparan ini. apalagi dapat driver tiba"" hilang lagi kalau ga niat kerja gausah aktifin tu apk.",1
"Waktu hujan deras, nunggu driver lama. udah dapat driver, malah disuruh ke seberang jalan. udah ke seberang jalan, malah di cancel driver. mobilnya Honda Mobilio plat N....CC",1
transportasi yg baik saat ini,4
"Skrng Aplikasi Gojek sangat tidak manusiawi, Ada yg dekat, malah kasi mobil yg jauh lokasinya dri tempat Kami...",1
"apk sampah udah pesan 3 jam ngak dapat2, entah gojek pakai limit di atas 100ribu ngak akan dpt. sampah",1
banyK iklan,1
mantap,5
sialan byk amat potongannya,1
"praktis, hemat, mudah dipakai 💚",5
sangat puas dengan pelayanan nya,5
makin hari makin susah aja untuk order gofood di perbaikilah system nya,1
diskon sering tiba-tiba ilang jd balik harga normal pas bayar,1
aplikasi elek,1
"Kalo lagi diskon driver nya pada gak mau datang, banyak alasannya",1
dapet driver lama terus di benerin itu mitra nya,1
"Makin hari ongkos order makanan diluar nalar, bisa seharga makanan yg dipesen. padahal jaraknya deket, bener2 gila",1
bagus,5
lama nyari driver,1
"aplikasi gajelas, eror pas mepet waktu, ketinggalan kereta jemb",1
sangat membantu,5
pelayanan drivernya rata-rata memuaskan,5
MANTAPP,5
mantap,5
Mantap Gojek.. Sukses selalu,5
memudahkan banget,5
"Penjemputan tepat waktu, Sopirnya Ramah dan mobilnya bersih, pokoknya mantap...semangat dan lanjutkan lebih baik lagi.",5
good,5
Mantab lah..Jozz,5
"cepat tanggap, terima kasih, aplikasi nya ok",5
tolong pemilihan rutenya di perbaiki... saya selalu mendapat rute terjauh ke tujuan saya,1
"pemesanan sesuai daerah masing2, tapi di Majalengka malam pun jam 11 ada yg nerma pesanan",5
kalo nunggu gak terlalu lama ..ramah,5
enjoy banget lah,5
mempermudah perjalanan,5
nice app,5
good sangat membantu,5
jos jis,5
"Pernah 1x Biasanya kalo saya pesen gojek, terus saya suruh nunggu bentar itu ga masalah, karna ada hal kecil yg harus diselesaikan terlebih dahulu. Namun ada 1 momen saya pesen gojek dan saya minta mas nya menunggu sekitar 3-5 menitan, setelah saya siap saya menghampiri mas gojek tersebut dan bilang ""maaf ya mas agak lama.."" dan mas nya tidak bilang apapun dan langsung ngasih saya helm. Biasanya saya bilang begitu gojek yg lain pasti merespon dengan baik. Saya kasih B1 stelah sy sampai.",1
mantap,5
"driver ramah dan cepat,",5
Selalu menyenangkan pakai Gojek,5
cukup puas dg Gojek,5
tetep stay di bintang 1 karena makin susah dapet driver dan harga makin mahal,1
sangat luar biasa keren saya senang pelayanannya proposional,5
bagus baik,5
Lokasi kami tdk bs dilewati mobil,1
mantap👍👍,5
"gojek sekarang makin parah, service nya kacau, nunggu drivernya lama, kami kasih bintang satu ya",1
sangat membantu,5
good service,4
Bagus,5
ujan dikit harga nya mahal anjirr.,1
"pengembalian dana saldo, tidak di kembalikan pihak goek, kecewa berat!!!!!",2
pelayanan baik,5
"mudah, dan murah...",5
sangat membantu,5
membantu transportasi dan harga terjangkau,5
terbaik,5
bagussss,5
harga ke tujuan jangan naik!,1
ok,5
mantap,5
"penjemputan dan sampai ditujuan lebih cepat, cuma syng tarifnya naik",5
wes sip lanjutkan,5
Pokoknya the best banget aplikasi nya 🙏🏻🤩,5
mantap,5
ok,5
"kurang sip,",2
ok,5
tolong dong gojek sya terblokir /terkunci tolong kembali kan dengan normal,5
lama sekali.. saya juga sering tiba tiba di cancel,1
aplikasi ini sangat berguna,5
mantap,5
sangat membantu,4
sangat membantu lapar ditengah malam,5
"ekspres apaan, driver gak ada yg mau ambil, lama banget telatnya. gt gak ada kompensasi. mana iklannya muncul terus padahal sudah install",1
lelet susah dapat driver,1
pesan yg express tapi nunggunya jauh lebih lama..,1
sudah 5 kali pesan goofood selalu tidak dapat driver . payah,2
okkk mantab ..,5
"coba urus lg win win solution buat driver dan perusahaan. klo banyak trouble yg susah itu customer. lama dpt driver, ga ada yg mau ambil gofud, goride dll. banyak2 dgerin driver ny tuh. itu sumber kalian dpt duit.",1
josss,5
"Setiap keluhan dijawab bot. Fak lah kata gua teh. Sekalinya bales pake email, no-reply. Trus komunikasinya gimana njir.",1
aplikasi paling ok,5
lm dpt driver.,2
satset mantab pool,5
Gojek mempermudah transportasi sangat membantu sekali... Lebih cepat lebih murah... Tingkatkan terus pelayanannya... Thanks gojek,5
"Kenapa pas saya mau isi pulsa untuk ke dua nomor saya selalu di batalkan padahal sudah saya update dan sinyal wifi bagus, tolong di perbaiki",1
"izin, kenapa ya banyak banget driver yang seenaknya khusus nya driver gocar. kaya udah di terima orderan tapi malah ga jalan, padahal saya urgent banget buat ke rumah sakit. tolong di pinalti dong driver yang kaya gitu saya udah banyak banget mengalami cancel padahal saya mesen juga ga mepet banget karna antisipasi hal kaya begitu, tapi ternyata emang drivernya yang problematik maunya argo gede, padahal juga saya bukan pilih yang gocar hemat kenapa jahat banget sih.",1
download dari 2018 sampai sekarang rutin transaksi gojek tapi kenapa semua fitur blm kebuka ya? terutama gopay pinjam,1
kebanyakan oknum drivernya,1
"pencarian driver sangat lama, trs saya batalin pencarian driver buat pake pencarian cepat, sama aja masih belum dapet driver. saya udah batalin pencarian driver, tapi malah dapat driver tanpa ada pemberitahuan, biasanya kalo dapet driver kan ada info drivernya, ini saya masih ditampilan pilih tipe driver. tiba2 driver udah sampe di lokasi penjemputan tapi saya udah ga di lokasi. bikin cekcok aja ini aplikasi gojek, saya jadi ga enak sama driver nya",1
"Lumayan tp d hpku udah gk bisa lagi kebuka perangkatnya, bagaimn cara perangkatnya dapt kembali lg dan dapt d gumnkn lagi terima kasih",4
jadi masalah nya begini saya memesan goride ke tempat a tapi maps di drivernya menuju ke tempat b. akhirnya saya diantar oleh driver ke tempat a dan akhirnya saya mengeluarkan uang lagi yg nominalnya lumayan besar untuk jarak yg dekat ( harga tambahan nya 3× lipat dari tempat saya order dari stasiun hingga tempat a ). jadi saya harap hal² seperti ini tidak terulang lagi,1
good,5
gagguna,1
semuanya ok baik!,5
sangat membantu,4
SEKARANG BANYAK DRIVER SOMBONG MINTA BATALIN ORDERAN YANG CUMAN 25 RB AN GA MAU DI AMBIL,1
mantap sekali,5
aplikasi yang sangat tidak profesional. saya pesan gomart dan barang yang dikirim kurang namun gojek tidak bisa membantu penyelesaian masalah saya. sangat menyesal saya menggunakan aplikasi gojek.,1
BINTANG 5 UNTUK GOJEK!!,5
menyala abmgku,5
mantap,5
cepat dan aman,5
ini kenapa sih setiap mau klaim koin di gopet koin nya ga masuk dan notifikasi ga masuk juga padahal awal nya lancar Lancar aja jaringan juga lancar aneh bnget tolong diperbaiki min,4
aman & sikap driver ramah,5
"Sebelumnya aplikasi ini bisa jalan di hp saya Vivo Y36, tapi setelah pindah ke hp Infinix Note 40 Pro 5G, tidak bisa dibuka dengan keterangan ""silahkan download aplikasi resmi dari playstore"", sekarang sudah bisa, saya revisi ke bintang 5 😊",5
pelayanan oke,5
menarik sekali dan sangat nyaman,5
Awesome,5
kurang promo untuk pengguna gopay,1
ok,5
ok,5
bagus responnya cepat,5
mantap,4
sangat membantu sekali,5
membantu lebaran,5
Knp tdk bisa kebuka? Jadi tdk bisa digunakan hrs di update terus,5
nanti aja,5
mantap gojek selalu di hati.,5
"supir gocar ga respon tapi bisa Nerima orderan, di chat ga bales2, mobil ga gerak, pas dibatalin trus mau pesen lagi argo naik 2x lipat, kecewa sama sistemnya",1
driver gocar nya main main bokingan d ambil langsung d cencel sama drivernya kalo gax niat narik yah jangan buka aplikasinya,1
mantap,5
oke,5
good,5
mantap,5
gojek sekarang malah gila duit sama gila harta orang lain karena tidak bisa membantu masyarakat satu sama lain dan tidak ada tanggung jawab atas kesalahan nya dengan masyarakat RI dan kantor nya pun sama juga niat mencari duit atau niat mencari keributan,1
susah kali dpt driver mau nunggu 50-60 menit mending gausah pesan,1
Mantap,5
good,5
"knp 1 minggu full sebelum + sesudah lebaran susah nyari driver, ini mau makan aja hrs nunggu driver 3 jam",5
"nyar driver food tuh minimal 20 menit, kalo emang ga dapet dapet yauda cancel, masa nunggu 44 menit, keburu mati pelanggan nya...",1
"jleg, lama dapat driver padahal sudah pesan prioritas huft.",5
"aman, amanah",5
baik pelayanan baik,5
"Selamat saya menggunakan aplikasi ini, respon driver baik dan memenuhi ekspektasi. sebagai saran, mohon pastikan agar pendapatan driver tidak terpotong/berkurang oleh adanya promo dan diskon, dan pastikan driver tetap mendapatkan insentif sesuai nilai promo yang digunakan, karena kesejahteraan mitra sangat penting untuk keberlangsungan operasional.",5
cepat ramah,5
pesan goofod udah nunggu 1 jam gak bisa dicancel aplikasi lelet,1
baguss,5
Raja nya online di Indonesia karena senior aplikasi pertama made in anak bangsa,5
susah dapet driver nya udah gitu lelet,3
"gopay pencuri saldo.saldo 800k lebih tidak bisa digunakan,alsan pihak gopay,trnsaksi tidak wajar",1
mudah penggunaanya,5
"Aplikasi nya re connect mulu,g bisa buka menu,g bisa buat order apapun, tulisan nya suruh cek kuota internet/wifi padahal kuota banyak,wifi jg ada kenceng banget malah,memori hp lega.Udh uninstall install di 2 hp pun tetep sama,tetep ga ngaruh.Dahlah pilih yg lain aja yg bisa dipke",1
keren,5
menyenangkan,5
sekarang jadi sulit banget dapet drivernyaa mau ituu gojek gocar gofood selalu di cancel sekalinyaa dapet driver jaraknyaa jauh bangeet,3
"parah gojek kalo tiap hujan gak nyangkut² driver, bukan masalah di driver tapi di aplikatornya,, udah mahal lelet, alhasil pindah ke aplikasi grab",1
good,2
"udah nunggu lama malah di cancel sama driver nya klo emg gamau take orderan ya gausah di take, orang juga cape kali nungguin. tolong di perbaiki lgi ya",1
mantap,5
puas,5
sangat membantu,4
"susah cari driver pas mendung ( ga ujan) padahal dikota besar,",1
murah cepat & akurat,5
sangat membantu dalam beraktivitas,5
puas,5
cari driver sekarang sulit. menghambat pekerjaan. sering trlambat. dan susah saat hujan. tapi kalo tarifnya mahal mereka mau berangkat,1
"harga kapitalis kalau pas hujan, udah gitu sering ga dapat driver, niat ga sih kerja nya?",1
gw pesan dari jam 8 ngak dtg dtg,1
mantab,5
"Makin gak karuan divernya gocar ,Udah jelas bayar pakai Gopay 158rb..Sampai lokasi minta di cancel ,katanya offline aja trus suruh bayar 200rb..Mksdnya apa ,pemerasan..Percuma lapor gojek jg ,cuma satu arah..gak ada cara buat cust menyampaikan , buat driver plat F 1280 OI Ahmad dahlan..Anda kurang ajar",1
luar biasa,5
"udah lama nunggu, berkali-kali di ghosting sama drivernya. pas di telpon bilangnya terlalu murah. agak shock padahal gua bayar di aplikasinya 2x harga normal.",2
Sangat membantu dlm transfortasi umum sampai ketujuan.,5
sippp membantu secara cepat bagi kita yg pengen sesuatu dan yg malas keluar rumah gojek gofod solusinya,5
"enak bgt pake aplikasi gojek, tapi kadang suka lama dapet nyaa",5
ok,5
"gofood susah banget dapat driver skrng ya, padahal bayar pake gopay Lo tetap aja susah dpt driver",3
"Tolong yaa ketika saya lagi mesen ojek, jangan di persulit, dikasihnya malah yang jauh2.. apalagi pas saya lagi kerja pagi, kadang saya pake prioritas aja masih susahh🙂",1
"udah dapet drivernya lama, sekalinya dapet jauh",1
nyari driver aja lama banget,1
"makin lama makin buruk, sinyal full tp buat buka aplikasi gojek lelet luama poll. padahal buat buka lainnya lancar lancar aja",4
mantap,5
🤗,5
"saya sudah punya akun trus mau masuk ke akun saya tapi tidak bisa katanya jaringan anda mati padahal jaringannya tidak mati sama sekali lancar banget malahan,ini gimana sih apknya udah tak coba² sampe beberapa kali tapi sama aja kaya gitu",2
membantu sekali dlm keadaan darurat,5
saya sangat senang sekali pakai aplikasi gojek ini,5
bangus,5
"masih error,, udh 6 hari ini ngk bisa dapet Gopay Coins,, tolong diperbarui seperti semula dong🙏🙏",3
jangan pakai gopay lagi.aplikasi paling buruk.setelah pembayaran lewat qris akun di blokir dan saldo gopay di bekukan!!!!!!!!!!,1
terimakasih bagus tepat waktu,5
harusnya kita pelanggan jg bisa melihat rating kita sendiri,3
driver car wilayah Jatibarang suka cancel orderan katanya titik penjemputan jauh.tidak memuaskan,1
saya sangat kecewa hampir 2 jam tidak dapet driver dan tidak bisa di batalin,1
sangat nyaman..,5
"mohon maaf , tidak sesuai dengan titik tujuan.bisa bisa kita sebagai costumer berdebat dengan driver",2
"cepat, tepat dan aman",5
selalu di batalin padahal pake prioritas,1
mudah,5
"lama mencari driver untuk mengantar pesanan, sangat buruk",1
"hapus aja fitur Flash di GoFood. Gak mutu. Katanya waktu antarnya 15-20 menit, tapi dari jarak pesan sampai batas akhir pengantaran selisihnya bisa sampe 40 menit... Jadi percuma bayar lebih",1
klo gada driver pas psen gofood jadi susah batalin grus nunggu 40mnit,1
lama dapet driver nya,1
mantap pakai gojek dan juga ada gopay,5
driver lama dapetnya dan gak bisa di cancel,1
bagus,5
expres harganya nambah tapi waktunya sama kaya reguler,1
suka banget ketika ada pesan goride terus di cancel langsung di ganti sama gojek lain pertahanin kenyamanannya ya pak kalau bisa kecepatan penjemputan lebih cepat sejauh ini udh oke,5
bagus ramah bijak,5
fitur aneh gajelas nambah biaya,1
sangat membantu saat membutuhkan transportasi instant dan ekonomis,5
aplikasi ini membantu kita dimanapun,5
aplikasi bagongg ga ada driver gojek di seluruh Jawa barat,1
bagus datang sesuai pesanan,5
mantap,5
👍,5
kenapa ya sekarang tu susah banget dapet driver ...,3
good,4
"tolong kasih opsi untuk memberi bintang ke driver yang suka minta cancel padahal udah sampe ke posisi dong, berapa kali nemu driver yg suka maksa minta cancel dari penumpang nya.",1
kpd yth manajemen gojek saya ini tiap mau pesen gofood kenapa selalu susah cari driver ya mohon di perbaiki sistemnya,1
"murah, maaf buat driver nya kdng di cari gada susah di batalin mahal tiba tiba udah di lokasi padahal udh di batalin",5
Ok,5
"driver nya kalo mood ambil, kalo ngk mood cancel, babiiii",1
susah cari driver.,1
murah,5
aplikasi asuk.. susah kali masuk. gak berguna,1
kecewa stiap urgent susah bgt dpt driver kyanya mnding sy ganti ke apk sebelah,1
makin kesini pelayanan nya makin lama,1
"5 menit lagi sampai, 10 menit ditunggu belum juga datang . perbaiki!",1
"kira taun ini berubah terutama go food tambah parah, rugi udah langganan gojek plus, waktu mau gofood ga ada driver yang ambil,",1
lamaaaaaaaaaaaaaa,4
"lain kali kalo misal ga ada driver konfirmasiin dong, udah nunggu luamaa bgtt akhirnyaa canceellll,, kan sebel udah laperr",2
"Kenapa driver pada ga mau ambil orderan sihh, udah 3x kyak gini, ga pada mau ambil orderan, padahal kan banyak drivernya, tpi ga ada mau ambil orderannya",1
tepat waktu dan ramah,5
"gajelas,mesen gofood nunggu sejam nunggu resto lagi nyiapin makanan...udh selesai gadapet driver ko malah sruh beli ulang,lawak bget...ngasi driver yg bener lah lawak",1
"SUDAH ONGKIR MAHAL, & ADA BIAYA TAMBAHAN LAIN"" JUGA",1
susah banget nyari driver ga pernah di bawah setengah jam.,1
lebih gampang pas ada ini,5
mana nih drivernya gw udah dari jam 18.17 sampe jam 20.00 ga dapet dapet drivernya. gw laper woi hadehh,1
"Gojek tolong kasih tau ke driver mobil, kita sebagai pengguna layanan naik mobil dia tu bayar, bukan nebeng, beneran dah naik go car rata rata drivernya ngerasa kalo kita pelanggan ini sedusun itu naik mobil dia, kayak diliatnya orang miskin yang kepengen naek mobil dia, yaampun, padahal kita pake gocar karena males bawa mobil",1
"kenapa dah suka lama amat nyari driver, padahal bejibun banget driver entah sistem nya yg EMG jelek apa gmna, bahkan kadang di ruko pinggir banyak gojek yg pada mangkal tpi lama amat nyari driver nya, bahkan gofood jga sama kendala nya lama di nyari driver doang",2
"sejauh ini aku order selalu dapet driver jauh"" dan mereka pada ga mau ambil pada dicancel in dah nunggu pun, padahal dah pake dan pilih yg fast terus comfort juga, gimana sehhh",2
Harga mahal tapi drivernya susah didapet,2
"saya pesan gofood dgn layanan pengiriman express biar cpt sampai, eh drivernya chat minta maaf pesanan nya telat sampai karena dpt double order di resto yg sama. percuma saya bayar mahal ongkos kirim express langsung instan, kl tetep disatuin ngirimnya sama yg lain 👎",1
"APPLIKASI BAPUK BANGET SEKARANG,SUSAH BANGET DAPET DRIVER.BEBANAH GOJEK WOIIIIIII",1
Udah nunggu sejam lebih gak dapet2 driver gofood-nya. Akhirnya dibatalin. Bukan cuma sekali aja. Udh kejadian ke-3.,1
pelayanan cepat dan aman juga ramah untk drivernya,5
Mantap,5
"make gojek susah nyari drivernya, padal baru keadaan urgent",1
"susah dapat driver , terutama gofood",1
aneh. ga tau kenapa kok akhir akhir ini sering kali ga dapat driver/rider. udah gitu dapat nya malah yang jauh jauh. lama banget loadingnya. kebanyakan nolak padahal lagi butuh butuhnya ni lo. ah jelek kali pelayanannya. ntah apa yang dipikirin driver/rider gojek ni sampai mereka nge cancel/nolak pesanan ku,1
"Aplikasi jelek dan bapuk, telepon gak ada suara suka cancel sendiri dan susah dapet driver. Jujur pengen kasih bintang 1. tapi kasih segini aja supaya keliatan di atas",5
"susah bngt dapet driver,gapada butuh duit apa so soan banget",1
sangat bagus dan membantu...,5
admin transfer nya paling mahal di apk sampah ini dulu selagi apk ini masi miskin murah kapan sdh jadi smapah mahal jangan berharp u bsa bertahan dalam 10thn ke depan yh,1
"sangat susah mencari driver, kalo sudah dapat menunggu 20 menit lebih driver tidak jalan di chat tidak di balas",1
ga pernah dapet driver hapus aja appnya,1
aman pokonamh,5
banyak driver di sekitar tapi gada yang nyantol.,1
good services,5
memori penuh,5
lmyan,5
"bagus, driver nya juga ramah",5
makin lelet,1
cari driver nya lama bgt pdhl lagi rush hour dan ketika dpt pasti driver nya jauh dari lokasi penjemputan,1
Aplikasi yg sangat membantu dan bermanfaat,5
pelayanan yang baik,5
ok dehc sgitu ajah teima kasih,4
top buatan lokal,5
"Aplikasi gak jelas, udah 1 jam cari driver gak pernah dapet. Padahal wilayah di kota",1
"beberapa kali naik go car cukup baik dipelayanannya ,dan untuk biaya masih batas normal tidak terlalu mahal .",5
parah susah pesen,1
pelayanannya cepat banget aku suka yang cepat,5
"lama banget psen gocar doang, dapet malah dicancel.",2
"bulan ini benar benar terakhir kali saya langganan gojek plus, udah 3 hari saya pakai gojek selalu ga dapat driver, otw uninstall!! GOJEK SANGAT MENGECEWAKAN!!!!",1
"Aplikasi yg mudah digunakan , simple bisa bayar pakai gopay , meskipun diskon go food nya ga sebanyak grab , tapi gojek terbaik untuk tarif go ride dan mempermudah pesen tiket commuter line. Minusnya kadang seringkali susah dapet driver gak cm kalo hujan dan habis ujan tapi di moment2 hari biasa pun kadang susah . Apalagi go send nya lama bgt :( estimasi 2 jam realita 4 jam baru di pick up :(",4
"Baru kali ini ada aplikasi yang bikin saya mengumpat. 2x order gak adapat driver tapi harus menunggu stengah jam untuk batalkan. lalu kalo saya pesan di aplikasi lain, tiba² deiver ditemukan, pesanan saya siapa yg mau bayar????? GILA Masa sy mesti tahan lapar demi cari driver????",1
Gaada driver buat gofood. Udah 2 kali juga. Betmut parah. Udah lama ujung ujungnya ke cancel,1
"buruk, pesanan selalu di Tolak oleh manusia PEMALAS berkedok Driver",1
bagus,5
"isi gopay malah gak masuk trus disuruh nunggu bbrp hari, gimana klo itu situasi urgent? hadehhh 👎🏻",1
memudahkan kebutuhan pengiriman,5
mntap,5
"pelayanan jlk, dan gk jls udh nunggu gofood dri jam 2 ampe jam sekarang kg dpt dpt driver aneh",1
bagus,5
"Gilak dari pagi sampai sekarang nyari driver nya susah, mau go ride hemat maupun biasa. ini sekarang nunggu in satu jam lebih buat nyari driver, udah berkali-kali aku cancel tetap ga dapet driver. gokilllll.... padahal banyak driver terdekat loh yah",1
nunggu lama,1
mantap,5
Mantab,5
order gocar di batalkan tapi saldo tetap terpotong dan tidak di refund,1
"semakin lama semakin jelek pollll... driver seenaknya. Tambah ngelunjak. Diam tambah ngelunjak. KALO GAK MAU YA JANGAN DITERIMA DONG PESANANNYA. MASAK DRIVER JAWAB 16.42 (katanya OK) EHH...... TERNYATA BERANGKAT 16.55 njirrr LAMAAA njirrr UJUNG2 NYA WAKTU UDAH SAMPAI DITOLAK NJIRRR. GAK JADI BERANGKAT NJIRR..GILA. NUNGGU LAMA, DITOLAK, GAK ADA ADAB, GAK ADA SOPAN SANTUNNYA. BOHONG PULA. KATANYA DI PEREMPATAN SUNAN AMPEL EHH TAU NYA MASIH BELUM BERANGKAT SAMSEK. GAK DIKONFIRMASI.!!! GILAAA",1
SIIIP aplk nya,5
driver gocar libur lebaran pada betingkah semua gak mau nerima order giliran hari biasa ngeluh sepi susah dapet order payah,1
pelayanan ramah,5
jauh lebih bagus grab... ini nyari driver setengah mati,1
Keren gojek...mnjadi kbanggan indonesia,5
aplikasi paling lambat.. capek nunggu smpe 30 menit gk dpt driver.. org mesan mau cepat.. bagus aplikasi lain lebih cepat...,1
Hampir sempurna,4
ini yang terbaik,5
oke selalu,5
aman...nyaman...terpercaya,5
"driver nolak pesanan trs, udh berapa kli gtu aja trs",3
"jauh bgt kemahalannya, turunin harganya kek",1
bagus banget aplikasinya,5
mantap,5
saya pemula menggunakan aplikasi ini sangat menyenangkan,5
sangat membantu,5
gimana caranya mendownload aplikasi ini kok tidak bisa,5
"nyaman, aman dan sangat bisa diandalkan.",5
hrs lbh wangi n rapih lg penampilannya,5
keren,5
tidak bs download gojek,5
"tidak ada fitur membatalkan langganan ataupun pembayaran otomatis di versi terbarunya, layanan pengaduan hanya satu arah. tidak ada solusi sama sekali untuk membatalkan pembiayaan otomatis.. mungkin harusnya uninstal saja aplikasi gojeknya baru bisa dibatalkan biaya berlangganan otomatis aplikasi di playstore nya",1
ok,5
mulai harga 5.500,5
"sudah berkali2 terjadi hampir di semua kota, cari driver banyak yg dekat di peta tp selalu terpilih yg jauh payah",1
GOJEK PARAH BANGET AKHIR-AKHIR INI. BUKA APK LAMA LOADINGNYA. PADAHAL UDH DI UPDATE + UDH DIINSTAL ULANG. KACAU SIH PERFORMANYA . PADAHAL BUAT BUKA APK LAIN AMAN-AMAN AJA,1
bagusssssssss,5
cepat,5
"mesen gofood susah bgt, nyari driver 1,5 jam. entah di sengaja sama pihak gojek ntah bagaimana",2
oke deh,5
pelayanan go instan di depan indomaret point stasiun kebayoran lama sangat buruk namanya WISNU MOHON DI GANTI karena tidak profesional,1
Lumayan,5
"pesan gosend instant tapi ngaret 4 jam , kata si driver dapetnya orderan multi ,jadi harus kirim barang yang lain dulu , gini banget gojek sekarang.",1
lama bngt pesen makanan aja ga dpt dpt drivernya udh 1jm lebih nunggu driver,1
cepat saji mudah,5
"tiba tiba akun saya di block, apo2an mmg saya pelaku kejahatan, S2 BUMN baru ini ada aplikasi nge blok, saya semua aplikasi startup member platinum",1
ramah dan murah,5
saya nengijai gofoodt atas dasar untuk waktu dan rasa saya amat nyaman dan senang semangat gofoodt,5
mantap,5
"g guna,orang laper malah di kasi cobaan",1
ok,5
susah dapet driver,1
good aplikasi,5
"HATI2 YG TELAT GOPINJAM FLOWERS KALIAN DI DM IN MESKIPUN BARU TELAT BEBERAPA HARI INGET ITU,, TADI NIAT KITA MAO BAYAR BULAN DEPAN CUMAN UDAH DIDM DULUAN",1
siip,5
"jelek,driver lama datang,udh 2 jam gitu terus setiap kali pesan,huh jangan download....mana ngak bisa di batalin kalau belum sejam",2
"susah dpt driver, padahal udh di coba selama semingguan ttp nggak dpt, sehari sampe pesen berkali-kali soalnya nggak dpt driver sama sekali",2
tidak bisa dibuka saat pilih menu,1
"selalu ada disaat digunakan,,,,emang top",5
sekarang entah kenapa cari driver susah apalagi kalo ditambah hujan dan juga pada waktu kita lagi cari driver di map ada driver yang lokasinya lebih dekat denga kita pertanyaanya kenapa dipilihkan driver yang agak jauh dengan lokasi kita saran saya untuk update kedepanya lebih diperbaiki system nya lagi supaya tidak mempersulit customer,3
sangat baik..,5
"jaringannya tolong diperbaiki, padahal internet saya kecepatannya aman aman aja, tapi kenapa pas buka gojek ngelag",1
sekarang mulai susah dpt driver pdhl dijalan banyak drivernya,1
mantepp,5
"kdg susah dpt driver, sekalinya susah dpt bakalan susah bgt sampe capek nunggu hampir dua jam ga dpt2.",3
mantap,5
Sumpah ini apl bagus banget Ini juga produk lokal,5
ga jelasss apk nya...leggg pula cari driver susah...,1
"aplikasi jmbt, driver banyak masa loading nya stgh jam",5
lancar tanpa kendala..,5
senang aplikasi ini sangat membantu tp ada saatnya masih ada kekurangan jadi saya kasih bintang 🌟🌟🌟🌟 kadang paylater nya berkendala pas lagi genting pengen pake malah GK bisa.,4
mantap,5
"aplikasi buffering parahh, mau buka apa apa pasti loading dan gamau ke buka harus nunggu lamaa, tolong diperbaiki",1
ok,5
semakin promo makanan nya makin susah cari driver nya,1
gojek sekarang susah banget cari driver makin hari makin lamaa gatau kenapa padahal dulu engga kek gini sekarang begini,3
sikap driver dan pelayanan ok,5
baik pelayanan nya,5
sangat membantu,5
cepat responsip,5
"kecewa banget, saya mesen gofood dari semalem, dibatalin karna susah driver, saya pesan lagi saat siang hari masih susah dpt driver, bintang 1",1
ga bisa cancel gofood mana laper nunggu 1 jam kacau kacau,1
"lelet banget aplikasinya, waktu mau masuk akun pasti yang muncul selalu internet mati, padahal internet saya bagus dan lancar tapi memang aplikasinya yang busukkkk😩",2
"hadahh ada driver yang lebih deket, malah di kasih ke driver yang jauh sampe belasan menit. gajelas amat ni aplikasi",1
3 kali order gak nemu driver,1
"aku bikin akun pasti ditolak terus, pada lah dulu bikin akun gampang 😭🤬",1
bagus,5
lambat,2
"Akhir-akhir ini gojek ngelag parah di hp ku. Di saat saat genting dan butuh gojek, eh ngelag nya parah, ga bisa ke pesen. Waktu mau pesen, tulisannya ""koneksi internet mati"", padahal koneksi aman bgt. Tolong benahi dong min 🙏",1
Lebih memanusiakan lagi Driver Mitra,2
Good service,5
good,5
"Mantabs, Sangat Membantu",5
Saya amat sangat kecewa dengan kapasitas yang di sediakan oleh gojek tidak sesuai dengan SOP dan bisnis servis. Baru jumpai aplikasi seperti ini. tidak di utamakan Bisnis servis ya',1
aman amanah,5
makin kesini makin parah,1
Terimakasih banyak selalu membantu🙏,5
bagusss....,5
terima kasih atas pelayanan nya,5
bitang 5 terimaksih sudah di kasih kepercayan dengan limit pinjam wallau 200k limit nya kunyan buat isi token saya akan jaga limit nya terimaksih,5
masyaallah,5
"beberapa kali saya jadi kena double order, pas nyari muter2 gak nemu, udah keluar nyari lagi ternyata masih nyari driver juga yg pertama dan gak terlihat di halaman, bahkan saat data dimatikan ternyata double2 order,",5
"driver ramah,",5
nyaman & cepat,5
selalu tepat waktu. aman dlm perjalanan,5
"sampah banget sih nih aplikasi, padahal jaringan lancar2 aja malah dibilang tidak ada internet, pake aplikasi sebelah aja aman aja",5
"abis update lemot, di bilang gada sinyal",3
gak ada yang mau ambil pesanan saya,1
sangat membantu,5
sangat ngebantu buat saya yang mageran beli makan di luar,5
jos gandos,5
mantab,5
sangat ramah pelayanan baik,5
"Ka minta tolong dong kenapa setelah update otp sudah dpt via whatsapp tp malah ke email yg bukan milik saya, saya tidak perna menggunakan email untuk login ke akun gojek selalu pakai Nomer HP Please hub saya dan bantu untuk login ke akun saya lagi",1
driver lu gak niat kerja semua,1
bagus,5
Kebersihan P,5
tepat waktu,5
ok,5
aman. nyaman. capat,5
baik,5
sangat puas,5
good,5
nyaman pakai ini..,5
sangat bagus,5
"bagus, mungkin bagian rute perutenan bisa lebih di lengkapin",4
ok,5
Hari ini kesal sama supir gocar yang selama perjalanan ngeluh mulu. Harusnya kalau ga mau tarif segitu ga usah diambil orderannya! Gojek milih mitra kebanyakan yg attitude-nya kurang.,5
gacorr,5
sangat mantabsss..,5
"aku klu beli makanan murah banget,klu belinya 2",5
"didaerah cikarang susah mendapatkan pengemudi,tolong diperbanyak pengemudinya,apa lagi dari bogor kejakarta susah banget dptnya sampe berjam jam gak ada yg mau",3
aplikasi jembut,1
selalu siap saat d butuhkan,5
sangan membantu,5
Pemberian info mdh dimengerti & gercep.,5
jangan pernah memasukkan dana berapapun di gopay karena dana saya lenyap total dan tidak ada pertanggungjawaban dari pihak gopay walapun sudah update jaminan saldo kembali uang saya yang saya taruh di gopay benar benar lenyap tidak ada konfirmasi otp atau apapun dan berhasil dibajak oleh seseorang yang melakukan transaksi pembayaran tagihan listrik dan pihak gopay lepas tangan dengan alasan kesalahan user,1
semuah jadi serba mudah,5
good,5
"Payah, susah dapet driver sekarang mah",1
"Pada kenyataannya pihak aplikasi selalu memberikan jawaban ulasan hanya dari template system. semenjak banyak promo dan adanya program layanan baru malah sering error/ngebles, seharusnya perbaiki dulu system itu lebih penting, dan perlu adanya tim khusus survei ke lapangan Aplikasi hanya berpikir keuntungan, tanpa berpikir kerugian waktu bagi pelanggan dan terutama kerugian bagi Driver yang harus menjemput atau pickup yang sangat jauh tanpa memperhitungkan tarif jarak tempuh.",2
👍🏻👍🏻👍🏻👍🏻👍🏻 berguna,5
aman dan amanah,5
good.... good... good...,5
susah sekali dapat gojek padahal di jakarta driver banyak alasan. pindah ke aplikasi lain aja.,1
mantap,5
kecewa sih susah banget nyari driver,1
"aplikasi tolol, buat nyemak aja kebanyakan promo 1 pun drivernya gda yg jelas",1
ga setting gojek plus auto debet tiba tiba kepotong automatis.,1
mantab,5
terlalu mahal di biaya penanganan ..... daripada ongkir,3
apk bagus terpercaya,5
"aplikasi tidak jelas, saat saya sudah menunggu satu jam lebih malah di batalkan dari aplikasi nya, kenapa tidak di beri tahu dari awal agar kita tidak menunggu, untuk kedepannya semoga bisa lebih baik, untuk sekarang saya kasih bntang 1 dulu kalo sudah di perbaiki saya akan memperbaiki rating saya juga, terimaksih.",1
suka pake apk ini buat gofood ataupun gojek 💭💜,5
lelet makin hari makin mahal,1
ok,5
good,5
mengecewakan,1
"maaf saya unistal. karna beberapa terahir menggunakan aplikasi ini (gofood) sangat lama mendapatkan driver,dan mau cancel pun harus nunggu lama,sekalipun dapat driver itupun harus butuh waktu 1-2 jam..sekali lagi maaf saya unistal!! karna sudah beberapa kali di komplain masih tetap sama saja.",1
"sumpah setiap pesan makanan selalu saja driver kesulitan, mungkin udah berkurang yah driver gojek ini dikarenakan pemiliknya masuk penjara hahahahahhahaha",1
jadi lebih mudah untuk kita,5
Kelasss Boy,5
pesan makanan saat lebaran ke 4 sudah 1 jam driver blm dpt² juga mana perut dah lapar kapok pesan lewat gojek. klo memang gk ad driver mending nonaktifkan aj tu apk saat lebaran monyet!!!,1
"drivernya sekarang ngga mau ambil order tpi cancelnya lama, jd orang udah nunggu eh taunya ngga jadi",3
"disuru masukin nomer kan uda dimasukin ya nomernya, masa ada ""nomer ini tidak terdaftar di WhatsApp"" gajelas bet anj padahal mah laper pen makan",1
"mantap, harga2nya semakin mahal tp pendapatan driver segitu2 aja, kalau ngasih tips ke driver ada potongan aplikasi juga ngga ya?",3
"lama banget dapet drivernya, masa harus nunggu setengah jam buat cancle, buang buang waktu banget, mana klo butuh bantuan cumn bisa make sistem gabisa ngetik langsung, kecewa bngt mana lagi urgent, di percepat lagi, aku make gojek biar cepat dan ngga ribet eh sekali pake malah bikin lama dan ribet haduh...",5
driver the best gk pernah ada masalah konsumen skalipun harap d bantu kpd gojek d indonesia,5
tidak bagus saya pesan makanan 70 menit udh tunggu lama lama tidak ada driver yang mengantar menyesal pesan makanan di sini masih bagus pesan makanan di grab walaupun sama sama lama 👎,1
👍👍👍👍👍,5
apasi susah bgt cri driver,1
kesel kadang suka di kensel 😭,4
"bagus aplikasinya ,tapi nyari driver lama banget padahal banyak driver yang Deket jadi emosi",2
nyari driver nya susah banget gak pernah dapat driver setiap kali order,1
"aplikasinya sangat membantu, tapi mungkin untuk para driver saya harap kedepannya dapat membaca map dengan baik.",5
kebiasaan kalau pakai aplikasi gojek pesen pakai gohemat susah kali dapat nya bahkan di cancel² trus percuma kalian ngadain promo hemat kalau pada nggak mau ambil,1
sangat bermanfaat dan mudah segala nya,5
Akhir² ini susah dapet driver,1
"kecewa siih uda pesen trus sampe nyebrang jalan nasional biar driver ngga muter"" eh pas nyampe malah nolak karena bawa 2 beras ama kardus trus bilang cancel atau bayar dua kali lipat karena terpaksa dan capek abis mudik ya saya bayar aja 2 kali lipat huftt uda capek""",1
"aplikasi nyawit anjir, driver ngelumpuk banyak bgt tapi nyari buat go food lama bet",1
top,5
"JELEK BANGET GA WORTH IT, PESEN MAKANAN LAMA BANGET DI TUNGGUIN GA DAPET DAPET DRIVER DAN AKHIRNYA DI BATALIN. BENERIN DULU SISTEMNYA BARU JALAN LAGI BISNISNYA",1
sesuai waktu,5
"dulu menjadi aplikasi favorit, skrng parah bgt pelayanan nya. cancel order seenaknya, sudah ditunggu lama dan diinfo 10 menit lagi sampai, ternyata malah di cancel. apa begini cara memperlakukan pelanggan? sangat buruk",1
"lama banget ga nemu nemu driver, aplikasi jelek",1
gofood jika tidak dapat driver tidak bisa dibatalkan sendiri,1
"ga recomend pakek aplikasi ini maps nya bersalahan terus, tolong di perbaiki lagi aplikasinya kasian drivernya",1
driver belum dapat 😡,1
sekarang makin lama banget nunggunya bener2 bikin nguras kesabaran.. udah lama2 nunggu trnyata resto tutup atau g dapat driver.. JD makin sedih pokoknya..,1
"susah sekali mendapatkan driver!! bikin orang gamod, udah beberapa kali pembelian ga dapat driver terus.",2
drivernya ramah dan pengantaran cepat,5
"bagus sih tapi kalau cari driver terlalu lama. terutama untuk order gofood, kalau belum dapat driver menunggu terlalu lama dan tidak bisa dicancel. terlalu lamaaaaa",5
first time nyobain gocar kok malah apess 🫠,1
"lain kali, kalau emang gak bisa mastiin dapat driver kasih fitur batalin pesanan. udah nunggu set jam baru bisa di cancel jarena gak nemu driver.",1
sllu membantu dan flexibel,5
mantap,5
terbaik,5
sudah beberapa hari ini tidak bisa dapat driver untuk orderan gofood. pesanan tidak bisa dibatalkan. tapi kita wajib nunggu 1 jam tetap aja ga dapet. kalo ada masalh dengan driver jangan zalim ke customer donk.,2
jos,5
Entah kenapa gojek sekarang mengecewakan. Sudah pakai promo tapi promo tidak terpasang waktu klik pembelian. Lalu pesanan yang datang tidak sesuai berulang kali. Tolong sidak resto yg kerja sama dengan anda. Banyak yg MENGECEWAKAN,1
baguss,5
"apaan jir makanannya di buat dulu baru di cari drivernya on ol banget, makann udh jadi dari 20 menit nyari driver nya sejam",1
sangat membantu. 🙏,5
puas dan cepat respondnya,5
"MESEN MAKANAN, LAMA CARI DRIVERNYA, UDAH NUNGGU 1JAM LEBIH",1
"pesan go food, sdh 1 jam tau2 main cancel g jelas",1
good,5
"udah lama nunggu gofood udah sejam lebih ujung ujungnya di batalin karena ga ada driver,mana kita batalin juga susah,ga jelas ngebatalin sepihak aja",1
bagus,5
senang sekali sangat membantu saya..terima kasih...,5
suka berubah lokasi nya pdhl ga fi apa apain,3
banyak diskon,5
"setelah update ga bisa masuk, disuruh intal ulang trus, tapi tetep aja ga bisa",1
"Ini aplikasi udah berdiri lama tapi permasalahan lelet masih belum teratasi?, kok gak becus banget?",1
"akhir2 ini gosend susah cari driver, sekalinya dpt driver di chat ga balas2 ditelp gak diangkat.. payahhh mengecewakan sekarang... jujur lebih suka maxim.. drivernya lebih sungguh2 kerjanya.. tarif lebih murah!! Tambah lagi, sekarang order gofood gak bisa dicancel, padahal sudah menunggu terlalu lama. Kita sebagai pelanggan merasa dirugikan. Pesan makanan 1 jam lebih gak ada driver yg mau tapi gak bisa dicancel! Apa2an coba. Udah gak mood buat makan tuh pesenan. Mending beli sendiri. Kapok!",1
mantab,5
"Kesel banget mesen maknanan dari kemarin gk bisa"" ini pada kemana sih?! s!ya kemarin mesan makanan sampai berjam jam lebih ini napa sih sistem nya kah atau apa?",1
(gocar) supir terlalu pilih2.. pesen gocar xl udh di trima ujung2nya dibatalin driver,2
freak banget driver nya orng posisi dimana arah jemput malah ke yg jauh,1
nyoba dulu,3
no driver,1
sama seperti drivernya mengecewakan,1
bagus,4
mantaaaaaaappp,5
sangat membantu disaat lebaran.. tks..,5
"udah berkali kali pesan ga dapat driver mulu.ini kenapa sih?? kok tidak kompeten sama sekali.apk sebelah kalau ada orderan masuk gercep,lah ini udah ber jam jam nunggu statusnya ""mencari driver""terus",1
buruk ngeleg,1
good job,5
"menjadikan driver jadi sapi perahh.. potongan sampai 40 % bahkan lebih, kapitalis",1
"gabisa login, coba lagi di nama sama email, harus nunggu hallahh",1
"Aplikasi gak jelas susah dpt driver., kalau gk niat hapus aja aplikasinya driver banyak aplikasi sulit.",1
Tolong diperbaiki mutu pelayanan bagi driver supaya driver tidak minta uang tambahan ke customer selain yg tertulis diapps supaya kedepannya tidak ada salah paham antara driver dan customer sehingga merugikan dua belah pihak. khususnya biaya penangan dan pengiriman serta biaya tambahan. Driver harusnya bisa d beri lebih supaya tidak ada kesan meminta minta. makasih,3
top,5
mantap,5
baguss,5
"Sorry kak, aku mohon di bantu untuk login, email aku yang lama udah non aktif, tapi nomornya masih aktif aku ga bisa login karena emailnya udh hangus sama google, aku gabisa nerima kode verif dari gugle",1
gojek sangat membantu,5
good,5
sangat bermanfaat,5
top service exxelent,5
mantap aman dan selamat,5
selalu terbaik,5
jujur sekarang kecewa sama gojek susah banget buat dapet driver gofood harus nunggu lama jga kalo dibatalin barusan pesen gofood ga dapet driver 3 kali berturut turut,1
bgus bermanfaat,5
siiip,4
sangat membantu mempermudah bepergian,5
"keren, tmbh di tingkatkan lg",5
tolong drivernya yang rajin yaaa,5
keren,5
iklan ganggu,1
semakin sulit dapet driver pas pesen makanan,1
mantap pokoknya sachet.,5
"sumpah ini aneh bgt, udah laper mo pesen makanan yaudah download gojek malah verifikasi wajah gabisa mulu kocak ni apk",1
bagus sih cuma minus ke driver buat nyari nya lama banget maaf cuman kasih bintang 4 doang 🙏🙏,4
👍,5
gojek aplikasi yg membantu,5
mempermudah setiap transaksi,5
lelet bangett,1
"ga bisa dapet driver, buat nunggu aja. uda nunggu sejaman lebih malah dicancel. orang uda laper!",1
driver mobil sering menyimpang dari ongkos aplikasi jarak 47 km yg harus nya ongkos 200 tapi si driver minta 300 tlg lebih di pantau driver nakal sperti itu yg sering terjadi pada driver mobil.....,1
"apasi lama banget nunggunya,g prioritas,lelet dari dulu",1
bermanfaat,5
apk bagus tapi kalo misal nya ga niat nyari uang gausa si gua nyari dari tadi gada yang mau,1
Alhamdulillah aplikasinya bagus dan lancar,5
"1 jam nunggu gdpt dpt driver. tau gt gausah nunggu, knp harus nunggu lama dulu baru bisa dibatalin?? pemikiran apa kaya gt. dikira kerjaan cuma buat nunggu notif lu doang, masa harus stay di hp terus liatin notif dpt driver apa nggaknya. Mau makan aja ribet bgt di aplikasi ini",1
makin mudah cari bahan makanan/lauk yg susah d cari toplah,5
"pengalaman pakai gojek superapps dari awal bener2 te o pe be ge te. naik turun pasang surut tapi tetap jaga kualitas. catatan: tolong driver komunitas, suka ga disiplin karena ga mau kena potongan admin, ada transaksi diluar harga aplikasi",5
sangat berguna,5
sangat bagus,5
lebih murah dan cepat,5
pengantaran makanan gk tepat waktu masa nunggu 2 jam lebih gk nyampe nyampe nyesel make ni apk,1
"dapet diskon beli makanan tidak ada yang mau ambil pesanan, giliran beli makanan tidak pake diskon ada yang ambil ordearan dan itu pun pesenan lama datengnya",1
Sangat Bagus Sekali,5
oke,5
orang g ramah ke pembelinya,4
pesan dari rumah enak gak usah ke mana mana,5
sering di cancel sama drivernya ga niat kerja,1
gofut nya bisa lebih lelet lagi ga? kalo bisa pas kita udah kenyang makanan nya baru di bikin,3
"lawak nih CS nya komplein karena sudah pakek voucher tpi tidak dapat potongan, solve nya malah suruh update APK. lawak banget, apk udah terbaru, logikanya kalau belum update kebanyakan aplikasi tidak bisa dijalankan. yang salah sistemnya yang rugi konsumen. hadehh",1
"Device Sharp Aquos V, tiap login muncul error ""kami ga bisa memverifikasi HP atau aplikasi kamu"" dan disuruh install ulang. Setelah install ulang masih muncul error yang sama. Kalau memang ga support tolong di exclude devices nya supaya gak perlu repot instal 🙏",1
"Ini kok susah terus yaa dapat driver yg ambil gofood harus sampai berkali kali saya batalin perkara driver gofoodnya ga dapat. Ga jelas banget lama"" dah. buka cuma sekali 2 kali . bkn cuma hari ini udh berkali-kali",5
"Saya harap aplikasi ini berjalan lebih lancar dan tidak ngeleg. apalagi yang perlu diketahui, hp ibuku saja ngeleg bukan main pas buka map di gojek",3
"bagus, tapi tolong drivernya diliat ya kerjanya, ada tadi saya ngelewatin tukang gojek yang nyetirnya kurang layak sebagai tukang ojek, ada yang balapan atau kebut kebutan, ada yang suka koar koar ngomel di jalan menyalahkan pengendara lain yang padahal itu salah pengendaranya sendiri",5
"mudah dan cepat, aman dan terpercaya",5
"kecewa bgt, setiap mau pesen makan pasti dibatalkan alasannya mau tutup lima menit kemudian buka lagi pesen lagi tutup lagi padahal jarak nya ga terlalu jauh, jujur kecewa bgt kata aku mah tolong bgt jgn suka membatalkan pesanan dengan alasan ga jelas",2
"goblog order gofood driver kg ktemu2, cuman nunggu nyari buang2 waktu, bikin laper aja",1
"LAMA DAPET DRIVER NYA , SEKALI NYA DAPET , JEMPUT NYA JAUH BENER",1
"ga ada fitur chat toko buat batakin pesanan sedangkan driver aja ga nemu"" selama 2 jam keburu kelaparan minimal ada batalkan pesanan",1
susah nyari driver,1
ok,5
good job,4
bagus,5
bermanfaat,5
okelah pokok nya,5
semoga goto bisa untung tahun ini,5
"akhir akhir jni udh brapa kali pesen di gomart susah banget dapet driver sekalinya dapet di batalin sampe bebrapa kali udh nunggu nya lama tiba tiba di batalin drivernya, kalo gk mau ambil mending gk usah ambil dri pda di ambil tiba2 di batalin gimana gk kesel, kalo gk niat gojek mending gk usah gojek dah drivernya bikin orang2 kesel aja",1
selalu setia sama gojek pokonya,5
"penemuan titik lokasi di aplikasi gojek tidak sesuai. alamat sudah benar, tapi titik lokasi di aplikasi tidak akurat, jadinya driver harus cari sendiri lokasinya. Lebih bagus grap alamat dan penemuan lokasi di aplikasi selalu alurat.",2
"payah nyari grabcar ga nyangkut"" sekali nyangkut grab nya nolak",1
coin gopay saya tdk ada yg masuk setelah saya klaim 3 hari berturut-turut jg tdk masuk,1
"pesenan saya sering di oper oper ke driver lain yang membuat pesenan saya jadi lama sampainya, mohon di perbaiki para drivernya",1
ok,5
good,5
susah banget dpt driver,3
"apasih setiap pesan makanan selalu telat telat telat,cari driver susah,mau di cancel sulit harus nunggu dlu lama,apk nda jelas",1
ok banget,5
"bisa engga Double orderan untuk driver food di tiadakan,. kasian rugi waktu untuk pesanan pertama makannya hrs sudah di anter,ini harus ambil makann yg satunya. double nunggu, driver yg di kejar² karna lama. zholim jek",1
"sumpah keren banget fitur baru dari gojek, ada fitur masukin kode gitu saat diterima jadi biar ga salah drop. BINTANG 🌟🌟🌟🌟🌟🌟",5
cepat,5
mantap,5
bagus👍,5
all in sih,5
tidak bisa di cancel jika ada pencarian,1
best sat set,5
susah bangt cari driverny,2
pengemudi suka menaikan tarif diluar aplikasi,1
mantab👍👍👍👍👍,5
"Tolong pak untuk supir gocar nakal hampir semua ingin minta matikan aplikasi ketika diperjalanan seperti menjebak konsumen. dan juga hampir semua supir gocar selalu mengeluh karena potongan dari aplikasi besar seolah mengemis memaksa meminta agar diberikan uang tips. ada juga modus tidak mau menurunkan sesuai titik turun seolah memaksa agar diberikan uang tips lebih banyak. Tolong agar dibersihkan dari supir gocar kelakuan korup dan curang seperti itu, membuat konsumen tidak nyaman diperas.",1
BOIKOT APLIKASI INI!,1
semenjak update saya di suruh login ulang selalu salah terus dan di suruh menginstal ulang apk tapi tetap saja kalau mau login tidak bisa karna sistem nya tidak bisa membaca mohon dong pada dev saya jujur kecewa berkali kali saya melakukan instal ulang apk tetap saja tidak bisa masuk,1
"tolong dong untuk pihak gojek semisal untuk gofood kalau durasi nyari drivernya lama sebaiknya dipersingkat jadi 20 menit aja, kadang orang juga mau makan gabisa nunggu nunggu sampe se jam. itu namanya kurang menghargai waktu konsumen.",1
sanagat bermanfaat,5
udh lama ..mahal hemat sama kaya prioritas ...makin sini makin kacau,1
"lama banget tanggapan terkait pengaduan, pesan gofood juga di toko fastfood lama banget 1 jam lebih",1
good,5
Driver'a ramah,5
sangat nyaman,5
bagus aja kok,4
menggabungkan pengiriman yang equal,1
"sush dapat driver, aplikasinya suka bug, cs nya ngga bgt.",1
nga ad diskonnya udah,2
bagus,5
susah sekali mencari driver tidak seperti dulu selalu cepat,5
Sangat membantu,5
sangat-sangat membantu,5
"saya cuman kecewa sekali hari ini, tapi nyebelin banget, bukan driver atau apa tapi masalah di maps, jelas jelas tujuan perjalanan yang saya tulis itu berbeda dengan lokasi yang benar, titik lokasi salah jauh banget estimasi waktu nya 1 jam salah nya, pesanan antar saya sama maps yang di driver sama, sama sama ga jelas, alamat sama titik lokasi beda, aneh banget, untung driver ramah jadi sedikit tenang",2
josst,5
banget,5
aplikasi bodoh SE x susah x daftar ya,1
lumayan promonya,5
"mau ganti email malah di suruh ganti nomor kan bisa ya di verifikasi aja lewat nomor yang lama . aneh banget , kalo lagi urgent butuh ojol keburu habis batre sama kouta ngurusnya mending make aplikasi lain yang udah bisa , gpp agak mahalan dikit tapi ga ribet",1
senang banget,5
good job,5
Terima kasih,5
"saran, untuk gocar tambahin opsi non E-toll dan E-toll untuk perjalanan jauh. atau engga harga perjalanan jauh harus udah include masuk toll nya, takutnya ada driver nakal yang merugikan customer 🙏",3
Sangat bermanfaat sekali,5
bagus lebih murah cuma nyari driver nya yg lama sampai 10 menit,5
aman dan nyaman,5
"aplikasi nya ribet, bikin kesal sewaktu mau di pakai. tolong lah dibuat simpel aja buat digunakan, terlalu ribet",1
tidak bisa dipakai aplikasinya bodong disuruh tunggu 30 jam,1
driver selalu cancel apalagi driver mobil wkwk,1
baik,3
nice,5
puas,5
mantap,5
"Akhir² ini lelet pollll... halaman kosong, padahal yang sebelah lancar² aja tuh.",2
cepet,5
mantap,4
lumayan oke,5
"kasian mintra gojek yg dpt orderan jauh dr titik jemput, 1 pesanan bisa 5x atau lebih yg tolak driver, bukannya dapat mitra yg dekat titik jemput, malah yg jauh"" yg nerima",1
bagus pelayanannya,5
gojeg is the best,5
nyaman,5
bgus,5
"pesan makanan nunggu 1 jam baru bisa di cancel karena tidak ketemu2 driver, setelah 1 jam karena sudah cape nunggu lama mau saya cancel aja eh tiba2 ada diver, setelah ada drivernya pun saya harus nunggu lagi sekitar ±30min keren.. makin kesini makin ga jls ini aplikasi",1
the best,5
"Buruk, udah 2 kali pesen makanan tapi cancel terus terusan mana sering telat lagi, perbaiki layanannya.",1
kalau pesan makanan gak ada kepastian,1
KEREN,5
aplikasi ngerjain sumpah .... gila baru donload nyobain pake aplikasi ini parah ini . lebih cepat pake grab daripada plikasi,1
"aplikasi sampah,telek,mbut status mencari driver Mulu,padahal disekitar banyak yg nongkrong,lu mau kasih driver yg jaraknya 5km dr gw ,sampah mending pakai aplikasi lain banyak aplikasi skrg bukan gojek doang",1
aplikasi bodoh susah dapetin driver (pekalongan),1
"DRIVER GOJEK SKRNG BANYAK YG MANJA, KURANG KOMUNIKASI, BANYAK YG DICANCEL TANPA KONFIRMASI DARI DRIVER, TOLONG UNTUK PENDAFTARAN MITRA GOJEK LEBIH DIPERKETAT, SKRNG JADI DRIVER GOJEK CUMA NUMPANG BUAT KOMUNITAS AJA KEBANYAKAN SEPERTI ITU, BIAR KALAU ADA MASALAH DIJALAN ADA YG BELA ENTAH DRIVER GOJEK SALAH ATAU TIDAKNYA",1
Excellent,5
penganangan masalah,1
baik,5
"aplikasi yg batalin bisa, giliran cust nunggu pesanan sejam lebih dan mau dibatalinn malah gabisa. diluar sana banyak driver mau dapet orderan tp sistem lu malah gajelas.",1
"aplikasi ga jelas , ...",1
ngasi bintang 4 karna baru aja si,4
oke banget,5
"lelet bet dah,tidak rekomen dasi apk ini",1
driver sering nolak orderan,1
mantabbbb tngkatkan slalu pelayanan buat coustamur,5
aplikasi kikir,1
ok,4
"sejam dua jam nunggu driver ga kunjung dtg, udh dpt malah gada respon dan harus cari lagi, sangat kecewa.",1
susah dapet driver setiap pesan gofood,1
sangat membantu sekali,5
nunggu lama bgt malah resto tutup kocak laper Berjam jam,1
TOP 👍🫰,5
malas,1
mantap,5
lancar,5
gajelas busuk uda nunggu sejam lebih ujungnya dicancel sistem,1
"Kalau sudah lewat dari jam 00:00, akan sangat susah untuk order gojek, walau pun titik jemputnya di perkotaan. Padahal tidak hujan.",1
kok sekarang gojek makin lama aja ya mau express atau hemat pun susah sekarang sering gak dapat driver nya juga apalagi kalau pesan makanan express atau pun driver lama padahal lebih mahal ongkir express tetap aja lama tolong ya kak di perbaiki lagi,2
pembelian gopulsa lenyap tidak dikirim ke user laporan cuman no respon,1
jangan jemput aku,1
"mesen gofood lama banget, susah dapet driver!!!! nyusahin customer udah nunggu waktu berjam"". mikir"" lagi deh yg mau download ini aplikasi, bukannya mempermudah malah bikin ribet. nunggu pembatalan aja sampe se jam",1
"pesanan malah ilang, udah bayar",1
"gajelas sok sok buat sistem double order gofood cuma nunggunya bisa sampe sejam lebih, benerin dulu dah sistemnya baru update rating",1
good lah,5
lagi kesel sm gojek. gara2 pesen gofood udah nunggu sejam tapi gak ada konfirmasi apa2 tau2 batal,1
bagus,5
aplikasi sering ngebug dan sistem pencarian driver tidak jelas bahkan driver selalu membatalkan pesanan padahal jarak titik jemput tidak jauh,1
"buat anak² kost atau yg dh ga tahan pengen makan jangan pake aplikasi ini yaa!!! yang ada kalian bakal ""keot"" karna kelaparan nunggu acc nya",1
aplikasi tidak becus... pengiriman lama...susah dapat driver...tidak becus....matikan saja aplikasi ini,1
sebenernya aplikasi ini bagus cuma mungkin karena ada mode hemat jadi para driver malas ambil ya karena mereka juga rugi? kaya lama bangett dapet nya padahal di map terlihat dekat dari lokasi customer :(,3
jemputnya jauh2 klw comport dan orderan makin sepi karna ulah aplikasinya,1
KECEWA SISTEM GAJELAS ORDER HEMAT DAPAT DRIVER YANG JAUH PADAHAL ADA DRIVER YANG DEKET BANYAK,1
"sekiranya udh sepi driver mending tutup aja aplikasi, nunggu sejam buat cancel makanan? lama lama gatau malu ini aplikasi",1
bagus,5
Mendapatkan Driver sangat lama,1
bagus,5
"ga dapet dapet driver ,jadi kelaparan karena pesanan ga di kirim kirim",3
sangat bagus dan rekomendasi banget,5
"terlalu banyaknya potongan jd terkadang bnyk driver yg menolak layanan gofood,yg gilaaa pihak aplikasinya ke drivernya ikut²an malas jadinya",1
1 jam menunggu tidak dapat driver untuk pengantaran makanan. karena menggunakan salah satu promo.,1
"kalau memang harus ada penilaian dari driver untuk pelanggan, tolong biarin pelanggan liat nilainya. Tidak adil kalau customer memberi nilai 5 sedangkan driver me rating lebih kecil dari itu yg menyebabkan rating pelanggan turun dan susah pesan gojek",3
gjls lma bener penjemputan,1
sangat membantu perjalanan saya,5
"Tolong lebih baik ke driver, pembeli jadi susah dapat driver. tolong jangan potong banyak-banyak dari pendapatan driver. kalau dapat driver susah, kalianpun bakalan rugi. Karena banyak orderan yang ngga selesai",5
"SANGATTTTTTT BURUKKKKK PELAYANAN DRIVER GOFOOD, SUDAH AMBIL PESANAN MALAH DIBATALIN, NUNGGU BERJAM² TIDAK DAPAT² DRIVER NYAAAAA, TOLONG DIPERBAIKI",2
uda 5 kali tiap beli gofood gapernah dapet driver sampe harus di batalin,3
PERBAIKIN SISTEM PENCARIAN DRIVER! MASA HAMPIR 3 JAM ORDER GA DAPET DRIVER!,1
jelek skrng,1
"apk nya TDK bisa di akses menggunakan pencarian,saat ingin mengetik makanan yg kita inginkan malah error,mohon di perhatikan yh",1
Semua Mobil Ada Yang Bersih Dan Kotor Yang Penting Special Banger Drivernya,5
"susah sekali untuk komunikasi dengan customer servicenya, komplain mengapa top up belum masuk saja susah...",1
"gojek tuh kenapa sih, kalau emang ngga ada driver yang mau take orderan ya yaudah jangan bikin nunggu lama kalau kita mau nge-cancel. gila aja masa harus nunggu 1jam baru bisa di cancel, max 30 menit tuh udah lama banget lho. keburu mati kelaperan nunggu elu jek gojek males gue",2
maaf ya rating kamu aku turunin karena alasan gofood. 1. terlalu lama dapat driver 2. terlalu lama sampai lebih dari 1 jam beda sama aplikasi sebelah. 3. customer service tidak membantu sama sekali.,2
"kenapa sih susah bgt nyari gojek akhir² ini? udah 2x pesen makanan disini tapi selalu di batalin secara sepihak sama driver nya. akhirnya harus nunggu lama sampai driver nya dapet lagi, berujung saya batalkan karena keburu bete dan lapar. tolong dong di tindak lanjuti driver yang suka batalkan pesenan, supaya ga sesuka hati ngebatalin pesenan. kalau memang tidak memungkin ngambil, ya jangan di ambil. bener² mengecewakan banget gojek akhir² ini.",1
"Sekarang kalau gofood susah dapet driver sama ngantarnya lama bisa 1,5jam",1
susaaaaahhhh bangettttt nyari driverrrr padahal udh pilih yg comfort jugaaa... alasan ny sama semuaa : maaf titik ny terlalu jauhhh,4
susah dapat driver sekali dapat jauh malah driver nya yg minta dicancel,1
"aplikasi oke, driver yg sulit dicari hadeh, banyak nolak",2
"cari driver susah.. baik go ride,gosend,go food.. ujan sedikit langsung driver ga ada yang ambil.. entah emang dari aplikasi nya apa drivernya hilang semua. percuma masuk dalam customer super star.. tidak sesuai dengan pelayanan yang didapat.",2
"Semakin lama pelayanan semakin buruk, Mau order menunggu berjam2 gak dapat driver",1
membantu tapi menyulitkan,1
Saya sudah 2 hari ini pesan gofood ndak ada driver. Sudah buat order lebih dari 1 jam juga ndak dapat driver. Mohon pelayanannya diperbaiki lagi.,2
cakkep,5
"koplok siah,,geus nungguan 1 jam lewih masih can menang driver malah d batalkeun,,baleug niat gawe teu gojek sadu,,aing k buru KA laparan",1
"estimasi tunggu untuk pembatalan pesanannya terlalu lama, untuk pesanan yg tidak dapat driver",1
kelamaan order Udha setengah jam lebih gak ada yang dapat drivernya padahal disekitar ada sekarang jadi lelet,4
bagus sekali,5
"kezel ih.. banyak promo yg berkurang di gopay n transport gojek, trus kalo pke gojek selalu jauh kenanya, kasian lho para driver update lebaran 2026 udah 30 menit dan tetap ga dpt armada",4
kecewa belum bisa QRIS,1
"akhir akhir ini sulit mendapat driver, terutama pada gofood. kenapa ya ko jadi begini? padahal jarak resto ke rumah itu dekat. mohon diperbaiki",4
sangat memudahkan,5
"pengiriman sesuai,c3pat",5
susah sekali nyari driver lama sekali,1
ok,5
best,5
suka bgt dr driver nya dan pelayanan ny slalu bagus.,5
susah dapet driver sekarang,2
mantap men,5
kebanyakan iklan,1
enggak asik enggak ada ip gratis 🗿,3
nyaman murah aman,5
bagus sekali,5
👌👍👍,5
jelek,1
baik,4
"JADI APLIKATOR RAKUS YA BEGINI, DRIVER SISA DIKIT!! Harga makin TINGGI diimbangi dengan pelayanan yang TINGGI tetapi nyatanya TIDAK. selain itu mitranya MALAS & pilih pilih orderan, harus di sortir & evaluasi kembali.",1
memudahkan,5
iklan nya tolong dikurangi ganggu bener apa apaan 20 detik cuma buat iklan dengan tombol X kecil kek biji,1
aneh padahal udh order tpi dari system gojeknya malah ke order 2 kali,5
terbaik,5
apk buruk,1
"Pesan makan 2 kali hampir 2 jam, ga ada yang jelas 😂, mau di bilang situasinya yang seperti ini seperti itu, tapi ga gini juga. Tahun sebelum2nya juga waktu lebaran ga gini kali. Maaf berkeluh kesah, karena dah kelaparan.",2
bnyk promo nya dan pesanan cepat sampai,5
pelayanan bagus . driver sopan dan ramah . aplikasi sangat membantu,5
nyaman,5
makanan nya murah murah nga kayak aplikasi sebelah,5
KK gw hampir celaka gara gara gojeknya ngebut plus maksa nerobos,1
membantu,4
gojek memang ok,5
cari drivernya susah sampai dua jam nunggu ga ada yang masuk cepat yang baru baru2.,3
"aplikasi yg sangat membantu, semoga selalu berinovasi dan bermanfaat lebih lagi",5
baik,5
"aplikasi saya dalam nyari nafkah, jadi jangan pernah tertinggal tentang apa yang tercanggih dan update setiap versinya ya",5
okay,4
Kalo bisa jika ada kenaikan tarif setidaknya informasikan dulu,2
"kecewa banget jujur, sinyal bagus di bilang gaada internet, susah dapat driver dan banyak perbaikan trus",1
memuaskan,5
buruk,1
topp bangett,5
bagus cepat dan ramah,5
"lama banget saya gofood aja gamau ada yang ambil makanan saya,mending saya langsung kee tokonya beli sendiri kesana saya kasih bintang 1 siapa cobaa ga kecewa udah nunggu lama ga ada yang anter cuman bisa andelin batalin pesanan kalo tau gitu ga usah buat aplikasi gojek kalau ga ada yang mau ambil",1
lelet,1
sungguh nyaman 😄😏😄👍👍👍 🩷🩷🩷🩷🩷🩷🩷🩷🩷🩷🩷🩷🩵🩵🩵🩵🩵🩵🩵🩵🩵🩵🩵🩵,5
driver kadang sok sibuk semua,1
membantu sekali dan memudahkan segala aktivitas kita,5
Mantap,5
min selain gofood tambahin goMUA biar Ulya bisa dimakeup di jalan,5
ok,5
mantap 👍👍,5
saham goto naik yuk,5
baik n ramah,5
buruk q,1
"hama lama gojek nya pepek hpus aja aplikasi nya, nunggu gojek udah dri 3jam ga dpt2",1
sangat membantu!,5
"susah dapat driver, nda guna punya banyak driver tapi pada nda mau ambil orderan",1
Good Job,5
mantabb,5
"kenapa akun saya dibekukan, di kasih penjelasan juga engga, ga jelas banget",1
baik,4
"aplikasi ini, terutama gofood, mungkin dibusukkan oleh pengembang dari dalam. Sering terjadi : Chat dari penjual / driver saat terjadi ketidak sesuaian pesanan, katakanlah menu yg dipesan habis. chat untuk konfirmasi ke pembeli tidak sampai. apakah ini pengembang yg tidak kompeten, atau memang sengaja dibusukkan dari dalam.",1
bagus,5
"bantuan tidak berguna, tidak bisa menyelesaikan kendala/masalah",1
Aplikasi yang memelihara driver kek monyet semua. terutama driver gocar.,1
"ini kenapa jadi susah login? tulisannya yah, internet mati. buka grab aja bisa masa ini gabisa",4
"Makin ke sini, nyari dan dapet driver jadi lama banget. Proses cancel juga harus nunggu lama dan ribet. Saran aja, kalau bisa potongan dari aplikasi ke driver jangan terlalu banyak, biar driver nggak milih-milih dan sering nge-cancel pesanan, jadi pembeli/customer juga nggak dirugikan.",2
"gojek makin kesini makin aneh, order malah dpet driver yg jauh jauh. padahal sekitaran bejibun.",2
"tlg pihak gojek ini driver ngeluh krna terlalu bnyk ptongan dr apk & driver ga balik modal, apk ini trlalu bnyk ambil untung dr driver, customer ke aplikator tarif tinggi bgt tp dr aplikator ke driver/rider tarif rendah bgt, driver fulltime dicekik alogoritma, driver libur 1hr krna skit akun lgsg anyep & orderan ilang, skrg apk ngadain prioritas driver byr 1hr 20rb biar bsa dpt orderan max 10, mnding driver pindah maxim aja, maxim ptongan dkit, sy brni blg krna nyata sy susah dpt driver",1
driver yang suka terlambat dan pelayanan yang kurang,2
lama cari driver nya.,2
oke mantap,5
mantap,5
TIDAK JUJUR,1
server jelek minimal upgrade lah ngeleg banget servernya pdhl kuota full sinyal ada.pdhl brand gede mslh kecil ga mau diatasin,1
"kenapa gak bisa ganti pembayaran nya dari tunai ke gopay error gilaaaa banget sumpah , perbaiki lahhh gimana sih",2
ok,5
tidak ada respon dari aplikasi dari jam penentuan dapat voucher kalau driver belum sampai .aplikasi terdiam lebih dari waktu .makin menurun kualitasnya,1
Aplikasi gajelas malah gakbisa daftar,1
"Karna gaada driver terpaksa harus nunggu 40 menit baru bisa cancel, keburu aslam",1
gojek nya gak aman banyak mafia semua masa beli makan di gojek sampe sekarang belum di anterin,1
"sekarang makin kesini gojek susah bgt dapat driver padahal gak hujan cuacanya pun biasa, cuma sekedar macet di jalan aja pada gabisa narik orderan penumpang, harus bgt upgrade ke pilihan mahal baru dapat driver. gak rekomendasi padahal aku seneng bgt pake gojek kemana mana.",3
gojek ini kenapa dah aku baru download ini gojek dan belum punya akun terus aku isi akun di gojek di saat-saat mengisi email eh aku tekan selanjutnya terus apa kata ni gojek tunggu 30 jam lagi kenapa sih harus tunggu 30 ini kenapa nih gw kasih bintang satu😤😠,1
drivernya ramah dan tepat waktu,5
Ok,5
tolong lah gojek ini sekarang sering banget order makanan ke cancel Mulu orang laper yang ada mati duluan,1
bagus,5
"pesan go ride, banyak yang terima dan mereka langaung batalkan, karna jaraknya agak jauh. saya posisi di bali, sedang di derah kuta mau ke panjer, semua driver terima oesanan dan langsung mereka batalkan. bahkan sampe 13 driver 🤦",2
luar biasa sangat memudahkan,5
bagus,5
baik,5
bagus,5
lama mengantar makanan juga mencari driver,1
makin kesini kooo makin hawhaww so saddddddddd,1
langsung dapat driver tidak pakai lama..,5
Tetap yang terbaik hingga kini 👍,5
"harga/km mahal, gawajar kalo dibandingin kendaraan umum",4
"mantap,",5
tidak bisa di pakai,1
mantulll,5
baguss,5
ok baik,5
"alhamdulillah enakeun pake apk gojek,tapi untuk go food nya aga lumayan mahal diongkir tolong banyakin lagi promonya supaya gak selalu cancel kalo mau jajan😭",5
memuaskan,5
mudah dalam pencarian titik antar/jemput,4
lumayan. tp kdg msh ada bug n error gitu,4
ok,5
mntul,5
Sampah driver pda ga mau narik. apk ga gunaa. bener² ga gunaaa,1
mantapp,5
amanah murah meriah,5
membantu,5
good,5
sangat nyaman,5
ok lah,4
the best,5
bagus,5
mantap,5
bgus,5
"sangat membantu , simple dan gak ribet ,",5
ojolnya ramah banget,5
bt banget pas lgi urgent² nya sama sekali gada yg nyaut🤣🤣🤣,1
mantap sangat berguna,5
👍👍👍,5
kenapa mendapatkan driver lebih sulit sekali dapat banyak dramanya jd ga berani kasih penilaian..driver kompetitor jauh lebih ramah dan mau mencari alamat dengan sabar...apa saya aja yg mengalaminya yaa...atau saya yg baperan..maaf yaa,2
"males banget, banyak driver seenaknya ga bilang apa2 tiba' menjauh, padahal saya udah nunggu, kalo misalnya ga bisa jemput kan bisa saya cancel. bukannya malah tiba tiba jauh atau diem aja, terus ga bialang apaa apa",1
good👍,5
sangat baik,5
oke,5
sangat bagus,5
mantap,5
lambat dapat driver,1
"susah dapat driver, keburu kelaparan",1
bagus pokonnya,5
goood,5
"mantap,tempat terpencil bisa",5
udah instal gk bisa login kok,1
GOOD,5
sangat membantu,5
makasih gojek udh ngebantu saya dapet jemputan pas lagi di kecewa²in-nya🙂👍🏻,5
"gofood nya kurang lengkap, gaada pacar saya",5
"aplikasi sekarang saat dibuka sering eror padahal jaringan baik"" saja,,semoga kedepannya dapat diperbaiki oleh pihak gojek",5
"terlalu ribet nihh, tau tau dah d blokir aj paylaternya. pdhal bunga berjalannya gede bgt!!! telat ga ampe berbulan-bulan. bunga gede, kebijakan nya ga sesuai dengan memberikan kemudahan nya BIG NO BGTTT!!!",2
"alhamdulillah suka ,,",5
memudahkan untuk kemna saja,5
harga selalu lebih mahal dari yang lain,1
"tarif sedang sedang aja.driver nya sopan.cuma satu kendala nya di saat buru buru.dpt driver yg jauh jarak nya,jdi hrs menunggu lama.di cancel kasihan sdh Rizqi org itu.jg kasihan SM driver nya hrs menjemput penumpang trllu jauh.mngkn bisa di benahi dlm menerima pesanannya.semntara di area sekitar bnyk driver yg menunggu orderan masuk.",5
Gocar tarifnya diluar nurul. Dari BEC ke Cimindi 97k.,1
ya lumayanlah,3
"pesen go car buat ke puskesmas, nyantol 4 driver tp semua gak respon ,gak cancel ,gak jelas pdhal dah nggu sampe 2 15mnitan perdriver nihil semua.. padahal ngejar waktu ..",3
mantap,5
sangat baik,5
mantap,5
enak bisa mesen makanan apa aja,5
Makin kesini makin parah di maps banyak driver tapi terus mencari driver kalo untuk layanan keuangan sih oke kalau transportasi terutama goride nol besar,1
the best,5
top,5
"order gojek car akhir2 menjengkelkan sudah nunggu lebih dari 30 menit driver gak gerak, tapi ketika GPS sudah sampai tapi mobil yang terdaftar tidak ada dilokasi, padahal jalanan sepi hanya ada mobil lain. ku rasa para driver ini memanfaatkan layanan denda 3000 rupiah kalau pemesan membatalkan pesanan karena capek nunggu. aku sudah ke 4 kalinya nunggu driver model gini total 3 jam lebih. di chat tidak respon, di telfon g diangkat, GPS di titik jemput tapi gak jemput penumpang lebih dari 30menit.",2
"tarifnya tidak sesuai dengan yang di klik dr awal ,selisihnya 20rb jd lebih mahal...",4
"akhir2 ini agak susah dapet driver, sekali nya dapet kadang jarak ny jauh,",4
terbaik,5
Dapat koin dari main gocats tapi pas dilihat disaldo koin gk nambah. Banyak koin yg gk bisa diklaim. Banyak bohongnya,1
"Driver gocar di Rangkasbitung kalian pada mainan harga,nembak harga,atau manualin harga diluar aplikasi",1
tolong dong resto kalo masak jangan kelamaan trus juga nyari driver lama banget masa mesen makanan harus nunggu 1 jam lebih makanan jadi ga fresh ga enak,1
"aplikasi udah oke, klo bisa tambahin fitur pembayaran Qris",5
semoga pelayanannya lebih joss lagi,4
bagus,5
"TOLONG DI PERBAIKI TERKAIT LAYANAN PRIORITAS, SAYA JAM 2 PAGI BAWA BAYI PESEN GOJEK, DAPET, TAPI,NGGA GERAK SAMA SEKALI KUSUT BANGET",1
susah cari gocar dan goride sekalinya cancel harga makin naik ga ngotak,1
trims fast respon,5
pelayanannya lamban,1
gua bayar ongkir gede ko di hematin,1
lumayan,4
"asik bangett bisa njajan tanpa keluar rumahh, tpi ongkir nya agak mahall padahal resto nya lumayan deket sama kost kuu",5
"pesen gofood orang bisa disuruh nunggu dapet driver sampe 60 menit lebih baru bisa dibatalin, woi orang mah kaya si orange 12 atau 20 menit gak dapet driver bisa batalin pemesan nya, bikin aturan se enak jidat, auto ganti ke aplikasi orange besok2",1
"tolong dong saya mau coba login pake nomor HP saya tapi tidak bisa, saya lupa pin sama email nya jadi bingung mau loginnya gimana mana masih ada saldonya. tolong dong cs nya bantuin saya",1
Pokoke semua²nya is the bestlah👍👍👍,5
"udah pesan 5x berturut-turut dari jam 7 malam sampai jam 1 pagi tidak ada driver yang mau ambil, parahh jujur kecewa sih padahal aku selalu pakai gopay tiap transaksi",1
gonjek mantap. semoga gacor,5
driver nya lama,1
chat pusat bantuan ngg di tanggapi 👎,1
"kecewa bgt, penjemputan drivernya jauh jauh bisa 2km - 5km dari titik jemput jdi bnyk driver yg ngebatalin termasuk saya customer sendiri pun sya batalin karna menunggu terlalu lama terlalu jauh blum lgi macet di jln, akibatnya merugikan ke2 belah pihak driver rugi saya sebagai customer pun rugi. saya pakai gojek dri dlu karna dulu praktis cepat tpi skrang sya kecewa butuh waktu lma buat dijemput driver 30-40menit, maksudnya apa bikin peraturan titik jemput jauh begini?bkin orang terlambat trus?",1
woi kocak ini driver ga dapat muku lama banget trus di cancel otomatis gua laper kocak malah di suruh oesen dari awal jahat banget ga tau orang laper,1
seru banget,5
"baru download and ga banget ini aplikasi, ngaret nya tu ngaret bgt ga kaya sebelah, cepett bgt. gua baru nyoba and kecewa bener"" ga habis fikir sama ni aplikasi terus lain kali Adain yg namanya ""FITUR PEMBATALANN YAAA ATAAAAUUU FITUR PENGGANTIAN MENU LAIN KALII"" KESEL BGT GUA",1
dari kemarin gw pesen gofood ga dapet driver dah nyoba berkali' pun ga dpt mls bgt,5
"DRIVER GA MAU AMBIL ORDERAN, PADA SOK KAYA, GACOAN 2 ITEM DOANG GAMAU NGAMBIL",1
"sistem yg kurang pasti, saat memesan tbtb di batalkan, payah",1
serba cepet jadinya,5
sangat membantu,5
"Akhir"" ini pesen gojek lama bgt saya jadi telat sekolah gara"" lelet driver nya, sya pinda aplikasi sebelah langsung gercep.",5
"hr ini order food,ad psn'an yg krng avocado fload,sy langsung chat CS,di suruh kirim fhto orderan nye dan dah sy kirim kta nye lg di proses,trus masuk email klo fhto yg di kirim kurang jelas jd mnta di kirim lg sdng kan ad mkn'an yg dah di mkn sprti nasi,ayam,puding,kentang dan burger tp bungkus nye msh ad jd sy fhto ulang mkn'an yg trsisa dngan bngkus mkn'an yg telah di mkn,td msuk email blng gk bisa di proses krna laporan krng lengkap,chat cuma bisa buka kamera langsung tp gk bisa buka galeri",1
ngasih promo potongan besar tapi ga mikirin driver. kayak gini jadi susah dapetin driver kalo mesen gofood. ga mikirin customer juga udah kelaparan tapi dipaksa nunggu nyari driver setengah jam lebih. gabisa di cancel kalo belum melewati batas waktu yg di tentukan. MIKIR KIDS😔👈🏻,1
dapat banyak voucher/diskon tapi gak sesuai.,1
mantap,5
Aman ok,5
"pemesanan Go food sangat merugikan & menjengkelkan,. masa pencarian Driver bisa 1 jam lebih. makanan udah dingin, lama sampainya lagi.. gx ada penjelasan dari Gojeknya juga. jangan pernah lagi pakai aplikasi Gojek.",1
terlalu mahal sekarang,1
😀,5
susah dapat Drive,1
"tolong lah,soal penganteran makanannya lahh, tolong!!",5
sangat nyaman,5
lama pengantaran nya,2
baik,5
"kalo gak ketemu driver nya bisa batalin aja stres,jadi nunggu apaan dah ni gua,nunggu harapan,jadi laper banget ni gw kocak,mending pindah ke grab aja",1
"pembeli tidak bisa membatalkan pesanan ketika menunggu terlalu lama terutama ketika masih mencari driver, harus diperbaiki lagi sangat buruk",1
trimakasih atas kepercayaan nya gojek,5
"pembatalan yng tidak menyenangkan, sudah menunggu satu jam di batalkan tanpa memberi solusi ataupun tawaran pickup... sangat kecewa buruknya pelayanan ini!!!",1
"heh developer, Iki aku user, tak kandani potongan mu 20% ilangi, Ben aku rak kangelan ntuk driver, pesen kfc oq ngase 2 jam, rak ngutek",1
gak senggaja ke pesan malah gak bisah di batalin,1
pesan makan lama driver ny laama terima pesanan nya,1
bisa bantu saya kemana mana,5
perfect,5
lemot,1
mantap,5
"gini kk saya selalu make gojek krna aplikasi nya emg bagus tp jg SARAN DARI SAYA klo bisa di GOFOOD KHUSUSNYA jgn klo makanan nya udh siap tp driver nya ngga ada kk ini saya pesen dari jam 20 44 sampai jam 21 40 Masi belum Dateng hampir sejam an nunggu cm buat makan malam doang, saran saya mending dibuat kyk dlu aja jadi driver nya udh ketemu trus otw ke resto. sy harap jgn terulang lg yg kayak gini. Ttp semangatt buat gojek kedepannya 😁🤝",5
tidak bisa beli pulsa ini rusak ya apa eror mau kode virtual accoun nya juga gk mau muncul udah pembelian ke 5 tetap gagal dalam proses,1
susah dapet driver kalau menggunakan gocar atau gobike suka di cancel sama driver pas order gofood,1
oke,5
kemaren uninstal hari ini instal lagi tapi mau log in susah katanya masalah jaringan.. pas buka aplikasi sebelah malah lancar,4
"Baru kali ini rasa lumayan kecewa, saya dah rela nungguin beberapa jam, ujung""nya gada driver yang ngambil, saya tau ini lebaran cuman c'mon, emang semuanya muslim kah? mungkin ada beberapa yang ga ikut lebaran dan bisa antar mengantar di gojek dibagian gofood..?, gatau deh gimana lagi, dah beberapa tahun make aplikasi ini juga kurang, dulu juga pas gocar 7-8 kali gada yang dapet , padahal sesuai harga juga dan banyak drivernya juga",1
Force Close mulu ga jelas,1
"mau batalin pesanan aja gak bisa, ujung2nya gak ada juga drivernya..dasar aplikasi sampah",1
mantap,5
"susah dapet driver siktaran bnjran kab bandung, pdhal apk lain aman² aja",2
"yang bener aja, ga usah banyak potongan ke driver nya jadi susah kan nyari driver. gimana sih",3
"ampunG pesan go-food 3X tidak ada driver, tutup akun aja ☹️",1
"susah bat dah dapetin driver elah cape bat, kalo ga niat kerja gausah di kasi kesempatan lah",1
"susah bgt dapet driver, sekalinya dapet malah ga gerak sama sekali udh nunggu sampe sejam lebih... payah ah gojek",1
terima kasih layananya,5
"gatau lagi mesen dari jam 8 malam sampe jam 10 gaada driver yg terima, sekali nya di terima udh tunggu lama malah di cancel?! gaada teguran kah dari pihak gojek nya untuk driver yg kayak gitu ?",1
udah bayar pakai gopay tapi tiba2 pesanan di cancel aplikasi gak jelas,1
"resto nya pda telat smua nya,hrus diperbaikin lgi",1
makin gak jelas aplikasi,1
paylater sulit dipakai karena diblokir. haha,5
tambah gak guna aplikasinya,1
aplikasi ini mantap buat kemana-mana jadi cepat,5
bermanfaat sekali top top top,5
pahit,1
aplikasi paling BURUK YANG PERNAH SAYA PAKAI back to jaman batu aja bosss nyari driver buat food nunggu sampai 1 jam lebih no kompensasi CS FULL AI no solusi gak rekomended untuk dipakai,1
top,5
driver sulit di dapat pelayanan kurang bagus sekarang gojeg,1
good. good,5
good,5
menit di aplikasi sama menit di luar aplikasi beda,1
"pesen go-food driver beberapa gak ada yg mau ambil ngulang lagi juga sama, aplikasi nyebelin",1
beli pulsa GK bisa no virtual acc nya GK muncul gimna mau proses gila eror nya parahhh,1
sesuai,5
bad,1
beli pizza Berjam jam gak di kirim,2
sangat membantu,5
"gojek bener2 kurang ajar ya udah nunggu satu jam lebih ga ada tulisan batalkan pembelian karena ga dapet driver daritadi padahal jelas disitu ada terpampang tulisan ""kamu bisa batalin"" tapi nyatanya ga ada opsi itu jangan kurang ajar gojek ya mentang2 dulu make bts buat promosin usaha kalian tapi nyatanya kinerjanya rendah 👎👎👎👎👎",1
"double order di hide di maps, biar gak bisa di tracking drivernya. kejelasan aplikasi gak sesuai estimasi.",2
susah dapat driver,1
"penanganan tidak jelas, makanan telat dan tidak dapat driver, sudah lapar menunggu sejaman gaada tanggapan, sulit melapor dan tidak ada kompensasi",1
gofood sejam ga di pickup,1
"senang sangat membantu perjalan klu lg malas utk pergian, untuk blnja untuk krim dan ambil barang. pokoknta dipermudah dgn adanya aplikasi ini sdh bertahun"" pake ini aplikasi",5
cs nya enggak guna,1
mantap,5
mantap,5
gw udah berharap minum chatime eh dari 19.23 sampe 20.28 belom dapet driver gimana sih?,1
"susah banget dapet driver, mau gojek Jenis apapun itu, tetap aja SUSAH BANGET, rasa nya pengen nangis, udah niat banget ga makan demi makan pizza, eh eh, malah di cancel, kecewa banget sih sama gojek",1
good,5
kecewa pada hal sering pakai dan order untuk tmn kerbat dll,1
OK,5
pelayanan nya buruk orderan di kensel. alasan jauh buat bensin aj ga cukup. kalau ga bisa mending jgn di terima,1
mantap Pokok nya,5
"Dikira main main kali pesen makan di apk ini,tolong dong kalo sampe orang pingsan karna nunggu makanan gimna kalo lebaran gini dki malah sulit cari makan.di benerin lagi deh apk macem begini tuh makin ga jelas",1
gajelass order makanan ga dapet² driver mulu padahal ga pakai diskon!!,1
"Ini driver PD sombong apa gimana si, susah bgt nyari driver mesen makanan dari jam set7 gadapet2 driver!!!! masa suruh nunggu sampe jam jam 7.40 baru bisa batalin kocak!!!!!!!",1
LAMBAT PARAH !!,1
susah bat nyari driver buset,1
sangat membantu,5
"makin ke sini makin susah dpt driver. sorry saya pindah ke app sebelah, susah bgt jir dpt driver",1
mantap,5
ok 👍,5
"mau batalin gak bisa,harus nunggu 45 menit,keburu lapar",1
bagus,5
"aplikasi gak jelas, Udah tau ga ada driver buat pickup malah tetep aja gabisa cancel Pesanan, Harus nungguin Lebih dari 1 jam buat biasa cancel huekkk... Cuih...",1
tepat waktu dan pelayanan ramah,5
driver lu pada kmn?,1
Kesel banget. Mesen makanan gak ada yang mau nerima. Bahkan pesen ojek juga gak mau. Driver nya kek nya udah gak perlu duit lagi karena lagi lebaran sekarang. Sombong semua😒👎,1
ok bgt,5
udah pesen lama-lama (sekitar 1 jam) malah dibatalin ama drivernya.Tolong dong kasih tindak lanjut kalo ketemu driver yang suka cancel setelah nunggu lama,1
PARAH !!!!,1
mudah cepat sampai,5
cepat d jemput sama sopir,5
beki promonbukan nya tambah murah malah tambah mahal semua ngotak fikit gojek kecewa,2
"pesan gofood tapi aneh, knp g ada titik map tkg makanan dan pengantarnya? jd skrg ini pembeli ga tau makanannya sdh sampai mana diambil dititik mana, apa ini inovasi terbaru? apa inovasi ini menjaga keamanan makanan konsumen? atau menjaga keamanan driver? dan kenapa?",3
Gojek emang mantap,5
berguna bangetttttt,5
ramah,5
baguussss,5
ok,5
lumayan oke,4
Teman setia dikala mager,5
"driver gocar ga jelas, sering muter muter biar bisa di cancel kita sendiri. Kalau keberatan narik pelanggan ya gausah aktifin gojeknya dong",1
Alhamdulillah,5
better than before,5
"Ini aplikasi kenapa sih, internet gue idup tapi pas masuk aplikasi info internet mati.! LOL",2
apk Tertidak worth it Masa pesen gojek dari jam 7 malem sampe jam 11 malem ga dapet dapet driver hadeh sampe harus nginep di rumah temen,1
oke PO,5
driver mobil klo lebaran sombong2 ga ada yang mau ambil dekat padahal mahal argo... kasih peringatan ke reevee3 seperti iru,1
kenapa banyak driver pilih pilihh sihhh????? waktu darurat pdhl driver banyak tapi pada pilih pilihh??????? tolong kebijakannyaa donggggg. banyak driver tapi nunggu lebih dari sejam !!! 😠,3
"meski kadang aku dapet driver yg krng asik, tapi masih oke soalnya sekalinya dapet yg asik, asiknya kebangetan😤😛😛",5
Segalanya bisa mudah dan aman..,5
lama banget nunggu makanan aja sampe 1 jam udah kelaparan banget,1
"tulisanya blablabla... atau kamu bisa batalin, udah nunggu 3jam order ulang 3 kali tp yg ga ada tuh tombol yg bisa dipake buat batalin, KOCCAKKK",1
"busukkkk, kalo order gocar ga dapet driver tiap gagal cari driver harga nya terus naik",1
"Benerin deh aturan aplikasinya aplgi soal persenan, gw order sering bgt di cancel tbtb dn gamau di ambil gjls bgt",1
Driver pada gak mau ambil orderan go food.. lama kelamaan konsumen pada kabur alias beralih ke aplikasi lain nya,1
biar bintang yang membuktikan,5
cepat dan tepat waktu,5
baguss,5
transportasi terbaik,5
aplikasi lemot bgt heran,1
ok,5
bagus banget sangat membantu,5
senang,5
sulit menerima kritik dari costumer,1
saya merasa terbantu oleh gojek mantap👍👍👍,1
"Nyari driver sekarang susah BANGET.. mau yg reguler atau hemat sama aja. sulit banget, tolong dong diperbaiki. jd merugikan waktu customer klo kaya gini terus. bintang bakal sy edit kalau sdh ada pembaharuan dari pihak Gojek..",1
"aturan Baru apa Gmna, Pesan GoFood Skarang Ga Bisa liat Real Time Posisi driver",1
ok,5
terima kasih gojek sangat membantu dalam segala aktifitas,5
good,5
bagus,5
"aplikasi lelet, posisi gocar ga gerak lebih dari 3kilo supir tidak mau ngambil",1
"kendaraan banyak, penjemputan cepat.",5
"Gofood mahal, jadi naikin harga pasaran. Harga makanan di markup/naikin 4-15 Rb, nambah lagi biaya aplikasi dan biaya penangnan. Harga makanan 35.000 Jadi 45.000, tambah biaya aplikasi 1000, penanganan 2000 ongkir 12.000. Total 60.000 Hhmmmm Info waktu tiba juga asal. Keterangan tiba dalam 5 menit, di refresh² tetap sama. tiba dalam 5 menit. udah 30 menit nga datang².",2
pelayanan yang baik🙏🙏,5
"setiap pesan gojek/gofood, pelayanan nya selalu bagus",5
"Kalah sama hijau sebelah mau psen gfood aja drivernya sibuk terus klo driver2 pemalas suspend aja ganti driver lain bnyak yg mau daftar, hapus akunnya kalau perlu , susah banget cari driverr, aplikasi makin mahal makin sombong drivernya susah banget order dr toko udh konfirm kita tunggu kirain aman pas dibuka lagi malah cancel gada driver AS**, pastikan dlu driver mau antar baru okekan di aplikasi bukan sebaliknya kuhapusss",1
aplikasi apaan ini anj .GK jelas.. driver nya Nolak terus .Udh 3x saya pesan .di cancel terus sama driver go car,1
"saya sangat kesal dengan sistemnya apalagi hari libur, ini mau makan aja drivernya tak kunjung datang, gimana ya sistemnya ? tolong diperbaiki",1
"sulit dapat driver, pdhl di apk sebelah lngsung dpt",1
"lama lama pakai gojek jadi mahal,, emang km pikir gampang cari duit apalagi hari lebaran begini tarif nggk kira2",2
"mitra nya malah ngebela driver yg tidak jujur, tidak mementingkan kepuasan pelanggannya, tapi malah bersekongkol menipu customer, emang luar biasaaa inii hahahaha",1
"buruk sekali, selalu kesusahan cari driver, udah coba prioritas pun masih susah, giliran dapat driver nya nyasar kmana mana, dihubungi GK diangkat.",1
lama banget nunggu driver,1
coba paylater,5
"pesan gofood super lama. datang terpambat sampai 1 jam. entah dari driver, entah dari penjual, atau memang aplikasinya yg bobrok",1
pesan gofood 3kali ga pernah dapat driver,1
saya kira cuman sekali ada kendala terkait go food ternyata sama aja . sudah berkali kali saya pesan gofod selalu bermasalah terjait driver. padahal banyak driver yg berada di pinggir jalan sedang duduk². tolong diperbaiki ya 🙏🏻,1
good,5
bagus banget,5
susah amat dapet driver habis lebaran,1
udah nunggu makanan sejam gak dapat driver minimal dikasih kompensasi lah ini malah pas pesan lagi dikasih ongkir yg lebih mahal,1
pake gojek nyaman,5
Gojek kebanyakan nge bug sekarang ngelag teruss padahal sinyal bagusss,1
"driver yg ada di gocar salah satunya dgn plat no D 1723 UBE, driver kasar, minta tambahan tarif mengintimidasi saya, tolong ya buat gojek, driver yg kaya gini perlu di perhatikan agar tidak membuat penumpang tidak nyaman",1
"woy gojek kenapa sih nge refresh QR tiket krL harus tiap 30 detik !!!! meski buat keamanan kan bisa aja dibuat 2-5 menit !!!! saya beliin tiket dari rumah buat sodara pas baru kirim QR nya tau2 gagal mulu,... malah bikin susah !!!!",1
dipermudahkan dg GO-JEK. makasih GO-JEK,5
kenapa makin hari makin lelet. masa cuma mau mesen goride aja ampe mau stngah jam baru bisa. belum nunggu drivernya. parah sih,2
mantap,5
terimaksih,5
klw perlu perbanyak promonya,5
sangat membantu,5
suwe,1
membantu,5
"kok sekarang kalau mau cancel susah banget ya?, dikit² jaringan terputus padahal Internetku lagi kenceng gila, aplikasinya sampe aku uninstall sangking emosinya 😑",1
pengiriman cepat👍,5
mantap,5
senang sekali,5
saya beri reting bintang lima,5
"lelet, para driver sombong semoga dapat balasan setimpal",1
TKS mantaaab,5
Awesome,5
mudah cepat dan terjangkau,5
pelayanan sangat puas,5
oke lah,5
"gak sesuai dengan iklan iklannya,,,pesen gocar sampai aku batalin 4x gara-gara armadanya minim,,,hedeeeh mending dihapus saja fasilitas GOCAR nya..",2
penjemputan ya tepat waktu,5
"kalo pesen selalu ga di respon, padahal ga pernah pake mode hemat",1
pelayanan cepat,5
ok,5
banyak driver g jelas. orderan masuk diterima tapi tapi semakin jauh dr lokasi jemput.,1
"Sampe sekarang apk nya ttp ga bisa di akses selalu ada tulisan internet mati udah aku coba hapus apk aku download lagi, udah pake wifi segala macem ttp aja padahal kalo buka apk lain lancar² aja",1
ok...mantab,5
OK SANGAT MEMBANTU SEKALI,5
mantap,5
udh nunggu 3 jam gak dapet2 driver nya aplikasi keren bngt,1
mantap,5
oke si tapi klo mau ambil perjalanan jauh suka di cansel alasan nya pulang nya kosong,5
membantu saat butuh perjalanan,5
oke selalu menjadi andalan,5
ramah,5
bagus,5
"gak pakai gojek lagi,mahal argo nya sekarang, lebih murah grab",1
Aplikasi yang nyaman dan tarif aman dikantong,5
"bagus,ramah dan baik",5
dan sekarang loading nya lama padahal sinyal full,2
bagus dan menarik,5
ok,5
sangat baik,5
"Gocar keren, nyetir nyaman, sopir sopan, berjayalah GOJEK",5
ok mantap,5
sejauh ini baik2 saja.kadang kala bertemu tukang gojek yg sembrono kayak kmrn siang.nyalp2 hampir nabrak 2 kali.semoga makin diperbaiki sikap tukang gojeknya.krn bawa nyawa orang lain,5
good service and fast access,5
update lagi min . masa ganti tujuan terdekat harga nya Masih sama yg tujuan jauh m,1
gak ribet dan easy use,5
apikasi bi. a. dab,1
luv,5
memuaskan,5
ramah dan cepat,5
"susah terus cari driver, udh lwt 30 mnit g bsa d batalin mau nya ap coba",1
aplikasi yang mantap,5
gojek selalu berjaya,5
"sulit cari driver kalo pasca lebaran. pemalasan semua driver2. maklum, drivernya cuma orang2 kampung sih",5
tetap semangat ABG gojek jaga kesehatan 👍👍👍👍👍👍,5
mantap jiwa intinya de....,5
lama bngt nyari driver nyaa,1
makin jelek sistemnya,1
"HP saya sudah tidak akuntable, sayang sekali membuang customer aktif.",1
Mantap,5
gojek kalo hari lebaran emang ngga ada yang kerja ngga usah buka aplikasi nya orang nahan laper berjam jam dikira enak apa?,1
"mau beli di menu go token, cutoff terus",1
"bagus, sangat membantu",5
nyari makan sulit dibekasi jam segini masih aja aplikasi online tapi driver ngga ada yang mau ambil food 22:45 seharusnya di offline kan saja pelayanan ini khususnya all area bekasi percuma ada GO-FOOD online tapi pelayanan ngga ada 👎👎👎👎👎 ternyata masih banyak driver online udah coba trip GO-RIDE langsung dapat giliran GO-FOOD ble ee seolah ngga ada duitnya cuma 29K padahal sudah disiapin uang lebih buat tip mungkin memang terlalu murah dan banyak potongan jadi malas untuk ambil pesanan,1
SUSAH BGT DPT DRIVER JAM 9 MALEM KE ATAS SUMPAHHHHH PDHL W LG BNR BNR LAPER AMPE 2 KALI BATALIN PESENAN DUH,1
susah dapat driver pesanan gak bisa di batal kan ini sangat membuat tidak nyaman,1
"Apk aman dan terpercaya Insya Allah, apalagi voucher² nya kini semakin banyqk, bepergian kmnpn jadi hemat",5
"baru kali ini kecewa, pesen gofood nunggunya kelamaan mau di batalin pun harus nunggu dulu,mana ga dapet driver 3 kali gmn sih",1
sekarang susah dapet driver,1
masa harus nunggu 1 jam dulu baru bisa dibatalin aplikasi apaan ini drivernya susah👎,2
"susah dapet driver, customer service ga membantu",1
mantap voucher promonya🔥,5
driver ramah sekali,5
busettt pada lagi sibuk apahh pesanan saya nyampe di batalkan udah nunggu 1 jam,1
selalu membantu dgn harga yg paling bersahabat ☺,5
nyaman,5
"bel1 makan 1 harganya 16rb + ongkir jadi 68rb , kikir amat ongkir nya om mahal bener",1
"aduhhh udah nunggu 1 jam, padahal udah waktunya pembatalan pesenan, tiba"" malah dapet driver, bener"" setelah waktunya tiba untuk membatalkan ehh malah dapet driver sebelum nya juga ada pesenan telat ga dapet kompensasi, buang"" waktu aja, saya nunggu loh dari jam 21.12 sampe 22.11, saat masuk ke 22.12 dan waktunya untuk membatalkan pesanan malah dapet driver, cuma buang"" waktu aja, telatnya ini kaya disengaja banget lohh",1
Maret 2026 terjadi bug tolong di perbaiki terutama di pet,5
order makanan lama banget satu jam lebihh cs responnya cuman gitu' aja jawabnya!,1
"apa ini pesan makanan 30rb jadi 170rb gak jelas.. mikir mikir bikin aplikasi mana gak biaa di batalkan.. harusnya cari drevernya dl biar bisa negosiasi/ atau pembatalan sebelum 5 mnt pemesanan.. dan bikin tampilan tampilan ""HARGA"" yg jelas sebelum tekan ""OK"" agar gak ad miskomunikasi atau kesalahan...",1
susah dapat driver gmn ini,1
knpa kalo gofood dpt drivernya lama. pasti ku cancel trs. bikin kesel aja,4
"asli kecewa pesen gofood udh 1 jam masi harus nunggu 30mnt,pesen gojek lagi urgnt bngt selalu dicancel sampe 4x capek emosi sewot udh dah",2
good,5
karena pesanan sy dibatalin secara sepihak pd hal sy sdh tggu 50 mnt,1
trims gojek,5
susah dapat Drive nya,1
gk usah download ini apk pdhl ad driver yg deket nyari yg jauh mending download maxim aja lebih enak #IZIN🫸,1
"tolong dong klo gofood, bisa chat dengan restonya. jngn restony aja yg bisa ngechat ke customer. tapi customer jg bisa chat restonya. dan jika sudah dipesan langsung dibuat saja, kenapa harus nunggu driver baru dibuat?",1
GK worth it,1
"pake promo hemat, driver ga ada yang ambil orderan, sekalinya dapet driver si driver ga langsung jalan alias diem di tempat sampe beberapa menit dulu dan itu buang buang waktu saya, pas ga pake promo hemat tetap sama driver ga ada yang ambil orderan sampe harga nya melejit dulu baru ada yang ambil hadeh!!!",1
terimakasih Gojek telah membantu saya pokoknya mantap,5
"aplikasi bodoh.... chating berkali kali d suruh batalkan pemesanan(karna lama nunggu lbh dari estimasi wkt yg d tetapkan), bahkan sdh d tanggapi dlm chat masih jg d antar, sdh jg saya blg coba aplikasi lain klu g ada driver,. akhirnya bayar 2 kali nih,.😡😡😡 tambukkk...!!!!",1
bagus sekali,5
"semoga lebih baik kedepannya, sukses terus untuk kita semua aaaamiiiin",4
stres ini aplikasi sangat buruk.. parah ga ada yg ambil jelek aplikasinya gila ini aplikasi bikin kecewa banget.. padahal harganya mahal udah pilih prioritas.. kacau jelek,1
suka,5
ditinggal 5 menit harga naik drastis,1
aplikasi oon nunggu lama ga dapet² driver gabisa dibatalin stres,1
selalu buruk kalau setiap order saat hujan dan tidak ada perubahan dr dulu,1
susah di cancel padahal nunggu sudah sampai 2 jam rugi waktu,1
gocar okeee,5
sumpah aplikasi paling gak banget susah setengah mati buat cancel padahal Lo yg gak ada driver mana cs nya cuman robot sumpah gua uninstal langsung nih aplikasi,1
"pelayanan driver gocar di kota langsa aceh sangat mengecewakan, nego harga sampai 200% dari harga yang di tetapkan oleh aplikasi, padahal sudah ada voucher, pihak gojek kalau buat voucher gak bisa di terima driver ngapain buat sih..",3
terima kasih sudah mengantarkan budhe saya sampai tujuan dengan selamat,5
Aplikasi sudah Oke. ongkos / komisi sekarang yang mahal banget. harga ongkir hampir sama dengan harga makanan 🤦‍♂️ Jadinya harga total 2x lipat harga makanan,3
promo pelit biaya mahal,2
ok dah,5
algoritma goblog...pesan makanan siap saji 1 jam lebih,1
lonjakan argonya parah banget 2x lipat. ternyata getok harga juga? parah banget akhirnya gak jadi pesan deh? hadeuh?,3
"Goride : gak cocok buat yang butuh cepet cepet datang, kadang lagi butuh cepet dpt diver malah gadateng dateng diem ditempat aja, ditelpon direject gofood : pencarian drivernya lama banget dan gak bisa dibatalin dengan waktu tertentu",2
"sekarang jd susah nyari driver, giliran ditungguin malah PHP, ga ngechat atau ngabarin lg tau-tau udh jauh jaraknya jadi estimasi awal",3
"aplikasi susah & buang buang waktu, pesen gofood sudah nunggu lama ga dapet driver dan gabisa dibatalin sbelum waktu cari driver nya, ujung ujungnya dibatalin karna ga ada driver yang ambil",1
Kalau hujan cacat terus,1
Driver tidak mau jemput di alamat!!!! parah!!!,1
"aplikasi ini sangat membantu saya, kalo lagi males bisa pesen disini, semoga makin banyak diskonnya",5
asik,5
driver ny g jls,1
"gojek sekarang jelek banget dan fiks berita ttg para driver yang byk di rugiin pihak aplikasi ternyata bener, soalnya sekarang susah banget cari driver, berarti sudah byk driver yg malas jadi mitra. makanya hargain para driver sebagai mitra, awal kehancuran gojek ketika tidak bisa menghargai driver sebagai mitra.",1
"haduh gojek nih, masa gue udah pake mode percepat + grab prioritas masih aja lama banget sih dapet nya. tolong dong gojek plis lah ya",1
🤟💗,5
lamaaaaaaaaa,1
"Ongkir 2 km Rp 30.000, gojek terbaek👍👍",1
ok,5
"mesen gofood dari jam 5 sore, sampe sekarang belum disiapin minumannya, udh ga ada diskon lagi , bubarin aja ini pt",1
good,5
harganya mahal,1
"kebanyakan driver milih"" 😒",1
perjalanan yang menyenangkan,5
bagusssss,5
keren,5
tutup aj aplikasi ini drivernya ga pada mau ambil,1
"maksud lu gimana nge cancel orderan my bini my masa depan , gw boikot lu jek gojek",1
bagus,5
sangat epesien,5
mantap,5
Drivernya pada sortiran semua,2
sangat membantu sekali,4
keren,5
"uninstall aja, ga pernah lagi dapat driver untuk semua hal, padahal jalan keluar banyak gw liat driver yang sendiri yg nongkrong, padahal udh hampir sejam tapi gak dapat driver.",1
"cepat,tepat,dan aman,trimakasih 🙏 Gojek,🙏🙏👍👍",5
"gk sengaja kepencet skli aja tiba"" motong saldo gopay aneh!",1
untuk gofood tolong lah klo 30menit ga ada driver yg ambil langsung auto cancel aja gausah nambah waktu cari driver lgi.. kesel gue lgi laper2nya suruh nunggu hampir sejam lebih busett,2
"susah banget dapet drivernya, udah ulang berkali-kali tapi tetep susah dapet ck",4
cukup membantu,5
ok ramah drivernya Asik,5
"mereka yg gak bisa nyediakan driver, saya masih suruh tunggu sejam lagi baru bisa dibatalin, orang udah laper suruh tunggu sejam kalo kena penyakit mau tanggung jawab apa!! gak jelas!!",1
saya puas dengan layanan aplikasi ini,5
"gajelas, gabisa login padahal jaringan udh bagus",1
sulit dapat driver,1
Ok saya kasih bintang 4 hanya saja saya kasih feedback: Bisakah anda kasih fitur Cuaca l,4
"terimakasi sudah mendengarkan complain saya, tampilan menu sudah bagus,filter sudah bekerja sebagaimana mesti nya,sekali lagi untuk gojek terimakasi karena sudah bertindak cepat ketika seseorang memberikan kritik/saran,👍",5
sangat membantu,5
the best..................,5
drivernya bnyak bacot,1
"pesanan saya tiba"" di cancel",1
"gimana sih, pesanan batal tapi saldo ikut ilang, GK jelas bgt aplikasi nya",1
ok & berguna banget,5
makin ke sini apk gojek ga jelas masa nunggu driver nya lama dan itu pun delver nya banyak,1
ok,4
bagus sih tapi knp ga bisa ganti metode bayar,5
pengalaman saya order makanan terlalu mahal semua nya di restonya jadi pemakaian aplikasi gojek sepi para pelanggan pengguna ojek makanan fitur jadi gak bagus harus seperti yang lalu tidak usah di rilis yang simpel aja tidak ada gofood hemat fiturnya seperti yang lama jangan ada fitur piickup dan lainnya👎👎👎,1
sangat sangat membantu,5
"tolong dong kasih fitur rating buat para driver yg suka ngecancel penumpang nya, biar ketauan mana yg males sama engga.. kita udh nunggu lama lama malah main cancel aja.",1
pengirimannya cepat dan orangnya jga ramah,5
hdehh apk kck udah ada diskon tiba tiba ilang ke ulang,1
"bagus si apk tapi saya kesel sama drivernya dan aplikasi ini ga bisa aduin drivernya ,pesen gocar udah di boking udah nunggu lama banget tiba tiba di batalin kalou emang lagi dobel jobbialng ,ini bilang nyah malah jauh dari pengantaran di sangka saya mah cuman jauh gitu nyah kandi tambah dari pihak aplikasi juga estimasi sampe jam 12.59 ini malah lebih dari 13. belasan lah maaf kalou saya kasih bitang Satau karna ini sesuai pengalaman saya",1
oklah,5
aplikasi nya mantap,5
"DIBATALIN SAMA DRIVER TERUS, GA USAH PAKE APLIKASI INI LAGI!!!!!!!",1
"Kita Pesan Gojek, Diantar sampai tujuan. apalagi kita yang kerja di Area Mall yang Berlantai2, Harusnya Bisa diantar sampai atas dan Titik Lokasi. Untuk apa kalian Gojek buat alamat Detail Lokasi, tapi kalau tetap di antar sampai Loby. Kita Pesan Gojek Itu mempermudah biar gak capek jalan beli makan. kalau costumer jalan sampe Loby, mending costumer itu beli makan sendiri , jln dikit lagi udh kerumah makan. ngapain pakai jasa kurir. di perbaikilah sop nya tolong. bukan mempermudah, jd sulit",1
habis update malah loading terus,1
baik,5
"Akhir-akhir ini susah banget mau mesen apa"". driver kagak ada yang mau sama sekali padahal banyak. dah gitu harganya tambah mahal. mesen sampe Berjam"" ga dapet. tolong dong diperbaiki",3
"kenapa tampilan gofood jadi ga karuan ya, saya cari list resto terdekat ga ketemu",2
bagus,5
kok jd sering tdk konek ke internet.padahal aplikasi yang lain lancar,3
bagus kerjanya,5
pesan makanan hampir 1 jam ga dpt driver. ga bisa di batalkan. parah!!!!!!!!! Aplikasi ga guna,1
"alhamdulillah selalu lancar, yang di pesan sampai pengiriman aman",5
penipuan di Gojek,1
makin kesini makin jauh n susah dpt drivernya,1
"APLIKASI LICIK. KASIHAN DRIVER2 DILAPANGAN. GUA CUSTOMER, YANG SEMAKIN KESINI, APLIKASI INI SEMAKIN CURANG DALAM MEMBERIKAN LAYANAN.",1
Mantap dah =D>,1
"nunggu driver lama banget. pas batalin orderan, malah harganya digoreng tinggi banget. kecewa sih jujur",1
lintah darat,1
Responsip,5
Baik sekali,5
"APK JELEKKK DRIVER GAJELAS SO IYA GAMAU AMBIL ORDERAN. BINTANG 1, JELEK GA MEMBANTU SAMA SEKALI.",1
LEBARAN GAK ADA LONJAKAN GOFOOD SAMA SEKALI..AUTO OFF BID MASAL DRIVERMU...MAMPUS CUSTOMERMU GAK MAKAN..AUTO PINDAH KE GRAB/SHOPEE...,1
penyakit tiap lebaran gada yang mau ngambil😂,1
"“Saya kesulitan mendapatkan driver, sudah menunggu lama tapi tidak ada yang menerima order. Mohon diperbaiki sistemnya karena sangat mengganggu.” terimakasih",2
Belakangan ini saya kesulitan mencari driver. Tolong perbaiki aplikasi Gojek sekarang!,1
okkkk,5
cepat,4
lancar dan aman,5
the best🤍,5
drivernya cabul,1
ramah dan tepat waktu,5
"orangnya ramah, pelayanan nya bagus",5
sangat membangu,5
"Ga pernah cepat dapat driver kalau pakai aplikasi ini, driver gojek dibali sok semua!!",1
"sy mau komplen atas oknum driver gocar yg sy pesan,sy lupa screen shoot .tp dia tlp sy punya bukti rekamannya marah gara2 sy ga balas chat dia sdngkan sy lagi ada kesibukan nyiapkan anak2 saya.di chatnya bilang alamat ga jelas.""niat pesen tidak sih dengan nada marah"".apakah d aplikasi kalian ga ada petunjuk jalannya kah? kemana sy komplenya?d aplikasi aktivitas riwayat pemesanan d bantuan ga bisa nulis keluhan saya.",1
sangat memuaskan,5
tiba tiba gak konek padahal jaringannya bagus,1
"ajg susah bgt nyari kang gojek udh maj dapet otg nya ga berangkat"" ketiduran",1
Mantap,5
top,5
pengen daftar gojek cuma ga ngerti caranya 🥲,5
pelayanan jasa yang bagus,5
"sering banget di abaikan sama driver gocar,, alasan mau bab lah, macet lah ..bla bla bla....tidak profesional...padahal kita sudah lama menunggu driver tidak ada balasan menjawab chat ataupun telpon kami...sangaaat mengecewakan !!!!",1
saat ini tidak bisa buka go cat mohon diperbaiki.terima kasih,1
kok ga bisa yah,5
sangat memuaskan,5
Mantap,5
the best,5
sangat membantu,5
good👍,5
"proses go food lama dan tidak bisa di batalkan, kalo pun harua di batalkan harus lewat tlp dimana blm tentu bisa ambil keputusan secara cepat.",1
alhamdulillah bisa pakai aplikasi gojek lagi,5
"mantap, sangat membantu",5
ok,5
tengkyu gojek,5
like,5
👍🏻👍🏻👍🏻👍🏻👍🏻,5
bagus,5
makin lama pake gojek makin gk jls..,1
makasih,5
mantap,5
banyak membantu saya saat sakit,5
lebih mudah dan praktis,5
"gojek emang top,, cuma tolong diperbaiki sinyal nya kadang sering lemot",5
mantap,5
paling mahal jarak dekat 17500 ongkosnya,1
"pelayanannya jelek bgt parahnya gua mesen gojek posisinya abis ujan gada inisiatif parah gua kehujanan gadikasihjas ujan jok motor basah ga di elap sama Abang gojeknya ,udah gtu bawa motor ngebut ² posisi nya gua bawa barang bnyk",1
"Tiap pesen gofood dateng nya lama banget, selalu lebih dari satu jam. makanan udah dingin terus, ongkosnya mahal, lebih murah juga grab, milih rute buat driver jauh banget",1
"kalau memang ada masalah antara driver dan aplikasi, mohon dapat segera diselesaikan. jangan sampai customer yg terkena imbasnya.",1
"tolong gojek.rider kalian di Ketapang Kalbar di evaluasi lagi,pelayanan nya menurut aku lama,dan sulit sekali cari rider nya.",1
driver lama,1
"Ongkirnya mahal banget masa pesen pecel lele 15 ribu Ongkirnya 29 ribu padahal dekat dan juga Masa pesan Go ride jarak 1,4 kilo ongkosnya 23 ribu",1
saya kirim uang ke gopay saya Rp20.000 sudah terkirim tapi kok tidak ada masuk di gojek nya tolong lah gimana,1
cocok buat kaum mager,5
bagusss,5
"sebelumnya mohon maaf, tadi barusan dapat driver gocar yang tiba tiba nelpon minta kenaikan harga, karena sulit nemuin transportasi jadi saya setujui, pas sudah nyampe jemput malah driver minta di cancel dan disuruh pilih 'nemuin transportasi lain' tapi drivernya tetap antar saya ke tujuan. tolong ya tindakan dari gojek nya, ini merugikan customer.",3
lagi dibutuhin kena cancel mulu sialan,1
nye bug wae gojek skrng,5
"yang bener donk masa ksh driver yg jauh pdhl yg deket ada, buang wkt loh, kasian drivernya juga kejauhan jmpt. ga kira2.. jd lama tunggu. klo gini trs jd males lama2 make gojek",5
pas dibutuhkan susah cari driver,3
"Lama2 kaya aplikasi pinjol!!! orang di paksa untuk segera tarik tunai gopay pinjam, 800.000, terganggu dengan notifikasi nya! akhirnya iseng saya coba tarik, 800.000, minta data, minta alamat, minta foto berkali-kali, ujung2nya di tolak!!! lo itu mau nyuri data sama foto atau apa??? klo memang gak mau ngasih, gak usah kasih notifikasi tiap hari utk tarik dana terusss!!! gw utang gak ada, tunggakan gak ada!!! payah lo maling data!!!👎👎👎👎👎👎👎👎",1
sudah mantap cuman mohon maaf untuk aplikasi gojek sy ada kendala chat ke driver tidak bisa begitu juga dengan di cancel mungkin ada kesalahan di aplikasinya,5
Bgus,5
mantaaap...tepat waktu...,5
"terlalu sering trouble, pas lagi urgent selalu trouble",1
Terbantu dengan kenyamanan,5
cs payah ga bisa selesaikan masalah,1
"versi 5.52 tolong diperbaiki, mau masuk ke beranda loadingnya lama banget ujung²nya yang muncul ""internet mati"" padahal jaringannya full, buat sosmed sama buka aplikasi ojol sebelah aja lancar jaya. udah di hapus cache instal ulang sama aja.",2
mantab bisa di andalkan,5
"Aplikasi paling buruk, mau trf selalu gangguan",1
mau top up saldo tidak bisa,1
malam takbiran tidak ada driver..,1
Suka pake aplikasi ini Dan 1 lagi saya salut sama gojek wilayah malang kota yg telah memberi kesempatan pekerjaan pd driver gofood yg difabel kalau gak salah namanya mas fuad Cuma sayang sy gak dapat kontak tlp beliau,2
"knp nih, lagi perlu banget malah errror",1
servis memuaskan,5
lama banget najis,1
"sering eror entah apk gojek customer,gopay,+ gojek driver mohon segera diperbaiki",1
Banyak error,1
hadeuuhh suka susah pesen go ride ataupun gocar. sering eror,4
"yang bener dong gojek, kenapa lama sekali perbaikannyaaaa, ini kami menunggu lama mau pesan tikettttt",2
good,5
aplikasi error diwaktu jam sibuk.. liburan pula..parah,1
"kalo emang gak bisa cari driver dari awal langsung aja batalin, udah di tunggu lama nggak dapet driver gblkkk",1
bagus,5
Pengiriman sesuai tepat waktu,4
apaan si saldo gopay ga muncul... saya mau pulang... ini pesen nya gmn saldo ga muncul di aplikasi... nyesel ngisi gopay...,1
knapa malam ini ga bisa transfer wooiii...,1
sangat membantu,5
"tolong ya dana gopay saya dikembalikan, sudah dicancel tapi belum ada pengembalian dana, chat dengan cs pun responnya sangat lama, lama-lama aplikasi ini sudah tidak bisa dipercaya ya",1
"gangguan teknis,TENANGGG",1
sering gangguan aneh,1
"Halo gojek, sorry semakin lama semakin downgrade yaa sepertinya.. driver suka cancel, scan barcode selalu bermasalah harus keluar masuk aplikasi. Sering banget nunggu driver 30 menit.",3
bagus,5
susah nyari drivernya sekarang. terlalu susah..,1
"THIS APP IS A HUMB OF DISHONEST DRIVERS (FRAUDS). THE APP PROTECTS DISHONEST DRIVERS. FOOD ORDERS ARE OFTEN INCOMPLETE. DRIVERS OFTEN ASK FOR MORE MONEY. GIVEN ONE OR TWO STARS DRIVERS GET ANGRY, AND CUSTOMERS ARE BLOCKED BY THE APP. IMMEDIATELY DELETE THE GOJEK APP FROM YOUR PHONE BEFORE YOU BECOME A FRAUDULENT. BE WARNED.",1
ok,5
good,5
"Gojek udah ga 1 / 2 kali lama banget cari driver buat ambil makanan, tolong diperbaiki lagi",2
"trouble mulu benerin kek , orang lagi buru buru juga . punya apk sistem benerin jangan duit mulu yang dipikir . mikir dev 🗿",5
pesan d gofood aj dket lama amat 50 mnit sampai..driver jg blm d tugaskan sampai 45 mnit....lemot tambah hari..,1
sangat membantu,5
"perbaiki attitude oknum driver di wilayah bppn yg belagu membatalkan pengambilan pesanan makanan karena merasa tidak sesuai, padahal sudah dijelaskan dan sudah konfirmasi dengan pemesannya,",1
"saya menggunakan gojek sdh lebih dari 5 tahun tapi makin kesini semakin aneh aj, driver makanan dan ojek mobil saat hujan tdk pernh dapat dan beberapa kali di tolak dan cancel pesanan mkann saya,knpa saat hujan tdk bsa di gunakan apk ini, atau sistm ny mmng menolak orderan saat hujan??",1
"3 kali berturut turut, dapet status pengemudi tidak respon by lokasi dan via chat/call. waktu terbuang karna menunggu pemberitahuan fiktif, tolong segera perbaiki.",3
mantaaap,5
keren,5
oke,5
Fast and The Best🔥,5
sangat membantu,5
ok siip puas,5
kalau bisa di perbarui system yg terdapat pada gojek agar driver dpt orderan berada pada jarak terdekat karena sistem ini dpt mengubah sudut pemesan untuk semakin banyak menggunakan aplikasi karena layanan pengantaran cepat itu lebih baik menjaga kualitas pengguna aplikasi pemesan untuk dpt di layani dengan cepat dan sebaik baik nya saran saya mohon di koreksi dan di buat terima kasih,5
"baik, terbantu",5
okay,5
sangat membantu kita,5
bagus,4
nice,5
saya beli 3 makanan dan yang 2 rasanya aneh masam kecut seperti sudah basi tapi tidak mau bantu refund untuk 2 porsi yang seperti basi itu mengecewakan sekali gojek sekarang pelayanan buruk banget. suruh nunggu 2 jam tapi gak dibantu ditutup laporannya parah banget.,1
gojek mahal skrng males pake Gojek .,1
Murah banget pakai gocar,5
makin hari makin mahal mending maxsim gk naik naik harganya,1
dikit bgt driver nya tolol,1
"susah cari driver goshop, jadi males pakai apk ini.",1
"Pasti GEORGE gandhos otok owor,deh,kalau pakai Gojek👍",5
apk tolol,1
josjis dan tanggap darurat 😁,5
kenapa blm bisa terdaftar,5
mantapppp,5
kenapa Go-Jek hemat nya hilang woi,1
"aplikasinya bagus, sangat membantu, saya ada keluhan saat saya beli paket data, saya beli 9gb 4G, kenapa yang muncul malah 13gb 5G? salah kan itu",3
driver go send hari ini pada sombong susah banget buat ngambil pick up barang,1
"baperan bgt dikit"" internet mati dikit"" gabisa pesen ajg, padahal buka ig tiktok lancar semua",1
nice pokok nya sangat membantu dalam segala hal,5
ok,5
gak minat,1
kenapa susah sekali pemulihan akun padahal saya sudah mempunyai bukti bukti bahwa saya mempunyai akun,2
"GOJEK MAKIN GA JELAS, PESAN GOFOOD NYARI DRIVER NYA SUSAH DAPET, MASA AKU NUNGGUIN CARI DRIVER NYA DARI PAGI SAMPE SIANG, LAPER WOIIIII",1
barang saya hilang saya mau lapor bingung mau lapor kmn tolong di bantu,5
"driver nya banyak bermasalah , better pake grab",1
saya sih cukup suka pakai apk ini,5
"gatau kurir atau apk nya yg salah, tapi kurang teliti dalam alamat sama tidak bijak dalam konfirmasi penerima, saya udah beberapa kali salah kirim terus, bisa ga sih benerin apk sama orang "" nya, klo udah sampe tuh konfirmasi nya yg sampe di jawab, bukan asal kirim poto terus cabut, rugi pengirim nya dong, sama maps nya benerin dong gojek, ga lengkap bgt sih, kolab sama google maps yg udah pasti bener alamatnya",1
Sopan,4
nyari drivernya lama banget,1
bagus banget,5
titik sll tepat kebersihan God,5
"sistem yang bobrok, saya memesan layanan go ride, dikarenakan sulit mendapatkan driver saat hujan, saya cancel sebanyak 4 kali dengan metode pembayaran gopay, tetapi saldo saya tidak kembali, namun di riwayat transaksi bertuliskan ""sudah di refund"" namun sampai 3 hari kerja saldo saya tidak kunjung kembali, sudah membuat banyak laporan dengan CS jawabannya sama saja dan pemecahan masalahnya tidak terselesaikan sampai sekarang",1
saya pengguna aktif gopay SDH bbrpa tahun saya menggunakan apk ini tp kenapa saya tidak bisa menggunakan gopay pinjam,1
the best,5
das pooooool,5
👍,5
"jontol gak bisa hubungi penjual ketika pesan makanan, apalagi di event besar sulit kali cari driver makanan terutama bulan Ramadhan menjelang hari raya",1
padahal jaringan bagus tapi malah tidak bisa pesan gojek,3
membantu,5
ribettt,1
"khusus goride : 1 . harus ada biaya penambahan bawa anak + barang koper dll yg melebihi kapasitas motor 2. harus ada fitur beran badan customer, jadi kalo customer badan nya melebihi dari ketentuan kapasitas motor bisa otomatis beralih ke comfort atau tidak bisa pilih menu argo hemat . untuk kesenjangan driver",1
good,5
"lebih sat set pake gojek,, the best",5
"apk sering error, cari drivernya susah banget kalo lewat jam 7 malam,dan iming iming promo yang ngga berguna, gofood selalu telat melebihi estimasi waktu",1
BAGUSS BANGET RECOMMENDED,5
cepat dan akurat,5
lebih praktis,5
aplikasi sowak. aplikator nya gak jelas. aplikasi ngebug pas lebaran gini. gak guna. balik ke grab aja lah.,1
gasudi pake aplikasi kapitalis,1
so far o good,5
murah dan garcep,5
Sip oke banget memuaskan,5
Aplikasi Yang Bagus Luar Biasa Banyak Membantu Orang Lain. Good Jobs GO-JEK,5
top,5
kapitalis paraahh,1
sangat menyenangkan,5
"Perbanyak driver, susah banget order makanan, saya pake gojek, karna bantu perusahaan lokal, gojek tolol, nggak bakal lagi saya pake",1
PENGIRIMAN GOFOOD LAMBAT. JIKA SULIT MENCARI DRIVER MAKA PERCEPAT WAKTU PENCARIAN SEJAK AWAL MAKANAN DIBUAT!!!!!,1
biar berkah bapak,5
bagus,5
bnyakin kode promo y jek biar makin bnyk order,5
ok,5
sangat membantu,5
semoga limit kembali dpt digunakan,5
ok,3
sering sering kasih promo 😄,5
Aplikasi yg sangat gak rekomendasi dlm menyaring Driver... Preman yoo di trm ae..,1
good,5
"susah cari driver gofood ingin membatalkan tapi tetap dilanjut itu pemesanan ,padahal saya ingin cancel . tp tetap disuruh tunggu dapat driver dan lma sekali",3
"gojek kayaknya otw bangkrut, pembukaan driver motor aja udah susah di wilayah banda Aceh, padahal susahnya minta ampun cari driver, kalau ada pun jauh driver nya.. mau pesan makanan juga susah cari driver, #Gojekotwbangkrut",2
ok,5
sangat membantu,5
baikk,5
GOAALSS BNGT,5
mantap,5
harga ny terjangkau untuk semua golongan masyarakat,4
susah dpt driver,1
👍,5
"aplikasi apa ini? kuntul..... udah mahal tunggu lama lagi.... biaya lain2nya banyak, tidak masuk akal sekali...! Tolong diperhatikan Nadiem Makarim! aplikasi apa ini, tambah jelek sekali!?",2
memuaskan,5
bagus,5
"edan, agak percuma lu ngasih diskon ongkir kalo susah dapet driver. ya gue tau alasannya karna elu juga yang nyari driver jauh dari titik jemput. jelas lah jarang ada yang mau pickup dengan penjemputan 3-5km, orang yang dibayar cuma pas nganternya doang.",2
ok lah mantap,5
"akhir-akhir ini sulit mendapatkan driver, mau go-food tp driver ga ada yang mau pick up!!!",2
goodjob,5
pelayanan gofood yang buruk. . harga makanan sm biaya ongkir lebih mahal ongkir. nasi goreng 1 bungkus 15 rb dg jarak kurang 2km bisa habis 43 ribu.,1
mantapp,5
"Saya mau ngegofood itu butuh waktu 1 jam an, dan terkadang malah cancel dari aplikasi. Lebih gongmya ketika bos saya nyuruh pesen gofood dari gojek saya. Nihil banget, makanan ga datang, dimarahin yang ada. Tolong lah. Kok makin hari makin Bad banget ya ni aplikasi 👎🏻",1
"apl ga jelas, udah beres hujan masih dianggap hujan",1
makin kesini makin susah dpt driver,1
"sebaiknya pembatalan pesanan jika terkendala kesulitan dapat driver jangan terlalu lama, masa harus nunggu 1 jam keburu tutup toko",1
"go food nya jelek, pas makanan sampe, driver nggak mau nunggu padahal mau dihitung dulu, beberapa kali ada yang kurang pesanan resto nya tapi pas udah sampe udah nggak bisa chat resto, cuma bisa chat driver tapi driver nya nggak mau nunggu, ini tgl 19 Maret, kejadian lagi pesenan kurang, tapi go pay tetep kepotong, dan gojek nggak belajar, sudah 2 bulan yang lalu saya kasih masukan supaya bisa chat resto nya, karena tadi chat driver bilang kalau pesanan kurang bukan kesalahan drivernya.",1
"Sistem gofood gajelas, susah dapet driver padahal makanan belom di buat sama resto tapi gabisa di batalin, disuruh tunggu sampai waktu sekian baru bisa batalin ujung²nya ga dapat driver juga, mana customer service nya gabisa di chat manual, kenapa harus chat auto gitu, ga membantu ga berguna gajelas",1
mau pesen makan aja susah akhir akhir ini dri sore smpeh malem nungguin nyaa,1
aman bnget pokokny,5
"heh gojek itu driver nya ngapain dah, aku mesan gofood udah setengah jam ga dapat dapat driver nyaa, biasanya ga nyampe 5 menit dah dapat, ini udah setengah jam",3
oke,5
bagus drivernya baik,5
mantap,5
luar biasa,5
"blok bngt, pasang lok gofod udh bener , ngapa berubah ke lok lain aneh aneh",1
gojek sukses sllu,5
"Pesanan batal tapi saldo ga balik, bilangnya udah refund tapi ga ada masuk saldonya kocak.",1
membantu,5
puas,5
"Lama dapet Driver nya, 1 jam lebih",1
"Sistem pencarian di GoFood kacau banget. cari ""Sate Taichan"", tapi yang muncul malah Sate Madura semua. Padahal jelas ada penjual Taichan di sekitar sini. Giliran dicari pakai nama toko, baru Muncul. Kocak... Developer nya siapa? Contoh Grab Laaaah....",3
mantap bisa diandalkan,5
sangat memudahkan dalam transportasi,5
"susah dapat driver , tidak bisa di batal kan ,lama nunggu , buang waktu , ga ada solusi",1
"jujur, akhir' ini driver susah bngt. aku dua Minggu lalu telat sekolah terus padahal lagi ujian. sekalinya dapet jauh terus autocancel sama driver nya. pesen gofood pun telat melulu. padahal pake yg express tapi tetep telat ga sampe'. pihak gojek, tolong dianukan dong",4
sering gak dapet driver udah nunggu sampe 1 jam tetep gk dapet,1
mntap,5
ada beberapa oknum meminta pembayaran ongkosan lebih dan beralasan karena jalan sedikit naik,1
"SAYA SUDAH PESAN 1 JAM TAPI MALAH DI CANCEL, MOHON PERTANGGUNH JAWABANNYA",1
"pihak gojek tolong hilangkan fitur 2 kali tujuan, karna hampir semua driver sering tidak mau menunggu, walaupun kita kasih uang lebih, gojek drivernya semakin buruk dan tidak memiliki attitude",1
Aplikasinya mulai bermasalah ada tagihan tersembunyi. Pesan gocar 33500 pakai voucher 10500. Seharusnya bayar 23000 tapi aplikasi aneh voucher bisa hilang sendiri dan lalu muncul tagihan tersembunyi.,1
bagus,5
sangat membantu pengiriman,5
ok,5
susah mendapatkan driver padahal banyak driver disekitar dan sulit jg untuk cancel order karena terlalu lama mencari driver,2
"Aplikasi REWEL , Alamat Titik JEMPUT , SERING Terhapus Sendirinya ketika Mengetik Titik TUJUAN , BERULANG-ULANG Seperti itu , JELAS Menjengkelkan. !!!",1
ditambahkan lagi untuk promo diskonnya min,5
susah banget nyari driver gak pernah dapet,1
"makin kesini makin ga jelas gojek, udh beberapa hari ini pesen makanan tapi driver ga sedia mulu, nungguin 2 jam 2 jam ujung nya tetep gabisa",1
gercep drivernya,5
Oke,5
berguna sekali,5
mantap,5
woyyy lama banget nyari driver gosend,1
ngadain gojek hemat tp nyari driver susah smpe 1 jam an. GAK BERGUNA.,1
dapet driver nya susah banget dapet2 jauh banget posisi nya,1
ok,5
pelayanan baik,5
saya tidak bisa masuk ke tabungan by jago dikarenakan : 1. nomor telpon lama sudah tidak aktif dan tidak terpakai lagi dan tidak bisa mendapatkan kode (otp) nya 2. pengajuan perubahan data saya ditolak dikarenakan e-ktp saya sudah terdaftar diakun lainnya 3. tujuan nya untuk ganti nomor biar saya bisa mengakses akun merchant saya kembali 👉diliat dri 3 uraian diatas bahwa gopay masih banyak kekurangannya.jadi saya kasih bintang saja.karena belum terselesaikan sampai saat ini🙏🙈,1
sangat membantu,5
bagus dan jamin anterin barang nya,5
yes mantap bravo opang,5
sangat episien,5
pesen gofood gak pake lama,5
oke,5
"Alhamdulillah terbantu, drivernya juga baik...",5
"pelayanan bagus,cepat",5
oke,5
👍,5
sangat direkomendasikan,5
the. best pokoknya,5
aplikasi yang sangat membantu,5
APLIKATOR MEMPERBUDAK DRIVER,1
aplikasi sama saham sama bobroknya,1
Bagus sekali sangat memuaskan,1
ok,5
mudah dan cepat,5
tepat waktu,5
"lelet, mahal, aplikasi sebelah menghitung jarak hanya 5,6 km, di aplikasi ini di tulisnya 7 km lbih ... udah gtu aplikasi cuma muter2 doang pahal internet lancar,.. aku kasih bintang lima sebagai penghargaan telah melakukan PEMBODOHAN",5
"pesan gocar lamaaaa banget. masaa harus ada tambahan biaya biar lebih cepet datangnya. macam mana kalian mau maju dan berkembang, persaingan di luar sana sangat banyak lebih mudah dan murah. sudah lama nunggu, dapat driver nunggu lagi beberapa menit malah di cancel sm drivernya. macam mana ini kalian bisa seperti ini. kita nambah biaya agar di percepat dapat driver, tapi buktinya sm saja lamaaaa nunggu driver nya, macam mana kalian ini bisa seperti ini.",1
bagus ramah tepat waktu,5
orang baik semoga rizkibya bbyk,5
mangtap,5
murah dan gampang,5
"tolong ya ini aplikasi driver nya dibenerin, saya di tipu driver terus padahal sudah dijemput tp di offlinekan sampai dapat driver mulu suruh ganti rugi terus",1
pake gojek sat set cpt sampai barang aman,5
"aplikasi gojek memang aplikasi terbaik di play store karena bisa pesan ojek online(goride dan gocar),bisa pesan makanan dan minuman(gofood),bisa beli pulsa dan diamond game online(gopulsa),bisa belanja barang kebutuhan sehari-hari seperti Snack(gomart),bisa melindungi lingkungan(gogreener),bisa pinjam uang(gopay pinjam),bisa mengirim barang(gosend),bisa naik transportasi publik(gotransit),bisa naik taksi(gobluebird),bisa menggunakan voucher sebelum ngumpul di resto(godinein),dan fitur"" yg lain .",5
"beberapa kali pesen makan estimasinya 1 jam lebih, mana susah dapat driver padahal jarak resto sama lokasi cukup dekat, mau cancel juga ga bisa disuruh nunggu sampai estimasinya berhasil sekali lagi estimasinya 1 jam lebih jadi disuruh nunggu 1 jam lebih kalo ga dapat driver baru bisa cancel kalo orang kena mag gimana? pelayanannya jelek banget",2
gojek payah sekarang pesan gofodd lamaa banget respon batal juga lama driver gak dapat dapat kecewaa,1
"sekarang ga bisa lagi ya cek di map lokasi driver pas GoFood? gmn aku tau klo makananku ga di bawa kabur, aku mau cek lokasi aja loh",3
"sangat puas dengan pelayanannya, banyak promonya jangan ragu pake gojek💗🫶🏻",5
aplikasi nya jelek,5
OK,5
goodd,5
kok jadi susah banget sih pesan gojek sekarang tolong dong aplikasi gojek di perbaiki lagi sistem ny saya jadi susah mau pesan pergi kerja nunggu nya lama bangett haduhh,2
Terimakasih... hidup jadi lebih mudah dan efisien,5
bagus,4
"banyak yg menolak terutama di malam hari karena tarif,bagi saya tidak terlalu memikirkan tarif ,saya harap kedepannya lebih baik para gojeknya",5
ini gimana dahh pas buka apk lain ada kuota sinyal juga bagus tapi pas buka gojek malah ga ada internet/wifi heuhh🥲😔😔,3
mantap dah,5
tepat waktu,5
"ini apk kenapa padahal saya sudah pesan go ride dan malahan sudah sampe dilokasi tujuan. Tiba tiba apk Saya sudah pesan lagi, dengan lokasi awal dan tujuan yang sama. bukannya apa, saya kasian ke driver nya. ketambah nanti akun saya yang kena. 😩",2
mantap,5
mantap,5
cepet pemesannannya,5
tolong di perbanyak gocar waktu lebaran jam 5 subuh dari antapani,1
Pelayanan Gojek MANTAP 👍👍👍👍👍,5
Makin parah aplikasinya. Edit alamat pengiriman aja ga bisa. Unfaedah,5
"ini tolong ya jangan main claim sendiri 🙏 pesenan belum dateng,padahal ada orang dirumah malah dibawa kabur udah tu claim selesai mana bisa ajukan pengembalian gopay",2
👌,5
"Apk udah jelek susah dapet driver, kalo pengen cepet dapet driver harus bayar lagi, ini apk udah jelek banget sekarang",1
ni apl manteb bgd klo gada angkot,5
tepat waktu dan sikap driver yg sopan,5
"titik tujuan ngaco, trus driver minta ganti titik ya jatuhnya jadi lebih mahal dong 😂",2
kadang harga mahal kadang harga murah,3
baru pertama kali sih pakai gojek tp okee bangeett,5
terimakasih,5
good,5
makasi bgt pls yang uda ciptain gojek. jadi org kalau mau pergi tp ga ada transportasi tinggal pesen gojek. luvv,5
baik,5
ok sangat membantu,5
tidak bisa memasukkan alamat titik penjemputan,1
bagus,5
terlayani dengan baik...,5
"gopay pinjam, habis di bayar pas pengajuan lagi suruh nunggu februari 2027. wkwkkk kocak padahal ga telat bayar, limit naik tapi ga bisa di pake",2
josss,5
mantap,5
amazing,5
"sistemnya tolong di benerin! aplikasinya lemot, sering eror, ditambah skrg susah buat dpt driver. sekalinya ada driver yg mau dianya suka gak jalan2 minta di cancel.",1
sangat membantu,5
drivernya pada lelet,1
baik,2
penjemputan cepat. perjalanan aman. alat keamanan helm ada. oke,5
mantap,5
mesen makanan 2 jam nungguin driver sampe 4x ganti gaada satupun yg nganterin padahal mesen buat sahur juga. ga masak karna kecapean balik kerja malah dapat begini hadeh. bukan sekali dapat masalah begini,2
mantap,5
ok,5
ok,5
sumpah aplikasi gojek ini kadang jelek banget susah dapet driver tolong di perbaiki lagi biar gak jelek aplikasinya,1
MAKIN TAHUN MAKIN KAPITALIS,1
"kecewa dengan pelayanan gofood selalu memakai expres dan selalu datang terlambat tidak sesuai expetasi bukan hanya satu atau dua kali tapi sudah lebih berkali kali dan tidak berhenti di situ saat saya pesen gojek motor pencarian selalu lama entah sengaja di lamakan atau program yang sengaja mengatakan tidak usah dilayanin,overal saran dari saya lebih baik bikin aplikasi game kelas paling bawah dari pada sok2 an bikin aplikasi pelayanan di saat kita tak bisa keluar atau pahlawan saat kita lapar",1
siip,4
mempersulit pembeli,1
nyaman,5
payah susah terus mau dapat drivernya🤬,1
ok,5
"Kenapa kalau pesan gokar yg nyangkut posisi mobil rata² jauh² pdhl terlihat di map banyak yg dekat, jadi lama waktu nunggunya dan ujung²nya driver chat minta di batalin. Mohon di perbaiki terimakasih 🙏",5
"Gila, susah betol nyari Driver. kalok pun Nemu pasti lokasinya jauh, nunggu lagi terlalu banyak makan waktu. padahal Driver di sekitar adanya, tapi dapatnya malah yang jauh.",1
update pembelian dengan status pengiriman driver tidak sinkron,2
kasian driver penjemputan selalu jauh,1
ok,5
bagus,5
Ok membantu,5
Alhamdulillah selalu bertemu dengan driver2 yang ramah👍,5
Nyari driver susah amat,1
👍👍👍👍👍👍,5
kereeeeen....makin bagus aplikasinya,5
mantap,5
bepergian cepat dan mudah dgn gojek,5
driver nya baik,5
kemitraan busuk nih,1
ongkirnya klk bisa di kurangnya ya,3
pelayanan oke,5
👍🏻,5
Aplikator gojek yg memperbudak mitra atau driver dgn aturan2 baru yg kapitalis. Seorang mitra yg bukan customer ada subscriptionya emg gelo.,1
makin kesini makin berbasis kapitalisme nih perusahaan meres keringat driver. boikot aja udah gak guna.,1
semuanya baik,5
Perbanyak Promo diskon,5
ok,5
driver nya ramah.tks,4
gak jelas banget sih gojek... selalu gagal klo mau order... perbaiki lagi noh apk luu,1
sangat membantu,5
aplikasi kadang kadang buat nyelesein orderan susah,5
slalu aman dan terpercaya,5
GOJEKK kenapa gofood nya gabisa kasih multiple diskon terus ongkirnya gede bgt bahkan harga asli makanan bisa lebih murah dr ongkir jadinya kaya beli ongkir gratis makanan huhu :c,2
"kenapa g seperti dulu ya, akhir² ini susah bgt dapet driver, mau gojek gocar sama aja, saya pakai aplikasi satunya langsung dapet, pencarian lama bgt, percepat pencarian sama aja lama 👎",1
"driver ga dapat"" 😹",1
good,5
"udah sekitar 1 bulanan ini, selalu susah cari driver, sering batal gofood karena gak ada driver, saya di kalsel, tepat nya kab. barito kuala, handil bakti. terimakasih",2
mantulll,5
sangat membantu saat pingin sesuatu dan lg mager,5
map-nya tolong lebih di akuratin LG sampe ke dlm gang...,5
mantan apk transportasi online ini,5
"mantap, makanan banyak diskon di gojek.. sering sering kasih diskon ya gojek",5
"jangan Maruk jadi orang lo buat layanan langganan promo ongkir...tapi sudah langganan ongkir potongan 10 k tapi ongkir nya naik dua kali lipat dari ongkir sebelum langganan,jdi gaada gunanya langganan ongkir nya,udh dibatasi pula restonya dan gabisa dipakai di go mart,go shop dan go send",1
Susah koneknya!!! giliran dapat driver tau2 dibatalkan sendiri,1
susah dpet driver njir,3
terimakasi,5
Nunggu 1 jam hanya untuk nyari driver dan ujungnya harus dibatalin dan ini terjadi secara berturut-turut dalam beberapa hari. Tolong jika driver memang tidak tersedia beritahu dalam jangka waktu yang dekat seperti 15-25 menit. Agar tidak terbuang waktu yang banyak hanya untuk menunggu 1 orderan.,1
ada driver nya gak sih,1
"pleaselah nyari drivernya cepetan dikit napa, kalau bisa jangkauannya luasin lagi, gw udh laper nihh dari tadi nyari driver buat nganterin gacoan gw kaga ada yang nyantol satupun jir",3
"tiap gofood jrang di terima, sampe tutup, ditunggu 2 jam pdhal:((drivernya lamaaa",4
bagus,5
baik,4
"lama banget dapet driver lo,pada niat gawe ga sih?",1
aplikasinya gimana si brapa hari ini LEMOTT sinyal ada tapi notif sinyal hilang,2
"driver lama, meski sudah pake express tapi gak dapet dapet. aplikasi lama tapi buruk!",1
banyak driver penghianat ga mau pakai aplikasi di sekitar stasiun Tawang,1
oke baik,5
alhmdulillah,5
"mantap, banyak promo",5
mantap,5
DZOLIM LUU,1
sengaja nyuruh customer cancel biar rantingnya ga turun tapi bikin rate customer yg turun jadi ga bagus.. benci banget sama modelan begitu padahal posisi urgent dan bakal ditambahin kok,1
apa apa an driver udah take orderan gak mau jalan mana udah nunggu lama tolong buat di perbaiki lagi lah,1
sekarang susah sekali untuk mendapatkan driver sehingga pesanan sangat lama sekali datang,1
good aplikasi,5
"pelayanan buruk banget, order berkali-kali gak ada yg ambil. kayak gak butuh penumpang",1
"skrg susah dpt driver ya, kt org² driver nya kena potongan gede bngt dri sistem nya, tolong dong gojek jgn ky gini, jd susah nyri driver skrg, jd ga sebagus dlu gojek, dlu gojek malah yg pling cepet dapet driver kalo pesen dibandingkan dgn apk lain",1
"akhir akhir ini suka susah dapet driver goride maupun gofood, paling ga suka yang gofood. disuruh nunggu hampir sejam dulu baru bisa batalin dikira pembeli ga kelaparan apa? kalau emang ga dapet dapet driver seenggaknya 10-15 menit kemudian lah muncul tanda cancel nya. lah ini harus nunggu sejam. mana kalau udah dapet driver hasil nunggu sejam, restonya baru masakin lagi.",3
akhir akhir ini sulit menemukan driver gofood yang bikin pesanan menjadi lama,4
"Orderan makanan gbs dibatalin dgn alasan makanan udh dibuat oleh resto (posisi blm dpt driver). Tapi persiss bgt orderan makanan sebelumnya dibatalin sepihak dari pihak gojek karna gadapet driver setelah nunggu hampir 1 jam 30 menit. Terus kalau makanan emang udah diproses setelah dipesan, knp bisa ada case pembatalan pesanan secara sepihak dengan dalih 'gak dapet driver'? letak makanan udah dibuatnya di bagian mana? raise your quality or make a better excuse.",1
"sistem gajelas, pesen go food dibatalin terus sistem selama 5x, benerin deh sistem lu",1
masa iy susah trus nyari driver buat ambil orderan,1
parah udah ada 1 bulan lemot banget apliksinya alasan sinyal wifi atau kuota,2
sering salah lokasi tujuan,4
bagus,5
Ramah Banget pelayanannya .,5
d anggap mitra z kaga..makin males on bit..,1
mntap,5
"makin kesini makin susah cari driver di jam"" set 6 pulang kerja harus nunggu sampai 10 menit dan tetap gk dapat, kecewa",1
tepat waktu semangat pak driver,5
"gak jelasss ,mau gosend aja nunggu driver lama sampe 2jm ,anehhh",1
kalo bisa kasih diskon yg banyak untuk saya. 😂,5
driver jelek gajelas,1
Tolong map nya di perbaiki,5
Payah ud sering telat gk bisa d pantau lagi drivernya ad dimana,1
bagus,5
puas bagus,5
aplikasinya gak pernah ngecewain,5
"kecewa sama apk gojek sya pesan makanan,ternyata menu yg saya pesan habis,dari pihak resto ga bisa batalin dari saya juga ga bisa batalin,sdh chat CS berkali² jawabannya ga memuaskan alhasil sya harus rela ganti ke menu dengan harga yg sama lain x buat pengecualiaan kalau ada case seperti ini,drivernya pun ga mau batalin karena takut ratingnya jelek x ya,harus sda win² solution",2
aplikasi yg sangat bermanfaat,5
"Gw mesen Gofood susah banget dapet driver. Sekalinya dapet, drivernya yang batalin, jadi harus nyari lagi. ""Pesanan sampai dalam 11 menit"", gitu aja terus dari setengah jam lalu.",2
Mohon maaf lebih baik jangan ada pitur exspres soalnya gak ngaruh tetep aja datang nya lama kirain pesen exspres itu bakal cepet eh tetep aja lama banget datang nya,1
sayangnya kalau goride yg harga 6000 banyak driver yg tidak respon,3
nice Gojek,5
"cari gocar dr jam 5,,5gocar cancel,semua alasan,,,kecewa,baru ini kecewa bangetttttt",3
"go pinjamnya sangat bagus utk awal saja, saya bayar cicilan malah 1bln sebelum jatuh tempo, tapi mau ngajuin lg gak bisa. diperbaiki dong min, peminjam berkualitas harusnya diijinkan utk pinjam lagi. Trims gopay utk bantuan sblmnya 🙏",5
ok,4
"kapitalis biadab, semua di adminin",1
"cari driver gosend gak dapet"", 2 orang nyari gak dapet""",1
mantul,5
Bagus,5
oke,5
cakep,5
top markotop,5
oke,5
ongkir nya mahal pol ini ma beli ongkir gratis barang,3
Puas,5
Memudahkan perjalanan 👍,5
busuk,1
sekarang GO-RIDE nya susah dapatnya jauh jauh terus... jadi lama. padahal yg dekat banyak. kenapa begitu ya,3
mantap pelayanannya ramah,5
verr good,5
kemarin saya pesan tetapi waktunya mepet jam buka puasa jadi sama supirnya ditolak sampai 3 kali,2
Good App,5
mantap,5
"untuk booking gojek nya lama pol dri yng pakai gojek cepet / biasa sama aja luama gmn nih kerjanya, lgsg tak uninstal",1
"asli sekarang makin ribet, pake acara pake kode segala macem kalau kirim gosend, bikin ribet !",3
"cepat datang, perjalanan aman",5
sangat memuaskan,5
kecewa saya. tolong adakan fitur tambahan biaya jika penumpang bawa anak/barang. biar saya sebagai penumpang ngga di caci maki ama driver !!!,1
bagus,5
jarang promo,4
very good,5
"Drivernya ramah,baik..",5
Bermanfaat,5
Sangat membantu,5
bagus,5
"kalo emang driver ga mau ambil ya cancel lah, ini dah spare waktu tetep telat aja, gara2 driver ga jelas, order di ambil, chat di bales tapi malah ga jalan-jalan, buang2 waktu",1
"aplikasi bug, udahdriver se enak jidanya cancel, dimap juga ga gerak anehh, udahnunggu lama lama malah di cancel",1
cepat memuaskan,5
"Dari awal pakai ekspedisi ini selalu memuaskan, driver sabar dan komunikasi bagus",5
lancar tdk mengecewakan,5
Sangat membantu,5
ok,5
good,5
sopir ramah,5
ok,5
"Tingkatkan untuk seting titik lokasi secara manual! kerna titik lokasi selalu melarat, bikin saya sama driver kesel.",4
"Saya pelanggan baru, Awalnya saya suka.. tapi sekarang jadi males gara gara 1 Pegawai gojek yg kurang sopan, lama, Pokoknya bikin kecewa,",3
"aplikasi gila, driver dapet potongan gak masuk akal, penggunaan dapet tambahan uang yang di luar nalar",1
Driver baik sekali.,5
jom / jom main iki / ini ²,5
wokayy,5
ok,5
sangat membantu,5
luar biasa tapi diskon ny ksh lebih lh,5
aplikasi gila,1
driver pilih² penumpang giliran udah ambil kaga mau jalan. pemalas,2
baik orangnya,5
sangat memudahkan perjalanan,5
Bagus,5
𝚜𝚎𝚓𝚊𝚞𝚑 𝚒𝚗𝚒 𝚜𝚞𝚔𝚊 𝚌𝚞𝚔𝚞𝚙 𝚋𝚊𝚐𝚞𝚜 𝚜𝚎𝚌𝚊𝚛𝚊 𝚏𝚞𝚗𝚐𝚜𝚒,5
"kurir nya kan beda"" orang ska ada yg judes kalau psen grab tp klau gocart mah baik """,5
terima kasih sudah amanah,5
drive baik,5
"Sebetulnya saya sdh lama pakai gojeg, berhubung hp saya jatuh, jadi bnyk yang hilang",5
bagus mantap,4
"lama lama gak enak,apaan goride sm gocar kalo yg biasa gak mau ambil,maunya yg comfort...gile ajee gak prnah ada diskon pulak...",1
kadang suka susah dapet driver,5
oke,5
"bagus, baik dan lancar",5
Nice,5
"Aman saat berkendara tdk ugal2lan, pengemudi ramah",5
bermanfaat,5
"ribet skrng go send mah minta kode ini itulah . nomet hp disamarkan, kata nya perusahaan teknologi hal begini ajah dibikin ribet. klo mau dibuat sistem lacak imei ajah dari pada minta kode verifikasi bertele tele",2
mantabbb,5
baru pertama x,5
good,5
saya memesan gojek pas cari driver nya lama banget ada 1 jam padahal banyak driver di peta,2
good,5
HALAHH DRIVER DI CANCEL TRS,1
"sangat membatu ketika di butuhkan,",5
good Apk,5
weeyyyyyy susah amat nyari driver busuk amat ni aplikasi,1
no wa gojek tolong di kirim masa saldo berkurang tampa ada konfirmasi ke saya,1
"sedikit kecewa sama gojek skrg, niat gosend biar beberapa jam nyampe, tapi dari kemarin udh dpet pda batalin padahal jarak ga jauh dan barang ga berat, smpe skrg masih gaada driver yg mau, pdhal ya sy ga pernah komplen apapun meski kadang di minta lebih dgn dalih parkir atau apalah itu kdg sengaja di lebihin sbg tip, ttep aja sistem seakan ga ngebaca permintaan :/",3
oke aja,5
mantap,5
untuk pin cari mapnya mudah dimudahkan.... mau tnya bisa gak sih kita lihat posisi kita di zona merah atau tidak?,5
oke,4
tidak punya simpati,1
mempermudah aktivitas..,5
Ok,5
sudah nunggu berjam2 tapi tiba2 dj batalin pesanannya. kalo memang ada kendala sistem dari awal aja batalin pesanaan jangan sampai nunggu berjam2.,1
sangat bermanfaat,5
mantap,5
dengan bangga jadi mitra gojjek tranpatasi 5*,5
drivernya selalu men cancel orderan,1
ga ada fitur chat ke customer servis,1
senang,5
"Apk nya sering keluar sendiri, kadang gk bisa kebuka, jadi susah kalau lagi ada keperluan mendesak",5
mntap,5
ok,5
"keren, banyak diskon kalau gofood hehe kalau kendaraan agak mahal dikt",5
aplikasi oke,5
aku tidak pernh merasa daftar in resto ku di gojek .... tp pihak gojek daftarin sendri dengan sitem pembayaran cash .... dan menu nya menyimpang dari resto ku .... sudah puluhan x driver nyasar di resto . knapa g d blokir aja akun nya . malah buat bulan² an driver...... MERESAHKAN SAJA !,1
bagus,5
Sangat Baik,5
Good,5
sgt mhibur,5
sekarang makin buruk. susah dapet driver padahal gak hujan dan gak terlalu malem. parah banget sih gk membantu sama sekali,2
"Aplikasi Gratifikasi. Di Customer ada biaya layanan + biaya aplikasi, Di Driver ada jual beli orderan, gak beli paket, Driver ga akan dapat order",1
muuaanntaaffff..,5
bgus,5
Ini saya yg gak bisa login. WA nya nomor saya pribadi. Email punya saya. Bukti transfer sudah saya kirim. Kenapa tidak ada mekanisme yg jelas ? Salah nya di sistem gojek kenapa OTP email gak masuk? Kenapa harus 2 OTP? OTP WA sudah masuk padahal. Aneh. Gojek begini banget sistemnya. Menyesal saya punya 2 akun gojek dua2 nya aktif. Saatnya uninstall aplikasi anak bangsa,1
"kebanyakan driver yang tidak memprioritaskan penumpang, driver seenaknya aja",1
naik e byk bgt ongkosx,1
tepat waktu,5
pokok y oke,5
"good, sudah pake lama",5
"kapitalis , nyusahin driver , customer bayar 20, driver dpt 8k 😂😂🗿",1
nice,5
awesome,5
"Pokoke jempolan,,,,",5
aplikasi sangat membantu,5
"pencarian driver nya lama pdhl Uda pake prioritas pdhl, cb di akun lain juga gitu pdhl titik nya ud jalan raya bgt ga pelosok kampung²",2
"perusahaan laknat, saham loh tuh nyungsep. mending bangkrut aja sekalian",1
driver goride hemat lo buat langganan gacor goride hemat di aplikasi gojek driver bayar 20 rebu diluar komisi 20% jadi goride hemat sih gojek dapet 20%tarif driver dan tambah 20 rebu per 1 driver 1 hari. argo goride hemat ke driver jadi lebih kecil dari layanan goride,1
sangat baik,5
"tiap pesen gofood susah banget dapet driver, apa karna pake vocer jadinya driver gak mau nerima?",3
cepat akurat,5
nunggu 2 jam ga di acc cancel. katanya sesuai estimasi? sebelum mesen sejam itu udah dianter kesini. bodoh,1
"gabisa batalin makannn,hrus nunggu sampai 1 jam dlu gjls",1
sangat membantu,5
"Seringkali dapat driver yang tidak kooperatif, tidak ada konfirmasi mengambil order atau tidak, dan sering menunggu driver sangat lama karena tidak bergerak",1
"kenapa si driver gojek sekarang pada kaya gini, order makanan kucing udah 5 driver yg nolak padahal lokasi dekat. giliran dapet malah gamau jalan kedepan dikit alesannya ada aja pdhal sy bayar loh. makin lama makin gajelas yg awalnya suka sm gojek jd gasuka, mana tarifnya makin mahal",3
baik dan ramah,5
Mantapp,5
harga terlalu mahal dan driver sedikit,1
bagus,5
baik,5
mantap Gojek maju trus jaya selalu,5
selalu susah dapat driver,1
Dapat orderan fiktif dari gofood.,1
OKEEEEE,5
terima kasih aplikasi gojek. dengan aplikasi gojek saya bisa memesan makanan dengan mudah.,5
ok,5
terima kasih kak,5
ok,5
pesen food masak harus nunggu driver dulu...keburu laper njir 50menitan lagi nungguinnya,2
"Sangat sulit mencari driver, kondisi sudah lapar, padahal sekitar tempat banyak driver",1
sy bnr' kecewa sm driver nya yg gajelas itu tolong min klo driver dh mau balek ya gausa nyalain apk masa yg disalahin customer nya GA RESPECT.,2
"GOJEK GOFOOD❤️.AKU SANGAT MENCINTAI GOJEK.GOJEK,GOFOOD👍👍🌟🌟🌟🌟🌟🌟🌟❤️❤️❤️❤️❤️❤️❤️❤️❤️",5
"katanya lokasi saya tidak ada, JADI MAU TUNGGU SAYA MATI KELAPARAN MALAM MALAM GINI?!",1
"abis diperbarui malah eror, mulai dari susah dapat driver, sampai pas kasih penilaian ke driver mau kasih tip gitu memuat ulang trs, udah coba lagi coba lagi sampai jari mau putus ngga bisa bisa. diperbarui bukannya jadi lebih baik malah sebaliknya.",3
aplikator rusak tarif lo potong ye driver cuman dapet dikit banget,1
edit jadi 1 ajah. point saya dirampok,3
sangat membantu,5
"pikir dulu kalo mo join, ngeri tingkat dewa. selamat bagi yg sudah terbebas dapat pekerjaan lain",1
sangat terbantu,5
dua kali di cancel gegara ga dapet driver nunggunya 1 jam lebihh customer service juga ga bisa nyelesain masalah cuma suruh nunggu,1
mantap,5
mantap,5
"aplikasi dajal, nunggu sejam driver gaada",1
"maaf jarang sekali saya beri nilai buruk, tapi banyak sekali eror aplikasi, selama penggunaan akhir-akhir ini sangat sering kesulitan driver baik untuk fitur goride maupun gofood.",2
"terLaLu sering susah dapet gojek, seharusnya dibuat aturan nolak sekali langsung suspend 3-7 hari",2
bantu driver dari sistem kapitalis,1
"Hampir sejam nunggu g dpt2 driver, padahal sudah pake prioritas",1
ok,5
tambah menurun ...biasa klu sdh dikenal pasti kualitas menurun beda dgn waktu pertama kali hadir🙃🙃🙃,1
sudah sampai tujuan dan dibayar perjalan kok sistem Bisa bisa nya membatalkan perjalanan..Go LuX driver tidak Amanah...jika diperjalanan ada apa2 bagaimana pertanggung jawaban aplikator nya ..,1
good aplikasi,5
Sebetul nya gojek sangat membantu tpi masih banyak driver yang ........!!! Walaupun tidak semua. Terimakasih gojek untuk terakhir kali ny 🙏 kapok saya,5
mantaapp gojek,5
bagus,5
"Akhir2 ini susah banget mau pesan gofood, udah nunggu lama gak dapat driver juga, TOMBOL ""CANCEL"" BARU MUNCUL SETELAH 1 JAM NUNGGU TANPA KEPASTIAN, padahal udah mepet banget mau buka puasa.",2
Gercep,4
mantappppp pollll pokoknya gojek semakin di depan.,5
"kasih rating segini dulu, soalnya sekarang selalu susah cari driver. bukan cuma driver aja tapi kalau pesan gofood juga suka di cancel sepihak.",2
"driver susah dicari karena pembagian hasil ga beres , bikin sistem ngerugiiin pekerja ga rekomended ini aplikator mending pindah ke aplikator lain lebih waras",1
"driver tidak ada di sekitar Medan Brayan ,asal pesan selalu jauh driver nya ujung ujung nya di batalkan . padahal di jam 7 malam dimana di jalan driver banyak lalu lalang .",1
ok nyaman,5
"ini kenapa dah gk diapa2in cuman buka aplkasi bisa terpesan sendiri, pdahal aplkasi sudah dikeluarin, sebel",3
good job,5
"Pesan paket sameday tapi selalu bermasalah. Pesanan pertama dibatalkan sepihak setelah tunggu berhari-hari, pesanan kedua sampai malah diminta uang lagi sama kurir, padahal sudah lunas plus asuransinya. Pesanan ketiga sudah hari ke-5, tapi belum sampai juga.",1
ok,5
"dari duluuuu bagus.. dari segi pelayanan bagus.. tapi tolong, lebih hemat lg donk..",5
"parah nunggu lama banget tapi alasan tidak dapat driver padahal ini bukan plosok. di ulang² tetap g dapat driver.. tiap kapai kupon yg potongannya lumayan, selalu alasan tidak dapat driver",1
"sekarang nyari driver lama banget, pesen gofood juga drivernya ga dapet dapet, terus udahh susah dapet driver gaada kompensasi apa apaa pulaa, makin susah, makin lama.",3
bagus,5
"semoga makin nyungsep harga sahamnya. pesen makan, ga dapet2 driver sampe sejam. mau dibatalin kagak dibolehin. mau pesen makan lain jadi gabisa karena takut ntar kedobelan. biadab. semoga cepet rungkad.",1
cepat dan amanah,5
mantap,5
Cari driver susah setengah mati ongkos mahal banget 2x lipat dobanding apk sebelah. mending ke apk sebelah,1
nama kota saya ga ada bos,4
terbaik,5
sekarang jarak dekat aja mahal meskipun nggak hujan,1
Memudahkan urusan makan tanpa harus memasak d rmh dn banx urusan dpt diselesaikan dg cepat,5
senang..mempermudah rencana sahur saya,5
sangat bagus,5
"kenapa ya akhir akhir ini susah bahkan ga bisa dapat goride padahal di sekitar map nya banyak berjibun driver.. ngga bisa pick up apa gimana. padahal ngga pake promo Lo, aku tahu pun perasaan driver gimana",5
Kenapa aplikasi gijek saya tidak bisa terbuka,1
gak ada akhlak ongkos biasa 30k sekarang naik jadi 100k bppkb ke kmayoran aji mumpung banget..!!! Bajay aja masih 35k,3
lama banget nunggunya,1
gampang banget main batal batalin aja,1
gausah heran tapi ini gojek mantul pokoknya,5
"driver gojek sekarang pada males"" semua kalo di waktu hujan deres atau lagi berbuka puasa gitu selalu tidak ada yg mau mengambil pesanan.",1
josjis pokoke mantappp 👍👍,5
apk ampas driver ga ada sama sekali,1
"sumpah ini app kenapa jadi kek rosokan gini dah, telpon gada tombol nya jdi ngebug,radar nya gajelas,dpt driver susah,driver juga kdng² ngeselin pdhl sini sama² susah nyari nya,telek banget lah",1
orang nya ramah semoga sehat selalu buat Abang nya,5
pliss tolong di cepatkan datang gojeknya lama kali aku sampe nunggu setengah jam,1
"aplikasi sampah , banyak bug",1
bagus,5
sering di cancel oleh driver. biaya mahal,1
Sangat membantu.. dan sangat mudah,5
"makin parah, asli parah banget skrg, goride sm gofood nya. Akhir² ini goride semakin susah dapet driver malah dikasih driver yg lokasi nya jauh, mesen gofood pun lama udh nungguin malah dbatalin berkali².",1
selalu lama mencari orderan,1
"makin kesini makin ke sana ini lama"" aplikasi macam ngk betul, padaha drivernya ada yang dekat, yang jauh malah di kasi teruss lama nunggunya, ujung-ujungnya censel",1
Aplikasi gojek nya tolong di tingkatkan lagi karena setiap hari saya order Driver nya selalu Tiba-tiba Cancel saya🤦,2
kurang baik,1
baik,5
"sumpah ya. makin lama makin susah dpt driver. sekali nya dapat malah jauh kali. gilak ni gojek. performa sangat turun sekali. parah, lambat.",1
minta tolong jangan cuek aja DRIVERNYA UDAH TAU INI PENTING!!,1
smg kedepannya bisa sukses Amin ya rabbal alamin tetap semangat,4
"sekarang sudah jadi aplikasi SAMPAH, Order gojek nyari driver muter2. padahal di map banyak tertera driver di sekitar, tapi loading lama nyari2 driver, begitu dapat lokasinya sangat jauh nunggunya lama. memangnya driver di sekitar cuma buat pajangan ya.",1
"driver banyak yg belagu sekarang,,pesanan diambil kita dah nunggu lama malah dicancel,,,ajarin lagi drivernya min",2
drivernya banyak yang gak niat,1
"kadang² susah dpt driver dan skalinya dpt driver mlh drivernya brmsalah bngt ngoceh sembarangan dan ga jls, giliran ga digubris mlh marahin custumer",3
"ngeselin banget, dalam seminggu min 2 x gak bisa dibuka aplikasinya. harus diunsintal dulu baru download lagi.",1
sangat membantu sekali,5
"kembali kan saldo paylater saya ,,saya tidak pernah telat membayar angsuran nya",5
👍,5
terima kasih sudah dengan sangat ramah mengantarkan kami,5
nyaman sudah sampai dengan selamat,5
"buat cs gojek, klo mesenin/pesan ride klo badan lu gede pake pilihan layanan comfort lah lu make reguler gak selamanya driver motornya besar, udh gitu gojek buat cansel orderan melebihi kapasitas harus tlp dulu lgi yg dimana makin ribet, jgn bikin ribet driver, klo mao cansel alesan pemilihan layanan gak sesuai harus ditlp sampe diangkat",2
kalau pesen makan sering gk dapet driver,1
"makin hari makin minus, cari driver susah amat, mana pada galak galak lagi kalau pake mode hemat",1
Saat ini sulit sekali mendapatkan driver di layanan gojek & gocar. Entah karena drivernya atau aplikatornya. Kalau sulit sekali begini ya mending naik angkot/ ojek biasa kaya jaman dulu lagi aja gpp.,1
oke,5
aplikasi paling bermamfaat,5
nyaman bngt punya aplikasi ini,5
Lumayan bagus,4
baik dan sopan sekali,5
Aplikasi GO-JEK sangat bermanfaat,5
"Kenapa ya tiap order ,pengemudi nya jaraknya sangat jauh..",1
"perbaikan gak argo lu anjir gojek sekarang, soalnya makin parah",1
"gojek sekarang ini aneh,ganti metode pembayaran gabisa,pilih titik jemput juga susah",1
sangat membantu,5
mantap,4
mantap,5
mantab,5
lah susah cari driver pilih² kebanyakan,1
ramah,5
"cepat, dan ok pelayanannya",5
"Saya selalu pakai GOSEND akhir 2 ini mungkin sudah hampir 2 tahun lebih banyak pakai GOSEND. tapi sekarang kenapa ongkosnya naik. dibandingkan dengan aplikasi Kuning jauh sekali selisih harga. kalo selisih cuman 2 atau 3 ribu masih wajarlah ini mah hampir 100 persen. saya contoh saya pesan dari daerah Sorowajan, Jogja menuju daerah sekitar pasar Ngasem Jogja.. sebelumnya hanya 12 sampai 13 ribu. tapi sekarang malah 20 ribuan. padahal di aplikasi Max-win hanya 11 ribuan. ayolah kalian asli Indo",3
"sebenarnya ada g sich driver gosend nya 2x pesan kedua2nya sama cari driver disuruh tunggu 1,5 jm g muncul, dibatalin psn lagi ternyata podoae 🫩",5
wes sekarang sulit dapat drivernya males pesen di gojek,1
orang² maruk ama duit,1
baik,4
"terbaik , dengan harga yang variatif lebih terjangkau , dan pengoperasian aplikasi mudah dan ga rumit. mantap terus berkembang 👍",5
"mantap, kalau bisa kasih promo yg lebih murah lagi",5
"tolong ya gojek manusiakan juga mitra anda,,ga usah lah pakai hemat hemat segala emang dikata tu motor mitra ga ada rawatan servis,oli,ban,dll pikirin juga mitra anda jgn cari untung sendiri",2
nyaman dan aman,5
sangat membantu dalam hal transportasi urgent,5
driver nya ramah tamah,5
lama bgt dapat gojek ya,1
"pesanan kurang tidak di bantu, pembayaran full tapi item pembelian tidak lengkap, minta bukti foto harus beraturan padahal sudsh fotokan makanan yg sudah di buka dan malahan sudah di makan sebagian, klo kayak gink aplikasi ini merugikan driver dan custumer pastinya, sudah buat komplen cuman tetep minta foto, klo bisa kirim capture hasil chat dan menu pesanan gw simpan dsini",1
pelayanan cukup memuaskan,5
"good job,,,",5
oke bagus banget udah manteeeeeewwp baaaangggeeeeeet,5
lamban gosendnya,1
mantap,5
ok,5
ga gerak di driver,1
kenapa para driver sekarang susahnya minta ampun ya? apalagi kalo pesan gofood. tolong kerjasamanya lagi lah,2
bagus baik,5
josss,5
buseettt pesen ojek aja laaamaaaa benerrrrrrr,3
mantap lah pokoknya gojek sangat membantu saya,5
Alhamdulillah aplikasi memudahkan dlm aktifitas bepergian. terima kasih,5
gojek gofood memudahkanku biar bisa mokel,5
"gojek sekarang kejam, kejam ke driver, kejam ke user. harga mahal ga masuk akal. gosend apalagi sameday ga akan di pickup. jahat asli",1
Gosend cepat,4
"aplikasi kikir, sengaja berlangganan gojek plus karena banyak promonya, pas udh dibeli zonk gada bedanya make promo atau ga, mau go food pun sama aja make promo atau ga bedanya ga jauh, mndg gausa berlangganan sekalian promonya mirip mirip kek promo biasa, kirain kaya si ijo sebelah promonya real. udh lama si ini baru sempet ubah rating aja",2
pokoknya mantap,5
"percuma ada diskon atau promo juga, driver pada ga mau ngambil pas dapet promo 20rb padahal ga jauh2 amat...",2
"susah bgt skrng dapet driver, sekalinya dapet kok driver nya susah di chat hadehhh",1
sangat membantu,5
alhamdulillah nga pernah kecewa kalo order gocar,5
puas dengan pelayanannya,5
"kebijakan ke driver nya gimana sih? tambah lama, dapet driver nya dengan lokasi yg jauh. mau komplen ke Driver, tapi kasian juga mereka begitu karena sistem nya. perbaiki lah, jgn asal nyomot hak driver gede aja",4
tidak nunggu lama,4
aplikasi is the best,5
Mudah terkoneksi cari alamat yang dituju. Thanks! app Gojek 👍,5
Keren pelayanannya,5
so far tdk pernah mengecewakan,5
Terbaik sebelum kiamat,5
ok sangat baik,5
Tolong ya carikan driver untuk ambil pesan makan saya yang pasti aja. Saya pesan dari jam siang sampai jam 6 sore dicancel terus.,2
opsi terbaik saat gk ada kendaraan pribadi..,5
Banyak Bonus Vocher,5
sangat membantu,5
cepat mudah dan lbh hemat,5
bermanfaat sekali,5
Apakah bisa bayar dengan e-walet?,3
Kalau dulu bagus bagus aja tapi semenjak sekarang kenapa driver sering banget cancel ya? saya udah kena cancel 4 kali loh emang sesibuk itu ya semua driver? kalau sampe 2 kali cancel masih ok lah tapi ini 4 loh di kira sebentar?? kalau emang ga mau nganterin ga usah ambil order. ngebuat orang nunggu aja.,1
apk ini sangat membantu saya dalam transportasi,5
ongkirnya lumayan juga sih,5
saya mohon pihak gopay udh hampir 1 bulan akun gopay saya kenapa masih tidak dpt di gunakan semua bukti2 jls idetitas jls semua tidak ada hal2 yg memcurigakan hp yg tersambung di perangkat jls email yg terverikasi jls masih kurang apa lg sampai akun gopay saya masih tetap dompet nya terkunci/terblokir mohon pihak gopay bantuin masalah nasabah nya sebab di akun saya masih ada saldonya uang lg sangat penting,1
Aplikasi Dzolim,1
"aplikasi dongo, ribet, mau ganti nomor dan butuh OTP saja tidak ada opsi. payah",1
Terimakasih gojek 🙏,5
mantap semakin meluas ke daerah,5
bagus,5
"lama lamaa cari driver susah disini, udah dapet driver malah driver ngejauhin dari lokasi, seakan-akan gak mau ambil tapi juga gk mau cancel, kek gini bikin akun pemesannya yg jelek.",1
saya kasih bintang 5,5
Sangat membantu,5
mantap,5
Aplikator perbudakan modern,1
baik,5
Mulai Sombong dan congkak ni aplikator2 ojol..,1
"gojek error mulu loh aplikasinya, heran",3
apk ceepet bgt driver ramah2,5
mantap,5
sangat membantu sekali untuk pengiriman yg da²kan di PG hari🙏🏻😊,5
Good Jobs,5
"Masukkan, untuk mobil sebaiknya saat pesan ada input penumpang dan besar bagasi, supaya masuk ke penambahan harga. enak sekali jika banyak menumpang dan bagasi harga sama, zholim. pesawat saja nambah penumpang dan bagasi bayar",3
mantap!! kurir always ramah,5
"sangat membantu, puas dan nyaman..",5
seneng bgt n puas serta aman kl pakai gojek d malam hari,5
sangat bagus,5
sangat membantu,5
"Driver tidak mau antar karena kejauhan dan meminta pelanggan yang meng cancel, driver atas nama muhammad arizky ade ayudi plat nomor B1915HFP",1
hebat,5
banyak restoran yg pake foto palsu. di gambar bagus pas nyampe ekekwkwkw ngakak mending beli warteg aja langsung ... intinya kalo mau ngegojek beli resto yg udah pasti2 aja lah kfc mcdonal burgerking gacoan.. kalo rumah makan padang mending yg udah punya nama sekalian biar nyampe g zonk..aku beli nasi padang ayam serundeng 38.500rb dan nasi padang ikan 35.500yg dateng nasi putih dan ayam goreng polos to .. di gambar ada lalab ada sambel ada nangka ..nyampenya nasi putih dan ayam .apalagi ikan,1
"hapuskan saja pilihan2 seperti gojek hemat dan prioritas, jadikan sstu harga saja, membuat driver jadi mendiskriminasi penumpangnya",1
mudah murah mulus,5
akhir2 ini susah bgt dapet driver apalagi kalo go food ga pernah ada yg mau ambil baru bisa di cancel sejam kalo emg gda yg mau ambil. buang2 waktu,1
Kenapa sih tiap pesan gojek selalu dikasih yg jauh. Jadi nunggu lama dgn alasan beri driver yg terbaik. Padahal disekeliling kita banyak gojek yg nganggur. Giliran di cancel nunggunya makin lama😩,2
"aplikasi nya sya suka hanya sja untuk pinjaman nya ko blm naik trusss padahal nya, sya byr tepat waktu dan gx pernah telat. . .",2
alhamsulillah sangat membantu,5
"Go ride bulan puasa sampah banget, lagi butuh banget malah gak ada driver. Bukan cuma gua aja yang ngalamin, temen gua juga, padahal kita ngejar bus dan kejadiannya di hari yang beda, -1000000000000/10",1
mantaps,5
mantaf dan sangat bermanfaat,5
👍,5
good joob 👍,5
"tidak bisa batalin pinjaman padahal belum cair, tapi maksa harus pinjam, CS layanannya pun tidak bisa membantu",1
bagussss,5
hadir d saat ga bs jemput anak. bravo gojekkk,5
"aplikasi sialannn......tnpa minta sandi dh maen ptong dri gopay ajh ,mna gde bgt lg mtong ny 😭",1
best deh!,5
pada lu apain drivernya woy ? gua bertahun tahun setiap hari pake gofood baru akhir akhir ini gua susah dapet driver kadang malah gak dapet sama sekali walau sudah pake pengantaran prioritas sama nunggu sejam lebih tolong jangan terlalu lah sama mitra driver kalian,5
"layanan gofood prosesnya lama, tidak seperti apl lainnya🙏🏻",1
Saya kecewa. tidak mendapatkan driver saat pesan gofood dijam 10 sampai jam 12 malam. sudah menunggu sampai satu setengah jam juga ngak dapat driver. Dan sudah menggunakan fitur prioritas tapi juga susah dapat driver.,1
"Driver nya baik, ramah, enak di ajak ngobrol... 👍👍👍...",5
mantap aplikasinya gampang dan banyak promonya,5
"makin ke sini, makin aneh pesanan sering dibatalkan",1
"lama dapat dravier, sistemnya merugikan dan kapitalis aplikator. not rekomen",1
sekarang banyak driver mengeluh ktanya potongan semakin banyak. jadi tiba tiba di Sruh matiin onlinenya dan driver minta offline. disatu sisi sy kasian Ama drivernya tapi kalau bgtu curang gak seh nmnya. sy sebagai konsumen kdang bingung harus mengiyakan permintaan driver atau nggak. tolong di diskusikan antara driver sama penyedia layanan. biar sama sama enak,5
udh nunggu sejam lebih buat mesen makan tp bener bener gadapet driver samsek gilaaaa,1
ga jelas bgt jir....di saat yg kepepet bgt mlh ga sesuai ekspetasi,1
sangat membantu,4
"skrg aplikasinya ga bangettttt masa 1 jam lebih g dpt driver pdhl g pke pengiriman hemat,gimanasi gaada perbaikan drivernya abis kah di gojek sampe se gaaada itu",1
sip banget,5
gojeg selalu memberikan yang terbaik👍💯,5
aplikasi ini sangat membantu Semoga ke depannya lebih baik lagi dan tambah maju melayani masyarakat,5
bagus bagus,5
"Sebagai masukan, saya juga menyarankan beberapa perbaikan pada sistem GoFood agar kejadian seperti ini tidak terulang di masa mendatang: Menyediakan pilihan kategori masalah yang lebih netral dan adil, sehingga sistem bantuan tidak hanya terkesan menyudutkan driver. Dalam beberapa kasus, permasalahan bisa berasal dari berbagai faktor seperti sistem aplikasi, restoran yang masih menerima pesanan menjelang tutup, maupun ketersediaan driver di area tersebut. Oleh karena itu, akan lebih baik jik",1
terima kasih sudah membantu,5
"sekarang kalau pesan gofood lama bnget, bisa 1 jam lebih",2
"Jelek, buka apk nya aja lama banget",1
sangat membantu,5
bagusss rekomen bangettttt,5
ok,5
"gojek sekarang parah, driver terlalu pilih2 penumpang..",1
"lama amat dpt driver gofood, sampe sejaman cm buat nyari driver, blm lagi nunggu makanan sampe",1
Kerja Bagus,5
ok 👍,5
nice,4
good,5
"kenapa gojek skrng susah dpt ya min?, kecewa sama gojek skrng susah bgt Nerima orderan,tiba sepi ngeluh gdk penumpang,kacau bgusan tutup aja gojek",1
"Keluhan tidak di tanggapi, Sulit dapat driver untuk pesan makanan, dan pesan go car juga susah nya minta ampun. drivernya udah kaya semua. nolak2 orderan.",1
Ok,1
"kalo gofood suka dapet driver yang minta tip, udah di kasih tiba2 di cancel sepihak, ga ikhlas asli di gituin. tolong diperbaiki dong orang2 kek gitu di tegur apa gimana biar mikir dikit",1
gercep,5
oke,5
tidak ada driver tapi tidak bisa dibatalin.harus nunggu lama,1
"dear gojek please kepada semua driver (motor atau mobil) kalo memang tidak bisa mengambil orderan jangan di terima dari awal. Saya nunggunya lama, dan malam pula. Setidaknya kalo di chat di balas PAK! memastikan orderan di terima atau tidak. Kalian tidak tau kan bahayanya nunggu lama di luar kalo sudah di malam.... Terimakasih 🙏",3
YES SANGAT MEMBANTU TERIMAKASIH GOJEK,5
good,5
mntul,5
susah dpt drivernya,1
"masih mendung aja susah dapet gojeknya...apalagi pas hujan, motor maupun mobil.ga ada yang nerima🤦‍♀️",3
"kerennn banyak promo nyaa, the besttt lahhh",5
"aplikasi sampah, udah nggak kepake lagi di hape gua, mending MAXIM, gojek driver banyak yang nganggur, bilang sibuk",1
sampaahh..,1
cepet,5
driver lu pemalas semua,1
"najissss sinyalnyaa!!! sy buka apk apapun termasuk ngasih ulasan ini, sinyal baik2 aja. buka gojek, serasa ngejar masa depan, lamaaaaa bngttt ya tuhan",1
mantab,5
ok semua,5
aplikasi sangat membantu terutama untuk Gofood,5
Madaf jiwa,5
Alhamdulillah,5
"Apps Gojek payah, rekomendasi titik kurang valid bikin pengguna harus setting sendiri ribet. Kalau ga semua pengguna teredukasi begini kan yang susah drivernya kasian, belum lagi kadang pengguna juga bisa diomelin driver yang ga bijak.",3
jgn coba2 pinjem di gopay pinjem telat 2 hari aj udh di maki2 lewat pesan biasa n lewat chat di aplikasi gojeknya,2
"bikin gedek bgt, pesen gofood nunggu lama bgt gak kunjung dikasih driver, mau dibatalkan nunggu sejaman, ampas bgt",1
lagi butuh penuh terus,5
kenapa di perum permata viola 3 blum ada di peta lokasi,5
akhir-akhir ini susah dapat driver padahal banyak yang disekitar,1
woilah cik lama bgt gue dpt driver nya udh 2 jam gue kelaparan,3
apk sampah ongkos naik terus mana susah dapet nya ngehambat aja,1
alhamdullah sangat membantu di waktu kita malas,5
"susah dapet penumpang, kebanyakan ambil untung, driver nya pada menderita👎",1
"susah nyari driver, sudah ada icon driver kok ga dapet🥲🥲😭👎👎",1
"jelek banget untuk gosend nya, susah nyari alamat di maps nya untuk rumah rumah yang masuk gang, driver sering nyasar karna maps ga sesuai. fitur telfon di gojek juga jelek",1
"apk taek ngenteni ket mau gak oleh""driver",1
"terbaik, selalu ada diskon makan",5
"Sabtu, 14 maret 2026. Pertama kali kirim buket uang pakai gosend, pas sampai penerima uang hilang 40.000. Jumlahnya 100.000 10 lembar pecahan 10.000. Awalnya ngga curiga apapun ke driver, tapi agak aneh kirim bukti gambarnya bagian belakang buket. Awalnya masih ngga sadar apapun karna sebelumnya kirim barang juga aman. Sudah ajukan kendala, kirim bukti gambar saat diterima driver dan sesudah sampai tujuan. Tapi malah muncul notif di email ""belum menerima jawaban dari pelapor"".",1
pelayanannya lambat + susah dapetin gojek di cancel mulu.,1
mantap,5
siiiip,5
"""Wah maaf driver lagi sibuk banget nih"" pembohong kamu, bilang aja drivernya ga mau ambil orderan saya, sakit hati saya, trus buat apa notif ""bingung mau naik apa? Gojek solusinya"" giliran saya pesan, gada tuh yg mau ambil, penipu.",1
jos,5
mudah digunakan,5
"aplikasi buruk, estimasi lama tapi tidak memberikan kepastian dapat driver. makanan tidak bisa ditolak tapi tidak bisa memastikan makanan datang.",1
kadang driver nya judes,2
buruk bgt susah driver posisi tinggal di kota sekalinya dapet di cancel malahan akreditas saya bagus mending pindsh maxim atau indriver,1
"drivernya lama banget suka nunda""",1
lumayan lamaaa bangett dapet drivernyaa😢😢😢😢😢,3
"udah mau seminggu ini susah dapet driver, bahkan selalu ga dapet padahal udah lama banget nungguin. pake yang biasa atau hemat ga ada bedanya. yang disayangkan adalah di apk terlihat bahwa driver di sekitaran titik itu banyak, tapi ga ada satupun yang nerima. semoga permasalahan ini bisa segera diatasi",5
NYARI DRIVER LAMA AMAT DAHHH,1
klau pakai goraid hemat ga taunya driver besoknya kepotong lagi ya kasihan mana jemput 2km lebih nganter 4km total 6 km driver cuma dapet 8000 hapus aj goraid hemat,1
mantap,5
susah nyari driver. sekalinya dapet jauh bgt dari titik jemput,1
"susah banget dapet driver pas hujan, padahal yg aku pilih itu gocar prioritas. ga ngerti lagi deh, di map udh jelas klo ada driver terdekat tapi ga mau diterima. jarak ke tujuan juga ga nyampe 2km",1
"pelayanan baik,atribut lengkap dan nyaman di jalan",5
nice,5
"aplikasi sangat bermanfaat untuk berpergian,pesan langsung dapat driver yang jaraknya cukup dekat top pokoknya dah 👍",5
"makin lama makin tolol, driver yg deket banyak mental yang jauh",1
"gojek sangat baikkk, pelayanan nyaaa bagusss",5
aplikasi bagus sekali (ayo Mabar epep),5
lama nunggu drivernya ojol terjelek yang pernah saya pakai,1
"gojek makin gajelas dulu gabisa pake go cicil skrg gojek plus gabisa di refund kukira cuma berlaku 3 bulan saja eh malah lanjut dan gabsa di refund, nyesek bgt. pemberitahuan minim bgt",1
lama bangat nunggu driver nya,1
"terlalu manja driver gojek udh 1 jam g dapat""",1
sangat membantu,5
Aplikasi sangat membantu dan memudahkan pengiraman dan penerimaan barang,5
Aplikasi Saya Di Suspent 2 Kali .,1
trimakasih Gojek,5
love itttt,5
"susah dapet driver, sekali dapet drivernya malas² an",1
"makin jelek aplkasinya, susah dpt driver di cancel pula",2
"APLIKASI INI SANGAT MEMBANTU SEKALI MANTAP SEKALI BOS KU👍👍👍👍👍,,,,,",5
sistemnya curang ya wkwk,1
driver sabar n ramah,5
"tolong diperbaiki kak, susah bgt dapt driver",5
good kdg,5
josss,5
lamaaaaa,1
aplikasi ga guna susah buat order daerah bandung,1
King 👑👑👑,5
oke bgt,5
APLIKASI APA INI SAYA 5X MESEN GADA DAPET OJEK 1 PUN PADAHAL ADA BANYAK DI DEKET SAYA,1
kenapa skrg susah bgt kalo cari driver...selalu lama.....padhl saya tiap hari guna gojek ini...merasa terganggu dg ini...setiap pesan selalu lama..dan eror,3
"ini gimana sih makin lama makin susah cari driver, selalu dicancel haduhhhh orang mau buru"" jadi telat karna masalah ini",1
best apps,5
sangat di butuh kan apalagi klw urgent membantu dan memudahkan perjalanan.,5
APLIKASI KAPITALISME!!,1
good service..👍,5
"hai kalian zolim sekali pada driver. potongan terlalu besar, membuat mitra kalian menderita. dan costumer pun mengalami krisis driver.",1
drivernya males semua🥀,1
baik,5
aplikasinya oke,5
"Selamat siang,sy kecewa dengan aduan sy ke pihak gojeg langsung tlp CS,jawabanya tidak menemukan solusi,berbelit2...muter2...,sy sdh bilamg ada kendala login,dikarenakan email sy sdh tdk aktip,dan tidak ada di hp sy,masih sj kirim OTP ke email tdk aktip tsb,ya sy ga bs login,sdh mengikuti arahan aduan lewat aplikasi dan email,sama sj ga bs selesekan kasusnya sy,bahaya klo samoe emil sy yg terikat dg Gojeg di salah gunakan orang lain untk kriminal,mohon respon aduan sy,tanya ke CS,sekian makasih",1
bgus,5
"Selalu susah dapat driver. Apalagi kalau gofood disuruh nunggu bisa satu jam lebih, ujung²nya tetap nggak ada driver.",1
"kenapa layanan gojek makin kesini makin semrawut, terutama di layanan gosen, susah di seslesaikan, belum lagi kalau minta otp makin ribet aja jadinya",1
susah dapet driver.,1
"APAAN2 JIR GOJEK SKRG, GUE NUNGGU -+ 20 MNT UDAH DAPET DI CANCEL TERUS2AN GARA2 PAKE HEMAT! PADAHAL DULU PAKE GOJEK HEMAT SELALU DAPET DRIVER GAMPANG.",1
"Saya minta sistem reting kepada customer itu bisa dilihat kita sendiri, karena tidak adil masak kita di tuntut untuk memberikan bintang lima ke driver tapi kita sebagai customer di berikan bintang satu seenaknya dan kita juga gak bisa lihat reting atau bintang kita berapa tolong di perbaiki sistem tersebut agar menghindari driver yang seenaknya",3
ok,5
"beberapa kali mengalami driver yang menolak menjemput tapi tidak mau mengcancel sehingga saya menunggu lama sampai harus membatalkan sendiri. seharusnya tidak usah ada sanksi cancel bagi driver, jd kalau memang driver tak mau ambil bisa langsung dicancel oleh driver langsung. malah merugikan penumpang kalau drivernya mau menolak order tapi takit sanksi",4
mantap gojek,5
jangan pakai aplikasi ini.. ongkos mahal.. dan kejam terhadap driver... semoga cepat bangkrut,1
DRIVER SUKA CANCEL ORDERAN SENDIRI SOMBONG AMAT,1
saat ini gojek susah dapat driver giliran dapat itupun lama bgt,5
"gojek sekarang kenapa ya , gangguan terus",2
seneng banget,5
"saya mau melaporkan chat mengancam saya, pilihan untuk chat customer service untuk pengaduan tidak ada. hati2 data kalian bisa2 di sebarkan. saya ingin upload bukti chatnya disini tapi tidak ada pilihan untuk upload foto untuk bukti tsb......",1
josssss,5
bcnda,5
"Pelayanan bagus, memuaskan",5
ok,5
bagus playananya gojek,5
mantap,5
enk driver e Rama,5
TOP,5
susah bgt dapet driver padahal kalo diliat driver banyak,1
ok,5
bergunaa bangett,5
Lebih banyakin promo aja sih. Gojek/goride udh oke bgt. untuk gocar nya kadang sering lambat ambil orderan klo ongkos nya tipis.kadang di cancel Sama driver nya.,5
tidak bisa membatalkan pesanan gara gara lokasi beda kota saldo saya jadi hilang,1
layanan baik n komunikatif,5
jarang ngasih promo atau voucher,1
"APLIKASIII JELEKKKK!!!! GANTI PEMBAYARAN GABISA ERORR, KONEKSI AMAN DLL. CHAT CS SUSAH ADANYA PESAN CEPAT CUMAN JAWAB PAKE AI GAADA CHAT DENGAN CS BENERAN APLIKASI SAMPAHH MENYUSAHKN DAN TIDAK MEMUDAHKAN CUSTOMER!!! GUE SEBAGAI PROGRAMMER GEDEGGG LIAT APP LU BUSUK!!",1
susah dapet driver ongkos mahal.,1
good,5
cepat dan ramah drivernya,5
mantap,5
ok sopan ramah,5
selalu dihati,5
Empat dulu aja,5
kenapa sekarang GK bisa di download di redmi pad SE. tadinya sy gunakan di tab saya bisa. tolong jawab min,5
mantap joss,5
baik dan sangat membantu,4
"jujur ga suka sistem rating di gojek, masa ada rating cs tapi cs nya sendiri ga dikasih tau ratingnya berapa dan tau tau ratingnya ternyata jelek dan padahal gak ngelakuin apa apa, dan bahkan sampe ada vt gojek yang nilai customer dari ratingnya dan ngatain red flag lah itulah, bro kita yang bayar, knp jadi kita yang harus ngertiin mood lo, misal lo cape nge gojek, kita juga nge gojek dalam keadaan cape juga, KALO MAU FAIR GAS AJA TAMPILIN RATING CS DI AKUN CS DAN SAMA JUGA BUAT RATING DRIVER",1
ok sangat membantu,5
"saya kasih bintang terbaik untuk apl ini,",1
baik,5
senangnya karena Karya Anak Bangsa,5
Layanan cepat dan mudah terpercaya,5
ok,5
mantap Bosque,5
okeee jossss,5
verifikasi wajah gabisa bisa padahal udah jelas dan ga pakai apapun,1
tertolong oleh aplikasi ini,5
kecewa pelayanan jelek suka cancel pelanggan tanpa konfirmasi Uda tunggu lama,1
ok,5
sudah hampir 5 tahun pakai aplikasi ini... sukses buat gojek transportasi👍,5
bagus banget banyak membantu,5
"Susah dapet driver, pas dapet bilangnya otw taunya tiba2 dicancel sama drivernya, ga cuma sekali, tapi berkali-kali, drivernya pada ga mau ambil",1
oke juga,5
mantap dan sangat membantu mempermudah kebutuhan sehari-hari 👍,5
"Ko sekarang gopay ada ,gopay Indonesia kaya buka rekening bank gitu , itu beneran GK sih ,aq dah daftar soalnya , hari ini .",5
"pelayanannya mantap,,",5
selalu bisa di andalkan,5
gk jelas lama nih gojek mesen udah sampe satu jam gk dapet²,1
Pelayanan tepat waktu,5
GooD....,5
bagus,5
"banyak ojol tidak punya attitude yang bagus dalam pelayanan, apalagi dengan video viral kemaren soal ojol yang menabrak serta memukul anak yang bersepeda di jalur khusus sepeda, tolong ditindak lanjuti segera",1
"parah potongan drivernya,",1
sekarang susah dpt ojol,1
"susah bener cari driver padahal driver depan mata banyak , aneh bener",1
"lama dpt driver nya, mau sahur mlh keburu Imsak tlng di tingkatin lg pelayanan nya",2
membantu,5
aplikasi bodoh,1
"sangat membantu untuk kemana aja, tanpa ribet dan sangat simple praktis pula.",5
"kacau aplikasi nya di notifikasi ada diskon tetapi pas ngecek tidak ada untuk memilih voucher diskon nya, Al hasil malah langsung pilihan pesanan semenjak di update kacau gojek bikin kecewa, mau di cansel kasian driver nya",2
bikin mles tiap gofood sering bngt driver ny double order kaya barusan mkn ku di antar setelah nunggu 48 menit😭 alhasil makan ny dingin,2
siipp dahhh indo punyaaa,5
ok,5
APLIKASI DZOLIM!!!,1
good,5
"ngeleg banget gw mau pesen makan, tapi ngeleg nya minta ampun gila, gw mau beli makan woiiii",1
"gojek kenapa skrang lemot banget,",1
driver darurat catcalling,1
"membantu banget kalo mau beli makanan, mau ke suatu tempat, jadi lebih praktiss👍🏻",5
"lama, ga ada driver",1
mantep banget aplikasi nya kalo ada kendala juga penanganan nya cepet banget langsung sat set ngga kaya aplikasi sebelah hmmm,5
sampai tepat waktu ..ramah orangnya,5
gasss,5
"biaya layanan makin mahall , tp mitra driver tidak di manage dengan baik driver banyak tp mau order aja susah driver pada manja , pilih pilih orderan giliran sepi order bisanya ngeluh",1
aplikasi yang berguna,5
ok,5
mantapp,5
"kenapa sekarang jadi susah nyari driver pas mau order makanan, aneh banget ini Gofood.",1
Tidak memuaskan lagi darurat tidak di layani,2
"Ngeri .. Aplikasinya makin gak pakai hati, berasa banyak pungli dalam aplikasi yang selalu minta tambahan ongkos dengan kedok Prioritas. Semoga Lekas Berbenah supaya tidak punah",1
"aplikasinya oke oke aja, tpi sy pernah dpt 2 kali driver yg sama dan drivernya ga profesional ky nanya terlalu personal (""sudah punya cwo belum"", ""orang tua kerja apa?"") , cat calling (""kamu mau tak tungguin ta?"", padahal jelas sdh tau sy msih anak sekolah(16 thn) smntara dia sdh umur 20 tahun keatas(sprtinya 25 thn). smg ga banyak org yg mengalami apa yg sy alami. buktinya minim karena waktu sy alami kejadian itu sy bnr² shock dan takut, yg sy bisa lakukan cuma cerita ke temen² sy dan nangis.",1
"bintang 1 untuk aplikasi ini , karena sudah bayar sebelum waktu jatuh tempo, tetapi tiba tiba di nonaktifkan aneh",1
"Deleted ganti yg lain, makin keaini makin jelek pelayanan nya.",2
ok,5
Makasih ya gojek,5
driver lo tuh! evaluasi. pada gamau ambil orderan. dikit2 di cancel sama driver!,1
Sangat Terbantu,5
driver y ramah dan hambl,5
"DRIVERNYA PADA SONGONG BELAGU, HUJAN DIKIT GAMAU, JAUH DIKIT GAMAU. GUA KAN BAYAR SESUAI APLIKASI, KALO GAMAU NGAPAIN ONLINE COK",1
"Tolong ditambahkan opsi merubah alamat untuk fitur ""Gosend"". sy sempat salah ketik alamat pengiriman, dan driver tidak bisa close order sebelum sampai tujuan awal. padahal kalau ada opsi rubah alamat (dengan persetujuan driver) bisa mempermudah pengguna aplikasi.",4
sangat membantu dan mantab,5
"sudah dari tadi siang saya mau gofood tapi kenapa harus menunggu lama?? habis itu alasan driver tidak di temukan, sudah menunggu lama hampir 1jam tapi tidak hasilnya tolong segera di perbaiki!!!!! kasian customer yang ingin gofood",3
The best & amanah jg Ramah,5
"tolong di update lagi adakan chat dengan penjual soal potongan harga yg ga di cantum saat transaksi makanan, di gojek harga 25rb sampe rmh 40rb an. pdhl pake promo.. guna nya promo apa? guannya gojek premium apa klo masi gabisa? ini keliatan kyk ga jujur, soal kepuasan sy kasih debest buat driver ny baik kdng diem kdng nanya seperlu nya bikin sy ga jengkel, jdi aplikasi ini berguna banget sm sy cuma kendala balik lagi di kalimat atas sy, segera ya min di update:]]",2
"lama dapat drivernya, sampe kelaparan nunggu orderan",1
ok banget,5
Buruk. Terima kasih,1
lama banget dapet driver nya padahal udh laper bngt tp telat,1
skrg susah banget buat pesen. driver banyak gak bisa dihubungi,1
"gasuka, pengemudinya dikit di sekitaran sini, ada tpi cuma 1/2 mungkin tpi sekalinya ada lokasinya jauh dri arah penjemputan, jadinya nunggu set jam masi belum dateng dan akhirnya aku cancel langsung pindah ke grab",2
susah banget nyari driver goride daerah purwokerto,5
mantap,5
aku aneh sama aplikasi satu ini. padahal kalau dilihat itu banyak banget gojek dekat titik jemputan tapi nggak pernah dapat2. malah dikasih yang jauh2. emang kalian nggak pernah pikirin tukang gojek sama pelanggan apa? saya dari tadi loh nunggu gojek yang mau ambil pesanan orderan saya.. ini sudah 30 menit saya nunggu tapi belum datang2 atau dapat orderan.,1
"Aplikasi yg aneh, nyedot gopay sy seenaknya.",1
tolonglah ini tiap ujan ga dpet mulu pengemudi ampe berjam2. gilak apa ini aplikasi mau nunggu ampe mati kelaparan?,1
Lamaa,1
"apalah udah 3 hari down Mulu, internet ku udah kenceng, mau pesen ae malah dapat notif internet mati",2
"gilak lo ya hampir 30 persen potongan ke driver saya sebagai kostumer harus lebihin lagi,lu enak enak di kantor parah sih minimal 10k kek ini parah bngt",1
"apasih makin kesini makin gajelas, susah dpt driver nya",1
"tiap gofood susah bener dapet driver ,mana gaada fitur buat bisa di batalin kalo nunggu kelamaan",1
pelayanan yang susah di temukan driver nya,1
praktis,5
gojek udah gak ada drivernya sekarang ya?,1
krisis ojol,2
"jujur saya hrs spek up masalah ini, saya sering kali terjadi terlambat pesanan, contohnya hr ini, niat bersama teman buka bersama jd saya pesan gojek, namun driver ga dtg2 pdhl saya pesan dr jam 4 bayangin dr jam 4 pesanan saya gd satupun yang nerima, hingga akhirnya saya batalkan buka bersama teman dan hasil saya buka hanya minum air putih doang! dan ini saya geser ke gofood saya pikir pesan gofood cepat dan sampai dtg cpt waktu, tp trnyta zonk! saya pesan makanan dr jam 18.15 smpe ini blm dtg!",1
susah dapat driver,2
cukup kecewa gara gara driver yg susah ambil orderan pas Butuh,3
Bagus n bikin nyaman,5
minus ketika susah cari driver gofood malah nambah waktu 40 menit,2
"akhir"" ini susah bangat kalo mau cari driver, padahal banyak sekali ada driver terdekat, biasa nya baru suka dapet 20 menit kemudian ada yg mau ambil, itu pun lokasinya jauh ke titik jemput",4
"untuk update kali ini,sangat mengecewakan. pesan go food lama sekali dapat driver. semoga diperbaiki kedepanya",1
"Akhir akhir ini sering banget nemu driver goride atau gocar yang asal ambil orderan, tapi posisi ngga bergerak/makin jauh. Jujur saya sebagai customer rugi diwaktu banget, apalagi kalau buru buru. Faktanya oknum seperti itu tidak mau cancel orderan karena takut susah dapet orderan. Tapi kalau kita yang cancel, malah kita yang susah dapet driver.",1
good,5
DRIVER GOJEK GOCAR PADA BANYAK DUIT ORDERAN JARAK JAUH AJA GAK ADA YG MAU AMBIL ALESAN JEMPUT JAUH MOBIL MOGOK!!!! EMANG GOCAR DOANG DRIVER BANYAK TINGKAH !!!,1
Alhamdulillah dapet Abang yang ramah banget terimakasih abang,5
mantabbbb trmksh dpt promo,5
driver sangat buruk. jika pesan makanan selalu terlambat dan kadang sampai tidak di antarkan. kadang menipu soal harga makanan jika saya tanya beda.,1
aplikasi gojek ini sanggat membantu,5
aplikasi tlol lemot parah pdhl jaringan lncar,1
ok,5
mohon untuk apk gojek bagian gofood nya tolong jam nunggu nya agak di kurangin kalo sekiranya udah 15-20menit ngak dapet diriver bisa di batalin dari pihak pembelinya ini harus nunggu satu jam baru bisa di batalin apalagi kalo nemu tempat makan yang mau tutup ngak konfirmasi atau dari pihak gojek nya ngasih info ke warungnya emang sengaja di lama² in tolong lah di perbaiki nunggu nya udh 1 jam lebih sampe kelaparan malah warung di tutup alhasil harus bikin pesanan baru ke toko baru nunggu 1 jam,3
susah bngt cari driver,1
pada saat kondisi hujan pasti sulit sekali mendapatkan gojek,4
makin kesini makin sulit menemukan driver padahal di gambar maps aplikasi ada tapi gak nyangkut nyangkut heran saya,1
terlalu lama,3
"Susah dapat driver, udah nunggu lama",1
aplikasi ga guna cari driver terdekat gak bisa kintil kintil,1
"payahh gak bisa diandalkan.. giliran butuh, aplikasinya eror, driver full, anehh.. padahal driver2 pada nongkrong",1
"nyaman bgt,pelayanannnyapun okee bgt ,sangat bertanggung jawanb ketika pesan gofood tapi datangnya berbeda,gofood langsung gercep atasi dan mengembalikan dana nya ,super super bagus bgt pelayanannya,mauu setia trs di gojekkkl",5
mesan go sen pun lama klii sdh sugih smua kah ftivernya ni butuk skli tdi sdh dpt malah di batalin 2x ga jls bgtt,1
"Driver nya profesional dalam bekerja,sopan & ramah.",5
good joob,5
ok,5
mantab,5
saran buat apl gojek. mending hapus aja fitur gojek go hemat.. yg tarif 6500 .. saya sudah beberapa coba pesan.. selalu dapat ojol yang jauh.. ojol jarak dekat tidak mau ambil pesanan saya.. kasihan kalau dapat ojol yg jauh..,1
"dri dulu emg selalu pke gojek tpi knpa akhir"" inii klo mesen GoCar/GoRide mesti selalu lama dan sekalinya dapet mesti yang jauh padahal banyak driver yang deket dri lokasi kita, dan kalau pesan gofood kenapa dapet driver nya lama bnget bisa sampai sejam lebih malah, smoga aja kedepannya gada seperti ini lagi.",5
driver nya ramah,5
tingkatkan lg pelayanannya,2
gojek nya sedang mudik jadi susah cari driver,2
"aplikasi aneh,udh melakukan pemesanan Gofood 3 kali malah drivernya sibuk, udah nungguin 4jam lebih buat pesan Gofood",1
mudah kalo mau makan,5
sangat the bast,5
aplikasi super b keren,5
"sistem DAJAL! Dzolim kalian! Disuruh nunggu makanan akan dibuat ketika datang driver, drivernya ga datang makanan saya ga dtg juga?! Tolong jangan persulit konsumen dan driver! Buat sistem yang ADIL, atau akan ada yang Meng-ADILI kalian suatu saat nanti dengan caraNYA.",1
"akhir"" ini susah banget dapet driver, pesen gocar nunggu lama 40 menit setelah dapet driver lokasi nya cuma 5menit aja dari penjemputan eh malah diem aja driver nya ga maju"" di cht malah diemin aja ga di bales akhirnya saya batalin aja, pesen makan pun pakai yg lebih cepet tetep lama bangett ampe kelaparan saya😭😌",4
Mantap,5
"ketika saya lagi buru2, susah sekali dapat driver. Ada voucher tapi malah jadi driver nya gamau kalo pake voucher",2
Banyakin promo promo lagi lahh,5
sekarang cari driver susah... kalau gak ada orderan pada gresulo...sekalinya ada pada gak mau ambil...sombong amat,2
"lama dapet drivernya -,",1
"aplikasi makin kesni makin gak jls, pesen makanan masa nunggu dapat drever 1 jam.keburu mati yg order, lagian orderan juga gampang bukan yg ribet.perbaiki",1
cepat singkat padat,5
Mantap,5
"sulit untuk mendapatkan driver,",1
sampah,1
saya pake gojek buat pesen gofood 2 kali semua makanan diambil dan dibatalin sama driver. jahat banget,1
aplikasi cacat susah dapet driver,1
mantapppp!!!,5
"makin lama makin susah dapet driver, mana batalinnya harus nunggu lama banget",1
dapet drivernya lama bangett,1
lama mahal lagi jelek bgt mending maxim murah cepet lgi nyautnya 👎👎👎,1
selalu nolak driver nya padahal lumayan 30rb ke atas,1
fun drive,5
DRIVER GOJEK PADA SOK GAMAU AMBIL ARGO DEKET MENTANG² MASIH DIBAWAH 20rb.. GILIRAN SEPI DAN SEGALA MACEM NYA AJA NGELUH MULU.. UDAH 3× DAPET DRIVER DITOLAK MULU PADAHAL JARAK NYA DEKET..,1
cepat tanggap ramah,5
kurang baik karena sudah dibtituk lokasih malah di kensel udh tunggu lama lama,2
"saya mesen 1, yg ke pesan 2 driver",1
2 jam nunggu bayar pake gopay ga dapat driver kecewa,1
sesuai harapan,5
good,5
mahal banget,3
makin kemarin makin lemot ini apk,1
"aplikasi kurang memuaskan, dapet driver lama pas udah dapet ditolak driver. udah pakai pencarian cepat tetep aja lama, pft",2
"jujur gak ngerti, performanya sekarang jelek bgt kyk monyet🤣 hampir sepuluh tahun pake gojek, baru kali ini sih kecewa bgt. pesen gofood, sampe sejam setengah gak dpt driver. pas dpt malah dicancel, ngechat cs buat dibatalin katanya gak bisa. tlg diperbaikin lagi sikap drivernya.",1
aplikasi dan drivernya komunikatif. suka pake gojek,5
sangat membantu,5
daerah ku belum bisa ...humm,4
Promonyaaa banyak,5
"driver nya sombong semua, selalu gak mau Nerima orderan padahal saya juga rela nungguin sampe telat",1
👍👌,5
"Saya sulit sekali mendapatkan driver karena selalu dicancel setiap kali saya order (saya pernah dicancel 7x berturut), padahal saya sudah menggunakan tarif standard bukan hemat. Setiap kali saya ingin menggunakan GoRide, saya tidak pernah mendapatkan driver sekalipun karena selalu dibatalkan. Kemudian saya tidak bisa menghubungi CS karena kendala ini, dikarenakan selalu dialihkan ke close ended question dan balasan AI. Akhirnya saya memutuskan untuk berhenti menggunakan app ini",1
bagus,5
kalo lagi hujan driver car pada gamau ngambil,1
susah dapet driver kalo g langganan dasar kapitalis,1
"LAMA kalo nyari driver gofood lama nya minta ampun, pdhl org udh kelaparan",1
cari driver susah sekalinya dapet malah dicancel,3
"DRIVER KEBANYAKAN NGELUH, JARAK PENJEMPUTAN JAUH DIKIT LGSG DI BATALIN!!!!",1
"gila sih, nunggu makanan udah 2 jam dan masih ngga dapet driver. untung masih bisa dibatalin, minta tolong evaluasi buat apk ini biar bisa lebih baik, krn akhir' ini juga dapet driver susah bgt.",3
makin mahal gajelas. udah mah drivernya beda kualitas sama dulu. sampah lah. kalo mahal lari ke driver sih oke. ini mah ke kantor,1
"No dark mode, and that is hurting my eyes.",1
bagus,5
"Bad banget anjir ini banyak banget sistem yang eror kadang nyari driver nya aja susah nya minta ampun ini saya udah hampir 2 jam kagak dapet"" padahal temen"" saya yang baru pesen langsung dapet driver",1
mantap,5
mantap cuy,5
ok,5
"apk sial, bkin malu. kumpul sma temen mesen gofood, drivernya ga nemu-nemu smpai sejam lebih. bkin ga mood.",1
sangat ok,5
banyak driver gocar ga niat kerja. dari aplikasi juga ga ada tindak lanjut. parah 👎🏽👎🏽👎🏽,1
Uda beberapa kali pesen goride/gofood luamaa banget dapat driver!!!! saran waktu max nunggu driver setengah jam aja supaya bisa dibatalin misal gadapat driver gofood!!! waktu nunggu 1 jam kelamaan!!!!! gini mau pesen lewat apk lain juga harus nunggu gofood dibatalain 1 jam!!!!,2
"tolong ya, setiap saya pesan makanan selalu gak pernah dpt driver & ujung ujungnya di batalin. padahal saya udh pesen diwaktu kondisinya gak begitu rame. tapi giliran saya pesen pke hp lain, langsung dpt driver.",1
Membantu,5
aplikasi simpel dan mudah di aplikasikan,5
"krisis ojol, susah dapet driver. argo tinggi tapi pernah nanya ke driver ternyata potongannya bisa 6-10rb. wajar driver pilih-pilih orderan. jangan membuat kebijakan yg hanya menguntungkan aplikator. pikirkan driver²mu.. kalau driver sejahtera saya sebagai customer ga akan kasih rating aplikasi jelek seperti ini",1
suka dikasih driver yang jauh banget dari titik penjemputan lebih dari 3 km mana pas jam macet,3
👍👍👍👍👍,5
LAMA MENUNGGU DRIVER TAPI GAABISA BATALIN,1
cepet,5
"bagus , pelayanan baik",5
"seneng banget pake aplikasi gojek ini, apalagi suka banyak promonya the best lahh",5
ok,5
kenapa sih habis di update malah jdi rusak!!! titik maps nya salah mulu gak sesuai. aneh,2
ngelag ngeleg,1
Membantu untuk mempermudah transportasi,5
"ini aplikasi makin ga jelas sekarang terutama gopay cs nya gak ada respon, lemot dan gak bertanggungjawab.",1
"Sekarang gojek susah dapat driver adanya dapet jauh banget nunggunya lama, sempat lihat konten sosmed katanya merugikan baik untuk driver maupun customer 👎🏻",1
mantap banget,5
bagus',5
"makin k sini gojek makin ga jelas, udah 4 kali kejadian baru pilih2 menu mau lihat diskon otomatis k pesen , sampe banyak pula tanpa potongan diskon . pas d cek eror dan itu bukan d hp saya doang..d batalkan pesanan ga bisa , terlalu bertele-tele gojek",2
"aplikasi belakangan ini jelek bgt, sinyal 5g tapi gak connect, padahal di app lain lancar",1
"Malesnya pake gojek tuh gini, alamat ga bisa di edit. hari ini gara² masalah ini saya kena marah sama drivernya katanya ngasih alamat yg jelas...jdi saya mesen gomart,trus alamatnya krn masuk gg. saya ubah tuh nama gang dan no rumah,tpi pas udh di klik tiba² beda lg alamatnya. ga sesuai sama apa yg udh saya ubah... kesel banget, abang drivernya sempet marah² trus akhirnya saya jelasin pelan² dan saya minta maaf ke drivernya. kalo di aplikasi oren ngga pernah kaya gini.",2
GOJEK mantap 😁👍,5
membantu mobilitas 👍,5
ntap,5
trima kasih,5
Tingkatkan terus pelayanan nya,5
"Semoga Gojek bisa terus bertahan, dan bermanfaat untuk seluruh stake holdernya",5
oke,5
banyakin lagi promo nya,5
the best lah,5
ramah dan baik,5
sangat baik,5
"aga ngeselin yah.. soalnya ada waktu itu dua/tiga kali saya pesen gojek, saya dapetnya yang orangnya jauh dari saya padahal ada yang deket di disekitar saya, itu jadi memakan waktu yang lama edit: eh sumpah ya iklan gojek ngeselin bngt tiba-tiba di paksa masuk ke aplikasinya anj",3
satset,5
bagus,5
"saya customer bayar ongkir mahal tapi ke driver nya dapat dikit.. buat apa coba potongan aplikasi sebanyak itu? kalau potongan aplikasi nya segede itu untuk karyawan kalian yang jumlah nya kebanyakan itu, lebih baik efisiensi jumlah karyawan kalian",1
terbaik 👍,5
mamam tu kekikiran kalian terhadap driver,1
Oke,5
baik,4
amanah,5
membantu,5
josss....,5
"Saya sudah komplain tahun lalu tentang bagaimana DRIVER MENOLAK PESANAN YG TELAH DIAMBIL, katanya akan diperbaiki, tapi sudah setahun tetap saja begitu, gimana ini kak gojek? Sampai sekarang masih banyak driver yg MENGAMBIL PESANAN CUSTOMOR LALU MEMBATALKANNYA BEGITU SAJA, tidak adakah tindak lanjutnya? Atau dari kak gojek sendiri sistemnya ga bagus ya? Udh setaun ga ada perubahan, lain kali kalo gamau berubah gausah bilang mengusahakan berubah kak. Makasi",1
min tolong benerin bug pesen gocarnya gw pesen gocar sekali yg muncul 2 kali tolong ya min sudah kejadian 6 kali🙏 kalo udh bener tar aku b5,3
berbenah lah kalian,1
bagus banget,5
please dech klo drivernya bukan asli daerah yg dy jd driver. suruh baca noted pelanggan terutama untuk yg ada alamatnya y. karena terkadang google map tdk 100 persen bisa cari alamat itu.,3
"sudah edit tujuan, ongkos nambah tapi rute ga berubah anj",1
pelayanan ok tapi promonya di banyakin lagi,4
puas dgn pelayanan,5
percuma murah kalau susah dapat driver,1
"kalau ujung tombaknya driver, harusnya sejahterakan drivernya, masa cust bayar 16rbu drivernya cma dpt 7rbu doang, jahatnya mnta ampun deh, pimpinan gojek ga ada hatikah?lebih mentingin duitkah daripada manusianya?blm lgi biaya2 lain yg hrs di bayar driver, #gojekgakadahati",1
"Aplikator kapitalis — pantes aja akhir² ini susah dapet driver, ternyata emng drivernya yang pada minggat. Keknya ni mereka (aplikator) ga pernah ngeliat driver sebagai manusia — cuman data statistik yang bisa di otak-atik algoritma supaya bisa di keruk abis-abisan hasil keringatnya. PADAHAL KAN MEREKA TUH BISA DIBILANG PARTNER! TANPA MEREKA KLEAN CUMAN JADI APLIKASI SAMPAH. Thanks untuk driver yg berani speak up, ini penting bngt supaya orang² tau cerita di balik tombol ""order"" itu.",1
"bagus, dari 2019 sampe 2026 pke aplikasi ini",5
tolong di parbaikin sistem penjemputannya .,1
aq suka sama gojek tapi sayang di kota saya gojek di orang dulu ada tapi sekarang tidak ada lagi,5
susah cari driver,1
selalu mudah,5
uang refund ga dikembaliin,1
mudah,5
Alhamdulillah,5
ramah,5
dzalim,1
Menyenangkan,5
mantuuul,5
mungkin bagus,5
saldo kepotong dua ribu saat top up tanpa pemberitahuan.,1
"Akhir-akhir ini aplikasinya sering ngeleg, dan fitur nggak bisa digunakan baik untuk memesan makanan maupun ojek",3
ok,5
bagus,5
pelayanan sangat baik,5
"susah sekali dapat driver tiap Minggu padahal aku udh order jauh² sebelum jam berangkat ,akhirNya GK jadi ke sembayang. dapat driver malah d cancel² terus ,gak ada niat kerja ?",3
siip,5
tolong dong cepet diperbaiki masa iya booking 1 jam g ada yang nyantol,3
good,1
malah nyusahin,1
"gua sebagai pesepeda suka ngerasa ga nyaman, karena oknum ojol (ojek online) always ngambil jalur sepeda, agar tidak macet, tapi kita tidak mau jalur sepeda dijadikan jalur pemotor, jadi saya minta ke pihak gojek untuk mengatasi hal ini, belum lagi ada pesepeda yang rela menutup jalur sepeda agar pemotor tidak bisa lewat, gua minta untuk Gojek agar disadarkan",1
aplikasi kejam,1
memuaskan,5
cepat dan tepat lokasinya,5
Good,1
"Ojol2nya baik, tpi pengelola usahanya jahat, kapitalisme",1
susah dapat driver karna aplikator yg tidak sesui,2
keren dan bagus,5
oke,5
mantap,5
"ngasih cashback digopay g sesuai harapan,minta banding ga dilayani dengan baik dengan alasan ada tindakan mencurigakan,minimal ngasih cashback yang niat dong, terus untuk banding juga harus transparan kalau ga transparan sama aja kek kabur lari,saldo saya habis oleh cashback kalian sih. notis ga banding saya,buang buang waktuni saya demi kepastian kalian, jangan buat saya kecewa deh,saya kira aplikasi sebagus itu dan ternyata tidak(tolong ya kalau orang buat laporan atau keluhan jangan diundur )",1
bagus. .tanpa buang² waktu,5
"nyari driver kelamaan, gabisa dibatalin harus nunggu sejam an. dibatalin kasian driver udh deh hrsnya klo udh telat langsung bisa dibatalin bukannya tetep nyari",1
"sering bgt make tapi harganya mahal muluu kalo dibandingin sma punya temen yg jarang dipake, parah, gada diskon buat yg sering pake",1
"APLIKASI TIDAK JELAS, PESAN DARI JAUH WAKTU, GILIRAN DI KOMPLAIN SURUH CANCEL MALAH DIKASIH DRIVER. ALHASIL PESAN MAKANAN TIDAK KEMAKAN KARENA WAKTU SUDAH IMSYAK",1
"WOI GOJEK, ini pada kenapaa sihhhhhh sekarangg????? tolong sistemnya di perbaiki lagi deh, ngeliat berita tentang krisis ojol jd ga respect. tolong di benerin sistemnya kayak yang dulu dulu biar ga krisis ojol lg. Kasian Driver & Penumpang.",2
"susah cari driver dan saya jadi gagal sahur mana gabisa dibatalin lagi, terpaksa deh ga ikut puasa",1
"tolong kalo udah ga dapet driver setengah jam tolong adain fitur batalin pesanan nya, capek2 nunggu buat sahur malah ga dapet2, dan dapet nya udah setengah jam lebih, sampai imsak baru sampai",1
kenapa akhir-akhir ini susah dapet driver ya? saya kadang menunggu driver sampai 30 menit lebih itu pun driver nya jauh sekali,4
"akun saya kapan aktif lagi, gak ada jawaban di email selesai selesai melulu",1
bisa diandalkan untuk dimana saja,5
pelayan sangat bagus,5
sangat sulit mendapatkan pengendara ketika bulan puasa,1
aman terpercaya,5
cepet banget,5
segitu dulu ya karena suka di cancel dan lama drivernya,4
"kacau banget, udah pake ongkir yg mahal malah double order, harusnya setengah jam jadi sejam jadinya, kalo pake ongkir yg murah gapapa double order, makin parah aja lama"" ini driver gabisa ditrack, pesanan ampe dua jam, dari resto cuma 20 menit, jarak dari resto ke rumah cuma 10 menit.",1
bagus,5
Aplikasi bagus enak di gunakan,5
Selama sistem nya masih kapitalis saya ga bisa kasih bintang lebih dari 1,1
"makin ke sini makin elor, saldo gua 1jt lebih mangkrak gak bisa di transfer scane cide qirs juga gak bisa udah di coba bberapa kali,gitu aja terus, malh udah 2hari kalo tabungan udah bisa di ambil,aku unistal ni aplikasi",5
"Gojek makin hari makin aneh, jemputan jauh jauh teruss, CS aja mengeluh kan susah nya dpt driver yg aga dekt.. ga kira kira jemputan bisa lebih dr 3 KM. perbaiki lagi sistem nya",1
"pekerja di lapangan ada yg kecapean sampe mati, yang bagian office dalam kantoran kerjanya sambil party.",1
tolong klo emang lg ada issue dengan driver cepat diselesaikan jangan buat customer jadi pindah ke moda transport yg lain,1
enak,5
"bagus, driver selalu ada dimana pun dan jam berapa pun",5
tolong dong bug nya di perbaiki,1
mantap lanjutkan terus,5
"app brngsk,ad ojol oderr mkanan bnyk bgt di jam 5 ,w lngsng input tujuannya biar si ojol ga lama nunggunya klo udah di proses di dapur, karna biasanya yg oder di jam segitu buat buka puasa biar customer si ojol juga ga lama nunggunya,tempat gw rame sama tamu bukber pas aga slow jm 8 w baru ngeh oderan di cancel karna ojolnya kejebak macet ,ahirnya gw claim ganti rugi ,n di tolak.alasanya Makanan masi bisa di jual!!!tot w trima tamu skali seating doang,dan tamu gw po semua,alhasil gw bayar tuh",1
ok,4
"yang bener aja ,,,,nyusahin orang nih aplikasi",1
mantap,5
"4 Dulu untuk aplikasi, 5 untuk para driver²nya yang berjuang mencari rupiah",4
gojek peyanan bagus dan banyak promo bikin nyaman aplikasi gojek,5
jelek susah cari driver nya,1
"GOJEEK GAJELAAASSS, NYEBELIN BNGTTT.",1
bmantab saya bisa beli tiket go transit dengan krl tijet krl Jogjakarta palur bisa saya aksse tanpa harus gunakan kartru kmt lancat terus pakai gojek tapi akir akir.ini tolomg diperbaiki ya kenaeen data internT saya bagus lancat ada ganguan kensala di gojek ??perbaiikiagi,5
soalnya saya memakai gojek terasa aman sekali,5
"kapitalis,nyusahin semua org baik driver maupun konsumen",1
aman dan qmanah,5
pelayanan sangat burukk semakin hari semakin buruk susah cari driver di cancel tiba tiba tarif nya naik,1
mending maxim murah driver nya baik lagi gak kayak ini,1
"payah pokoknya payah, kacaaauu.",1
mantap,5
kalau hujan ntah mengapa customer dan driver dipersulit update lah sistemnya jangan mempersulit ketika lagi dibutuhkan weh. sudah banyak keluhan dari driver dan saya pribadi sebagai customer merasakan hal itu. adanya aplikasi ini untuk mempermudah hidupkan atau untuk mempersulit yaa? sekian terima kasih,1
"saya selalu menggunaka gojek , dan saya sebagai coustumer baru kali ini saya merasa kecewa terhadap 1 driver ,yang menurut saya attitude kurang , dan saya selalu memberikan tip/ongkir tambahan terhadap driver yang sudah membantu saya (tanpa mereka yang meminta langsung terhadap saya). Semoga dengan saya memberikan rating satu ini Coustumer service bisa membantu saya untuk proses lebih lanjut , supaya saya bisa memberikan rating lima",1
"sering banget susah dapet driver, sekali dapet jauh jauh",2
"Cari driver susahhhh, aku nunggu makanan ternyata kendala di drivernyaa dan akhirnya kena cc semuaa, mau psen di app lain udh ttup dlu resto yaa, kesel banget SUMPAHHHHHH, tlglah jangan dzolim gini, bntr lagi gojek bakal ilang klo sistem ya kayak gini",1
"tambah kacau, driver lama dapet, mau batalin gabisa",1
suka tepat waktu lg datengnya,5
"aplikasi tolol mahal banget, sumpah ga akan naik ini lagi bakal gua repost",1
thx bang,5
"Nih ya buat para driver² yang amat bagus dan pinter banget , kalo misalkan gabisa jangan di terima ya , udh nunggu lama malah di cancel dan kalo mau cancel chat dlu pelanggan biar ga nunggu, kan bikin kecewa pelanggan, ini gada sama sekali chat apapun, gada basa basi sama sekali, percuma motor NMAX bintang 5 tpi ga ada ngomong ke pelanggan mau cancel, bintang 5 lo ga guna",5
saya sangat kecewa dngn playanan supir2 diapk saran saya lakukan denda sama sopir yang tiba2 cancel tanpa alasan udh nunggu lama tiba2 cancel maksdnya apa si gajelas lama2,2
terlalu lama dn gak bisa di batalin,1
bagus,5
cari drivernya lelet. makanan saya udh selesai dibuat cari drivernya susah bangt.. mana cs g bisa ngasih solusi apa apa,1
"Susah cari driver, thank u",1
disaat saya sakit aplikasi ini sangat membantu untuk orang seperti saya yang hidup sebatang karang😂😂,5
gojek banyak lama ya,5
Terlalu banyak notifikasi,2
"Serba Ok, dech... TOP! 👍",5
"Tahun 2021 saya sudah komen ongkir gofood sangat mahal. Sekarang tahun 2025, ongkir tambah mahal lagi. Udah harga dari merchant di mark up, ongkir mahal gak ngotak, eh ditambah biaya jasa aplikasi. udah gitu kalo hujan kacau dah. suaah banget dapet driver Dan parahnya, semua driver kalo kerja sesukahati. kalo lagi mood narik, ambil pesanan, dll. kagak ada regulasinya. begitu dikasih regulasi eeh malah demo. mau penghasilan tinggi tapi gak mau diatur, kerja sesuka hati, pelanggan gak digubris.",1
SUSAH BANGET DAPET DRIVER,1
"susah sekali mendapatkan driver, bahkan gofood pun lama dapat driver",1
"gak jelas,posisi drivee terlalu jauh terus",3
"gosend instan lama, udh nunggu sejam ga dpt dpt, tau urgent, pke gojek biasa gamau driver ya aneh",1
keren makanan ngatarnya lebih cepat,5
"kerren cepat sampai, tidak ribet",5
"sangat mengecewakan, ndak ada perbaikan samsek",1
susah cari driver,1
senang sekali pake aplikasi Go-Jek dr lama Krn bisa dpt poin dr aplikasi Gopay 🥰🥰🥰🥰,5
"nyari driver dari jam 7.40 gak ketemu ketemu,sudah hampir 30 menit not respect",1
mantaap suskses selalu,5
lumayan banyak promo🤩,5
"sulit banget dapet driver, padahal driver seenaknya nolak tp cancel diminta dari yang mesen, ga jelas banget, harusnya yang ga mau yang harusnya cancel, bukan dibebankan ke customer",1
sulit mendapat driver,1
gak sesuai yang di pesan,1
respon masih lama,3
suka bagat,5
"pembatalan sepihak,syaa sudah menunggu makanan sekitar 1,5 jam,tidak ada kejelasan tiba tiba makanan di cancel oleh pihak gojek !!!",1
"Tolong dong ketika mau pesan makanan di usahakan cepet pencarian drivernya,saya cape nunggu 1 jam lebih setiap mau pesan makanan ,udah fast driver juga lama banget dapetinnya, yang nunggu Udah kelaparan ini",3
"YANG BERGUNA DISINI CUMAN GOPAY DAN GOFOOD, itupun kadang lambat. kami REMAJA punya BATAS JAM PULANG, kenapa SUSAH banget nyari driver dah. Aplikasi dibuat untuk fleksibilitas pengantaran, tapi gabisa pulang di jam MALAM +Tempat SEPI & GELAP",2
"enak pake gojek, walaupun tadi banyak yang cancel orderannya",5
puas sangat terbantu,5
"Kenapa ya kalo pesen goride yg pilihan hemat susah banget dapet drivernya. kalo emang nggak mau ya mending pihak gojeknya nggak usah nyediain tarif hemat. Sekarang gofood biaya penanganannya yg bikin mahal. Apalagi diskonnya juga kebanyakan syarat. Padahal pesaingnya pada murah, pantesan aja sekarang pada pindah ke aplikasi lain. Ditinggal customer bukannya introspeksi malah naikin harga. Buat kalian pindah aja ke Shopee food. Pelayanan lebih bagus, pengantaran lebih cepat.",1
aplikasi dzolim ke driver,1
lemot,3
saya mau order di prosesnya lama sampai junggu 2jam lebih malah di batalin,1
"kalah sama shopee food, driver gojek banyak yg malas pick up makanan, 2 jam nunggu ga ada yg mau ngambil",1
"boking terlalu lama datengnya, harga permenit berubah ubah,, makin lama makin sinting harganya. lbih baik Uninstall",1
"drivernya serakah, lama, ngeselin",2
"kemudahan layanan,sangat berguna untuk kebutuhan tranportasi dan delevery makanan",5
"errorr app nya pas klik game GOCAT harian coin ga masuk2, yang saya maksud itu fitur game GOCAT kan ada misi/task harian yg harus diselesaikan kalau udah diselesaikan dpt GopayCoin, sy sudah selesaikan tp kenapa skrg bug2 GopayCoinnya gak masuk ke saldo gopaycoin saya padahal jumlahnya ampe 2000 s.d 3000 Gopaycoin... ... KENAPA ini? udah beberapa kali bbrp hari belakangan ini aq mengalami seperti ini Kenapa ini?? bolak2 udah aq cek selama lebih dr 24 jam malah, makanya aqKOMPLAIN beginian",1
cacat apk nya skrng.. pas nyari driver susah bngt smpe berjam2,1
mending pake maxim asli,1
"minimal potongan ke driver jgn besar2 ...Lo manusia jg kan?Lo ga mikir mrk semua nya apa2 sendiri ,mulai dr motor ,bensin ,tenaga .KLO rusak apalgi..otak Lo dipake ya.jgn meres keringet org aja taunya ...",2
"pesen gofood 2 kali gagal karena gk ada driver, mana nunggu cancel nya lama",1
makin susah dan gak bisa di andalkan,1
"tidak menerima pemberitahuan pesan, susah membatalkan pesanan, sulit meminta bantuan CS.",1
"Tolong perbaiki lagi sistem nya ya, saya susah untuk mencari gojek dan mempersulit para pelanggan",1
Driver gojek pada belagu ya skrg banyak yg di tolak mentang2 ongkos nyah murah padahal ada lebih nyah 2rb,1
"Pelayanan aplikasi ini awalnya sangat bagus dalam menangani customer. Namun akhir-akhir ini saya pesen gojek selalu di cancel, sejam nunggu driver dgn 10× lebih di cancel. akhirnya minta tolong temen walau jg dicancel mulu. plisss dong pihak Gojek perhatikan kesejahteraan driver & customer supaya ini ga terus berlanjut",3
udah hampir 3 jam.. belum dpt driver.. aplikasi bangke emang.. buang2 waktu,1
"tolong ya udh bertahun tahun pake gojek kok makin lama makin susah dapetin drivernya, giliran udh dapet malah sering di cancel. gini ini kalah dalam keadaan buru"" jadi makan waktu banyak buat nunggu dapet driver",2
"skr susah bgt dpt driver, gerimis dikit gk mw, apalagi pesen gofood, berjam² nunggu driver, gk jelas bgt",1
"parah bngt, saya mesen makan dari jam 5 kurang sampe jam 6 lewat ga ada satupun driver yg mau ambil, lapor k CS pun ga ada solusi dan alhasil dibantu batalin pesanan. buset sejam gw nunggu dan sia2 nahan lapar",1
sangat tidak rekomen saya pesan goride/gocar tidak kunjung dapat bahkan hampir 1 jam baru dapat,1
"Lumayan suka sama app ini karna memudahkan untuk memesan makanan, tapi sayang sekarang gak ada map untuk mantau posisi driver saat lagi di perjalanan ngirim makanan, hasilnya driver nunggu lama didepan rumah.",2
aplikasi ini sangatlah penting bagi yang ingin berpergian tp kita tidak punya sepeda,5
sekarang gojek sering double order jadi lama kalo nganter pesenan,2
susah dapat driver sekarang.,1
"sulit mencari driver, hampir 1 jam saya order gosend tapi ga ada yang mau ambil",1
bagus,5
"saya hapus lagi,,, semakin hari semakin susah cari driver.. kasian drivernya mungkin ada kebijakan dari sana yang membuat mereka jadi susah buat di order.. gak ada bintang 0 jadi bintang satu",1
Terimakasih atas aplikasi ini mempermudah di gunakan saat keadaan darurat ataupun dipakai sehari-hari,5
mantap,4
"di bulan ini aplikasinya jelek. udah tarifnya mahal, dikasih driver yg jauh, padahal yg dekat ada banyak. tolong algoritmanya diperbaiki lagi. jangan nyusahin customer",2
pesen go foof udah lewat dari 2 jam belum juga dpt driver tbtb orderan saya dibatalin. JAM NUNGGU CM BUAT DIBATALIN???,1
"bikin gw marah ni gojek,masaan gw nunggu dua jam lebih driver masi cari",2
"lama banget nyari driver nya, mana ongkir nya lama, habistu ga sesuai estimasi, haduuhh",1
"ga dapet"" udah 1 jam",1
"40 menit nunggu driver dan di cancel terus alasannya ""jauh jemputnya"" padahal cuman 10 menit",1
lebih banyak pilihan,5
aplikasi tolol,1
sangat murah,5
"barang siapa yg bisnis dengan cara ruba maka allah akan berikaan kesulitan dalam hidupnya, dan mencabut keberkahan dsri rezekynya . Ongkir naik, masa driver dpetnya kecil . .",1
"susah dapet driver, males",1
ok,5
sangat membantu,5
susah dpt driver,2
"driver nya lelet, udh itu aja",1
"Ini algoritma gojek gimana dah, lama² aneh. ada driver deket malah dikasih yang jauh. aneh banget nih aplikasi.",1
"lama nyampe, driver minta dibatalin tanpa alasan, nunggu buat batalin juga lama.",1
minimal kalau driver ga mau ambil ada fitur batalkan ini tidak bisa batalkan mau nunggu berapa lama lagi saya,1
driver nya males males masak pesen goride sekrang lama banget dapet nya,1
aplikasi nya sangat bagus untukk kemana mana,5
apk busuk susah dapat go gride nya . padahal jalur kosambi telagasari numpuk gojek,1
Cari Driver 4Jam,1
"kalau driver tidak mau ambil pesanan, mending langsung cancel aja, kita nunggu ada setengah jam driver tidak bergerak sama sekali",3
"Aplikasi sering dapat Driver jauh jaraknya 3-6 km, apa ada yang error dengan System Gojek? Apalagi ketika Hujan Deras, Driver seakan-akan tidak ada yang mau antar jemput? Harus nunggu 1 jam baru dapat Driver yang mengantarkan pulang. Tolong perbaiki System Gojek dan kemitraan kembali seperti awal GOJEK hadir di Indonesia. Saya beri bintang 1 dahulu, jika ada perbaikan saya akan ubah menjadi 5 bintang. Kenapa System masih saja nyangkut dengan Driver yang jaraknya Jauh. Estimasi 10 menit.",1
pesan orderan lama,1
sekarang lama bngt kalo mencari driver:(,3
"halo PT GOTO, tolong benerin ya untuk pencarian drivernya, akhir² ini dibulan MARET 2026 SULIT SEKALI MENCARI DRIVER, GOJEK MAUPUN GOFOOD, sudah 5x nunggu tanpa kepastian. lu klo jdi manusia nunggu lama tp gda kepastian bete kan? tolong benerin yg lgi kacau sekarang, thx u",1
makin kesini makin susah nyari deriver ngga kaya di aplikasi sebelah,1
jelek,1
kasian c abah tukang cilok aku liatin dr tadi nungguin pembeli blm ada yg beli... kasian juga aku di jam jam rawan susah bgt dpt driver...emg sii mungkin lg pada buka puasa tp aku juga pengen pulang biar bisa buka puasa 😥... ketambah klo ujan dikit aja...gada yg nyantol satupun...akhirnya ngeteng pake angkot.ini tuh di tmpat aku aja ato samaan dtempat laen juga... tdny mo hapus aja...tp kadang ada juga driver yg baik hati meskipun aku pilih mode hemat tp aku ga tegaan pasti aku lebihin ...,5
"Kenapa dah ini? baru dapet driver 1 jam kemudian, ga cocok bgt buat mau buru2. padahal posisinya disini saya kejar jam, tolong di perbaiki lagi ya untuk drivernya terutama di daerah Surabaya",2
ok,5
nyaman pakai gojek,5
tarif nya tolong di turunin lagi,5
damn good,5
dzolim,1
sekarang nyari driver susah.,1
"bangke, baru kali ini order goride Deket doang aja gak dapet dapet, di maps banyak driver tapi yg nyangkut yg jauh Mulu mana udah 10 kali di cancel trus padahal drivernya dikit lagi sampe... ini driver atau aplikasi nya yg usang..",1
kalo bisa gojek tambahin fitur pembayaran Qris,5
busuk susah banget dapet driver yang mau antar gofood,1
so far so good thank you,5
mantap,5
sangat membantu urusan urgent,5
ramah dan baik trimakasih,5
nyari driver susah ongkos mahal giliran dapet nitip dibelikan ke warung ga bisa padahal ditambahin juga,1
sekarang pesen gojek lama banget nungguin driver jaraknya jauh2 bisa smpe sekiloan .,2
keren,5
"aplikasi gajelas! driver pada sombong gamau ambil orderan pdhl disekitaran saya banyak driver gojek. mentang² saya mesennya yg versi hemat, langsung pada gamau ambil orderan. bukan apa² ya, mau mesen yg normal malah mahal bgt harganya gak ngotak, pdhl jaraknya gak terlalu jauh dan masih terjangkau, tapi harganya bisa >20rb. saran saya mending apus aja sekalian versi hemat nya biar gak ngerugiin org, harga normalnya juga jangan malah gak normal untuk jarak dekat.",1
drivernya ramah motornya baru😃,5
"driver numpuk tapi ga ada satupun yg mau ambil, sampai nunggu 1 jam, driver kok pilih2 rute, tolong ditertibkan",2
"lama bgt sumpah nungguinnya 1/2 jam belum dapet driver"" emng kocak ni apk padahal cuaca juga terang ga ujan",1
tepat lokasi,5
mantap,5
mantap♥️♥️♥️,5
dzolim,1
kalo dpt suka diem doang kaga jalan chat ga di bales².,1
"susah dapat drivernya,, parah gojek malah mundur,",5
bagus ramah,5
"Jelek, bisa-bisanya ambil gosend instan dah 2 hari nggak Nemu kurirnya. Kalau kekurangan driver dibuka lagi tu lowongan nya. Jangan sok merasa hebat dengan driver sedikit itu, dah tau sekarang orang-orang pakai jasa pengiriman. Jelek, dah tu potongan argo ke driver gede banget lagi. Suka kasihan sama driver. Customer bayar mahal sampai di driver cuma 50%. Apaan begitu",1
good,5
susah pesen kurirnya sekarang,1
nice,5
"driver harus di manusiakan , jangan hanya jadi sapi perah!",1
gaje,1
"pesen food pakai tunai belanja dibawah 100rb nunggu sampe 2 jam, giliran belanjanya 300-500rb cepetnya banget cuma 30 menit tiba-tiba udah didepan rumah aja 😁, oh gitu cara mainnya 😁.",4
"Parah sistemnya kacau, bayarnya makin mahal tp ke driver kecil bgt, mana dibikin susah dpt driver dipentalin yang jauh2. Pakai comfort aja masih dipersulit. Aplikasi dzholim!!!",1
"perusahaannya tidak memanusiakan para mitra, jahat bgt. para petinggi perusahaan dan yg buat kebijakan kalian dzolim sekali",5
susah dapet driver,4
makin lama makin ancur ini aplikasi,2
"menyebalkan gak bisa hapus riwayat, mau hapus akun juga gabisa kalo saldo gak 0 rupiah. pdhl saldo kita sendiri. kenapa dipersulig",1
"Bermanfaat, terima kasih.",5
"ketika susah dapat driver tidak bisa dibatalkan sangat membuang waktu, makanan tidak dapat, cuma di ganti voucher, buang buang waktu nunggu, kenapa tidak dapatkan driver dulu baru bisa di konfirm pesanan nya, supaya tidak membuang waktu pemesan,",1
"gojek gajelas, awal mesen harga 18k, di cancel gara2 posisi driver jauh, pas mesen lagi harga malah berubah jadi 58k padahal jarak cuman 3km. anehhhh...",1
nyiksa driver nih ya,1
simple dan lengkap.dan mudah me gunakan nya,5
ok,5
Map parah jelek ga akurat sama sekali.,1
susah bgt sekarang dpet driver.. sekalinya dapet malah ga jalan2 👎🏻,1
ga respeck lagi sm ni aplikasi,1
mantap,4
keren,5
Adanya gojek sangat membantu disaat² butuh pengiriman barang dlm wkt cepat. Terima kasih Gojek,5
"Sekedar masukan, filter tipe menu makanan di perbaiki lagi. Jangan setiap resto yg ada tipe makanan yg di cari di masukin semua. Contoh: saya mau cari makanan khas korea/Jepang/thailand, nah yang keluar itu restaurant yg jual satu atau dua menu yang ada nama ""Korea/Jepang/thailand"" tersebut bukan restaurant yang menjual beraneka macam makanan ""Korea/Jepang/thailand"" tersebut",3
oke,5
bagus sekali,5
"biaya adminnya gede banget bagi driver, perusahaan kapitalis cuman mikir untung, jelek",1
mantap,5
"gw sering on off aplikasi karena gw ada orderan OFF LINE,percuma lu kasi gw uang cash,ujung2 nya nyiksa mitra,sekarang banyak pelanggan NGELUH susah cari driver,itu karena PERMAINAN elu jg,lebih besar ongkir off line dari pada go food jarak dekat cuma 5000",1
Susah Dapet Driver,1
"pesan gojek/gocar sudah dpt driver tapi malah menjauh, drjver jg susah sekali dihubungi dan ga bisa cancel, buang2 waktu jadinya. banyak juga driver yang merasa customer nya cuma numpang dimobilnya padahal kita bayar. rata2 mobil motorny juga kurang bagus (ga terawat. ex: ac panas, berdebu, dll), driver juga banyak yg ga profesional dan attitudenya jelek. TOLONG SEMUA DI BENAHI DAN JANGAN BANYAK ALASAN",1
Driver SUSAH,1
cepat,5
tetap pertahankan kualitas aplikasi nya.,5
sering perbaikan tpi lama banget kelarnya,1
muantapppl,5
"nganter paket shopee pake gojek sameday, udah 1 hari masih belum dateng gojeknya",1
aplikasi buruk,1
gokil,5
"Sengaja rate di sini soalnya kalo di gojek driver ga pernah di respons developer apps, maps versi terbaru UI nya sangat tidak nyaman , akurasi rendah dan membingungkan driver , trip searah juga tidak bisa di gunakan",1
atasi dulu noh driver loh kasihan jadi sapi perah,1
"tolong lah kenapa setiap saya mesen gojek selalu dikasih yang jauh, tergolong mahal juga dibanding maxim, bahkan meskipun sudah saya tambahin masih dikasih yang jauh, dan seringnya ga di ambil juga, kecewa sih",2
selalu puas pakai gojek,5
ok,5
agak lama sekarang klau oder makanan,3
ngapain pake kerja sama sama tokped dan shopee kalo mitranya males pick up oder jarak 5km ngga mau dipick up pantes mitranya masih gitu2 aja,1
oke,5
"Terimakasih, tetapi ada kecewa dikit. ada oknum driver yg tidak mau jemput dengan alasan jauh, ganti ban. benar apa tidaknya itu pribadi masing².",4
mantap,5
ok,5
kecewa dengan sistem aplikator,1
selebihnya oke,4
baik,5
Pelayanan driver 90% yg saya alami baik² ramah². Tp bagi saya justru kendalanya ada pada sistemnya. yg sering kl hujan di ksh driver yg jauh dr lokasi pickup. kasian sm driver dan kostumernya. trs biaya layanan kyknya agak mahal bagi saya. pdhl kan perusahaan sdh memotong dr tarif driver. tolong potongan buat driver jgn terlalu banyak. kasian mrk hanya untuk menafkahi keluarga bukan untuk memperkaya diri. smoga saja saran saya bs buat masukan GOJEG. 🙏,5
aplikasi bgssst kenapa fitur chat di matikan saat aplikasi berjalan,1
goid aplication,5
pelayan nya baik dan drver ramah,5
aplikasi bobrok. bisnis gak jelas semua di jadiin satu aplikasi yg awalnya cuma aplikasi transportasi dan pesan makanan sekarang ada fitur2 yang menggangu macam Gopinjam dan Go paylater yg rawan penipuan dan dengan gampangnya mencairkan pinjaman tsb tanpa verifikasi yang ketat dan tanpa konfirmasi via telepon. kalo u mo buat aplikasi pinjam mending u buat aplikasi baru jangan di campur2. cuma bikin konsumen resah aja pake aplikasi ini. gak semua sadar bahaya aplikasi u. cm penipu yg senang,1
bosok..!!! server e kerep sibuk,1
"Not recomended, please be kind to your mitra👀🫸🫷🥹",1
oke,3
"selama ini bagus driver ramah""",5
gojek sangat memudahkan.. dan pilihan lokasi lebih lengkap dr apk lain.. 🙏🙏,5
pelayanan cepat,5
"apk jelek, pesen driver 3x di cancel giliran di cancel malah dateng driver marah²",1
aku saranin aja min ada perbatasan usia minim aja yah min aku dapet Drive udah tua banget ya gimana sih min kalo orang tua ngomong amburadul terus ngomelin aku karna aku bolak driver pertama padahal min aku gak ada nolak driver sama sekali min langsung dapet bapak bapak itu min ya terus min kan udah tuamu seting dikit dikit berhenti di jalan min kalo dapet orang yang keburu keburu min gak kyk driver yg lain ya lebih baik min di kinimkan aja usianya min,5
like,5
fast and clear,5
pelayanam baik,5
"suka lama dapet driver pas mesen gofood, sekalinya dapet di cancel, udah gitu kalo pas sahur suka ilang jaringan padahal buka apa aja bisa cuma buka gojek doang yg ngeleg, driver suka lama males gatau org laper",1
"Habis baca pengalaman driver, ternyata se Kapitalis ini",1
mantap,5
kurng memuaskan dengan gojek skrng banyak supir 2 sering minta cansel,3
Memuaskan,5
goood,5
gojk mantap,5
Gojek sgt tepat dlm penjmbutan,5
parah banget susah bener cari driver. di cencel melulu,5
sangat puas dengan pelayanan. penjemputan dn pengantaran sesuai titik lokasi kita. semua driver Rama.,5
"please, be kind to ur mitra, semua orang sedang berjuang in this economi, apalagi para driver 🙏",3
Selalu ada cara buat Nyiksa Driver. luar biasa 🙃,1
membantu,5
"sekarang susah dapat driver, kalau disini nungguin drivernya >15menit. kalau aplikasi tetangga sebelah gk nyampe 5 menit",1
woi drivernya lamakkkk,1
pola sistem penerimaan orderan gojek itu d ubah....masa orderan di kasihkan driver paling jauh sedang di sekitar t4 pengambilan orderan itu byk driver mangkal...malah yg jauh dapat (3-4km)... kasihan drivernya bos.... motor yg di gunakan itu pake bensin Klo anda mau Brantas fake GPS langsung aja di cut/suspend akun yg terindikasi menggunakan fake GPS... kasihan drivernya bos,1
"jangan zhalim ke driver. Customer bayar 50k, yg diterima driver cuma 26k - 21k, gila lu",1
mudah digunakan dan completely,5
gaada yg bener drivernya,1
mudah pengapliasiannya... byk menu dan mudah,5
driver banyak yang dekat malah dikasih driver yg jauh posisi juga mesan juga bukan jam padat,1
"kejam kalian, nyiksa driver dan customer kalian benar2 kapitalis!!!",1
app Dajjal loe ..potongannya gede masuk ke drivernya dikit tolong perlakukan driver selayaknya ..,5
"Jujur bintang 1 aja menurut aku gak pantes buat kedzolimanmu. Jadi org yg punya hati nurani dikitlah. Lihatlah tu para mitra ojolmu sengsara kayak gitu. Kasian juga kostumer banyak yg bingung krn ulahmu. Dunia emang gak adil. Tapi aku percaya sama Tuhanku, besok di akhirat kelak ada pembalasan.",1
"Lambat sangaat lambat, keluhan customer tidak ditanganin secara serius",1
jgn potong terlalu besar .kasian driver . mna skrng susah cari gojek bnyk yg nolak,3
aplikasi gojek sekarang buruk,1
bagus,5
maaf kata saya pesan onlain susah dreper ada berapa hal yang bikin anak 1 ordernya jangan pake hemat 2 kasih dreper bintang 5 dan tif jangan pelit 3 jangan pake gopay pasti banyak dreper ambil orderannya 4 pesan gopood janga. pake GO-SEND bos,1
GOJEK MEMANG OK BANGET DI BANDING YANG LAIN,5
2 kali pesanan ku di cencel ama sistem gejals banget padahal drivernya udh di depan resto .. mana setelah itu ongkirnya makin naik padahal lokasinya sama,1
ok,5
para driver bisa diandalkan,5
mantap deh pokoknya🔥,5
"cukup tegas program sistemnya, supaya kinerja jasa antar maksimal 👌👍",5
"aplikasi ga jelas, pesen bike dapetnya jauh bgt pdhl di sekitar banyak. udh gitu harganya naik 2x lipat.",1
mantap bener,5
good banget,5
goodjob,5
"pesanan instant atau food di gabungin sama costumer yg lain,jd lama bgt. kecewa",1
kerja bagus,4
"Edit review : gojek sepertinya sudah berbenah. skrg sudah banyak diskon ongkir. kalo ada kendala sama resto misal resto tidak memberikan pesanan yg lengkap, tinggal ajukan pengaduan ke gojek dan langsung ditanggapi oleh CSnya. fast respon banget. Terus berkembang untuk jadi lebih baik lagi ya gojek. Semangat !!! 💪💪",5
sangat membantu saya di dlm setiap aktivitas saya setiap hari gojek dan gopay memanga ok dan top is the best deh 👍👍,5
sila ke 5 ilang buat partner kalian sendiri..,1
lemot ga jelas apk mya padhal internet bagus,1
mantaaabbb.. bermanfaat..,5
bagus,5
Simple,5
mantap,5
"server eror mulu, padahal internet lancar cuma muter2 doang",1
kebanyakan update,3
"gak usah ada go ride hemat kalau dapatnya aja susah, tetep aja ujung2nu pake yg biasa",2
sangat membantu,4
selalu dapat driver yang jauh jauh,1
"dpt drivernya lama bgt. harganya ga ngotak, pdhl tujuannya ga jauh dan ga macet jga",1
"resto udah tutup, nggak bisa di batalkan mana lama lagi estimasi sampai 1 jam, ditur chat ke resto juga nggak ada, chta ke cs full bot nggak bisa komplen, sampah banget nih apps",1
aplikasi parah ini. nyiksa mitra dengan bayaran kecil banyak potongan kasian mitranya. padahal mereka tidak mengganti mitra jadi kaya lintah nyedot darah mitranya,1
"g suka bgt sering di cancle, skrng hrgany ga ngotak mski ga ujan",1
baik,5
good aplication,5
cari driver makin susah,1
kenapa klo hemat driver suka gk mau ambil,1
susah nyari driver sekali nya dapet jauh,1
"jgn pinjam di GO PINJAM (angsuran ke 2), telat 1 hari di teror tlpn terus menerus & di chat wa tdk ada etikanya... sy sdh blng (stlh terima uang setoran dr sopir yg pakai mobilku utk Grab,maxim & gocar sy langsung setor dan benarkan sy langsung stor) Sy akan lunasi percepat (ANGSURAN KE 3), Tokopedia Hapus, jual semua saham GOTO, Hapus mitra Go Partner. KECEWA !!!",1
"TERUNTUK PT GOJEK PERBAIKI SISTEMMU KASIH FITUR ""BATAL PESANAN"" PADA RESTONYA, KARENA SAYA SUDAH PESAN MAKANAN MENUNGGU LAMA KARENA CARI DRIVER SUSAH, YANG SALAH BUKAN RESTO / DRIVER TAPI SISTEMMU, KALAU MEMANG LAMA DAN JAM SIBUK SEHARUSNYA RESTO DIBERIKAN KUASA UNTUK BATALKAN PESANAN, SAYA SAMPAI DATANG KE RESTO DAN SAMPAI PARKIRAN LANGSUNG DAPAT DRIVER, BAHKAN SAMPAI PICKUP SENDIRI MAKANAN SAYA AKHIRNYA APA YANG DIRUGIKAN GAK CUMA PELANGGAN TAPI DRIVER JUGA, SILAHKAN PERBAIKI SISTEMMU!!! 😡",1
jek gokilat belom dapet THR BHR ni kacau,1
"SEKARANG SISTEM GOJEK UDAH BOBROK. KASIH ORDERAN DENGAN JARAK JEMPUT LEBIH DARI 3 KILO, DAN ESTIMASI SAMPAI DI TITIK JEMPUT 15 MENIT. SIAPA JUGA YG MAU AMBIL!!!! ARGO TUH DIHITUNG DIMULAI POSISI DRIVER MENDAPATKAN ORDERAN, BUKAN DARI TITIK JEMPUT KE TITIK ANTAR. NGOTAK DIKIT LAH, MANA DIPERBAIKI DIPERBAIKI. BUKANNYA DIPERBAIKI, MALAH MAKIN BOBROK. JANGAN PERNAH BILANG, PERMINTAAN SEDANG TINGGI, ITU BANYAK DRIVER KOK YANG DEKAT DENGAN CUSTOMER. PARAH !!!!",1
"Ahir ahir ini susah cari driver, mending uninstal daripada keki",1
aplikasi ini tidak dapat di gunakan padahal saya perlu pesan banyak makanan di gofood Sudah di coba berulang ulang tetap tidak bisa dengan notifikasi tidak ada jaringan internet padahal jelas internet nya tersambung,1
ga recommended... mending maxim,1
saya kelaparan satu setengah jam gara-gara mencari tidak ada drive. 🤬🤬🤬🤬,1
aplikasi lemotnya ampun,3
Driver gofood ganti-ganti terus dalam 1 pesanan. Yang estimasi 25 menit malah jadi 1jam 45 menit. Bahkan makanan belum ready di dapur karna di lewatkan terus sama driver sebelumnya,1
mantap,5
Jelek banget driver ga dapat²,1
memabntu,5
"sebagai pengguna gojek selalu saya benar"" kecewa akhir"" ini susah banget buat dapat driver kenapa siih tolong dongg kebijakan nya lebih baik , masih mending gwe bintang 3 soalnya selalu ketemu driver yang baik kalo ngga bintang 1",3
GOJEK GA OKE BGT SKRG SUSAH CARI DRIVER PADA JUAL MAHAL,3
oke banget 👍🙏,5
mempermudah dlm berpergian ke mn pun,5
mempermudah,5
sudah ramai costomer sudah dapat driver ketika jam sibuk dan ketika hujan. saya coba order dari spbu cawang tujuannya sebelum patung pancoran sekalinya dapat drivernya di mampang coba order lagi driver nya di duren tiga karena kasihan kepada drivernya jemputnya terlalu jauh akhirnya tidak jadi order gojek memilih jalan kaki saja. untuk aplikasi upayakan penjemputan jangan terlalu jauh yang berakibat costomer kecewa dan kasihan juga drivernya jika harus jemput terlalu jauh....,1
"aplikasinya bagus jd lebih mudah top up"" di game favorit saya.",5
sangat membantu sekali,5
sungguh membantu,5
Driver pada ngaco ditambah sistem lokasi nya kadang aneh suka bergerak gerak,1
user friendly,4
"Sekarang klw pesen GO-RIDE, susah, mitra GO-JEK nya banyak disekitar tp kayanya udh pada ga butuh duit. opsi bintang nol ga ada ya?",1
lama dapat driver,1
mantap,5
CARI DRIVER PAS MENDUNG GAK ADA ANJ..... PADAHAL TIDAK HUJAN JUGA.... AQ GAK BAKALAN PAKE GOJEK LAGI... AAMMMPPUUUNNNN DAAHHHHH,1
diskonnya sih gede² + banyak tapi untuk cari drivernya itu loh susah banget harus nunggu sampai 1 jam an lebih baru bisa dapat driver btw ini saya lokasinya di kalbar,2
"capek saya nunggu nyari gocar udah lama driver minta cancel sampe 3 kali gara-gara kejauhan. buang waktu aja, sistem cari driver nya itu loh benerin dulu",1
"ushakan kalau musim hujan jika pesan orderan,cepat dpt driver. kadang sampai berjam-jam GK pernah dapat driver",1
"Kesel bangettt woy, udah nunggu setengah jam lagi hujan bisa2nya di cancel, mana aku ga bisa pesen lagi gara2 terlalu banyak pesen",1
udh nunggu lama lama driver nya ga dapt dapat,1
driver pada males apa gmn si,1
tiap hari tambah bapuk ni aplikasi kyk mau uninstal aja,1
"udh lama,begitu dpt dicancel",1
ok,5
"susahhh sekalii mendapatkan driver akhir akhir ini, saya di buat menunggu begitu lama saat pemesanan ,lebih dari satu jam tidak ada driver yang mau menggambil pesanan",1
"gajelas,gd driver yg nrima orderan,pdhl kondisi cuaca cerah aja. begitu dpt g bales chat hmpir sejam pdhk mknan udh ditungguin bnyk org.dh pesen 2× di brand mknan yg sm smpe beda beda otlet grgr kena batal terus kelamaan.",1
pelayanan bagus,5
kadang ada driver yg cancel,4
aplikasi kurang lancar bos,4
kelamaan narik drive nya,1
"ini ojek nya makin lama makin susah dapet, udah ditungguin lama lama pernah malah di cancel sama drivernya . sistem penaltinya gimana sih gak jelas banget bikin emosi aja",2
kasih rating 4 dulu y nti klo baik saya tambahin gi bintangnya😊,4
bagus bener,5
"Susah banget cari driver ya? sekali dapat drivernya sengaja tidak bergerak, tanpa ada konfirmasi cancel atau dll. order seperti ini bisa di saksikan tidak drivernya? karena sudah membuang-buang waktu",1
"pelayanan di bulan ramadhan kurang banget,",1
jam sibuk sangat lemot,1
"benci x nngk gojek ini. ud 3x aku mesen ga dapat driver, dh lh gabisa di batalin, tunggu 1 jam dl baru bisa, gila sihh. pdhl ud ganti ke ekspress. kalo ga ad driver tutup aja tu go food lu.",1
masa pese gofood pake pengantaran paling cepet slalu susah dapat driver. nyari driver sampe 1 jam. terus ga dpt. di cancel resto. parah. tolong dong klo gada driver jangan suruh nunggu sampe 1 jam.,2
"setelah update apk tidak bisa terinstal lg di hp,tolong di perbaiki lg aplikasi nya txs",1
susah banget dapet driver... seenaknya aja driver milih milih... giliran dibalik ga seneng,1
kadang suka susah dapetin drivernya padahal cek radar banyak drivernya pada gak mau ambil,2
"waktu saya terbuang gara gara ga dapet driver makanan, pdhl makanan ini ada anak kecil yg makan jd hrs diburu waktu, masa sudah 2 kali saya pesan driver TDK ada trs, 1 jam lebih waktu saya terbuang sia2.",1
👍,5
sistem nya aneh . order gofood sebelum buka puasa sekitar pukul 17.xx dan 18.53 baru dapat driver . pesanan gak bisa dibatalkan . entah lah kecewa banget saya,1
"jangan pake apk ini, jelek 20 menit gua gadapet driver, aplikasi dongo ko bisa nyari driver doang sampe 20-30 menit? bahkan bisa sampe 1 jam?",1
makin susah dpet driver..lagi urgent driver cancel seenakny..Sering dpet driver yg lokasinya jauh,1
saya ada kendala makanan basi pas laporan yang jawab bot terus dan cuma disuruh kasih ulasan resto Langsung kabur tutup chat.gimana ini gojek Indonesia saya jadi rugi 26.800 loh refund gopay saya jangan gitu lah.scam ya,1
"susah nyari driver buat mesen makanan, udah mesen lebih dari 5 kali tapi ga dapet dapet, ORANG LAPER.",1
kenapa skrg nyari gojek lama bgt?? pdhl saya sering kasih tip. masa nyari doang lamanya sampe 20 menit 30 menit? ga hujan pula. apasih,1
"kesel sumpah,udah mah susah dapat drive,sekalinya dapat di kasih drive yang jauh,kasihan atuh... udah gitu pake ada acara cancel system apaan sih,dulu gojek bagus sekarang mah,bukan bantuin malah nyusahin.",1
Driver banyak yg tidak gerak,1
"ada apa dengan gojek sekarang, selalu diperbarui aplikasinya tapi susah dapat driver harus nunggu lama biar dapat driver",3
udah booking ber jam jam tp ga dapet dapet driver,1
penangan driver cukup lama mau itu goride atau gofood,2
nice,5
gojek makin ga beres.. makin ngaco.. driver dekat ada dikasih yg jauh sampe 9-12 km..,1
"makin kesini makin lama polll kalo pesen gofood, satu jam lebih baru sampai, driver susah dapetnya, padahal jarak toko ke rumah cuma deket. kalo pesan gojek/gocar juga sama dpt drivernya lama pol. kalo bisa dibenerin nanti dirubah bintangnya 👍",3
"GOJEK MENGGILA, MENTANG-MENTANG PAKE HEMAT DITOLAK DRIVER SEMUA, SEKALINYA DAPET JAUH BANGET PENJEMPUTANNYA, UDAH SERING BANGET GINI. UDAH DICANCEL, UDAH PAKAI OJOL SEBELAH TAHU2 APLIKASI DAPAT DRIVER LAGI, INI SIH CARI UNTUNG NGORBANIN DRIVER SAMA CUSTOMER",1
"kecewa sama gojek mesan di jam"" sibuk pada nolak semua drivernya",1
"susah banget gila dapat driver buat gofood, bayangin aja udah nunggu hampir 2 jam gadapet dan akhirnya dicancel percuma nunggu kebuang waktu 2 jam gw yg bener aja coba",1
pelayanan optimal,5
"posisi ga akurat, nyari driver lama masa 1 jam ga ketemu apa apa pas mesen",1
jos,5
nice,5
lama banget dpet gojek ny 20 mnt lebih ga dpt sdh pakek 2 hp juga gak dapet,3
"mesan go food harus nunggu 1 jam lebih alasannya karena sulit mencari driver, padahal driver bejibun. apakah karena driver prioritas malas Nerima orderan di jam segitu? kenapa tidak dialihkan ke driver biasa aja? opsi batalkan juga tidak bisa pakai menu bantuan, katanya cuma disuruh nunggu. kalau seperti ini terus, tentu pengguna aplikasi akan kecewa. ini terjadi sudah beberapa kali. seharusnya beli makanan untuk buka puasa, eh malah mau isya datangnya.",1
ongkir buat gofood nya parah bisa lebih mahal dari harga makanan nya,3
kemana2 bisa lebih cepat,4
"lama banget dapat driver nya padahal banyak yang dekat, buang-buang waktu",1
"aplikasi ngebug, pesanan katanya di batalkan trus tbtb muncul orderan baru, chat cs sulit 😣😖😫😭",1
"oke terimakasih saya sudah baca di email, tolong di tingkatkan kembali yaahhh.....",5
kenapa sekarang susah ya dpt ojol semuanya gojek apalagi pas dapat langsung dicancel,4
tiba tiba harga goseng jadi 3x lipat.. kan tolol.... untung langsung di Cancel... langsung gw instal GRAB EXPRESS.,1
"Lama banget dapet drivernya, padahal yg disekitar ada banyak banget",1
ok,5
sangat membantu dalam aktivitas,5
beda waktu dikit harganya naik sampe 20k bedaanya,1
mesen dr jam 3 same jam 6 kagaa ada yang ambil buset dah kebangetan bgt gojek makin parah aja,1
"aplikasi lambat, terlalu banyak memakai ram buat ngejalanin satu aplikasi doang... payah!!!",1
bagus,5
Good,5
"order lama, pekerja malas",1
"byk driver diskitar tp pd milih"" susahny mnt ampun buat dptin 1 aj gjls makin lama ni apk",1
good,5
susah cari driver dan mulai lemot sekrang gojek sekarang,1
pokonya oke 👍👍,5
ga mahal di ongkir,4
"sumpah yaaa, beberapa hari ini gajeee bgt ini aplikasi.. ga guna",1
greattttttt,5
"buruk, ketika sudah di terima oleh driver, dan driver sudah mau sampai, ketika ternyata ada perubahan tarif, dibatalkan oleh driver, tanpa konfirmasi",1
sip sangat membatu sekali untuk saat ini,5
aplikasinya bagus tapi selama problem driver yang pilih pilih penumpang belum diatasi akan saya berikan bintang 1 dulu,1
lama banget hampir sejam g dpt dpt drivernya,1
sebenarnya aplikasi nya bagus tpi org yg di gojek jahat ya? gamau nerima pesenan tpi gppa ngerti kokk bulan puasa,5
ajng bikin puasa orng batal doang ngntd,1
"app bodoh nyusahin driver. gw pesen makanan, estimasi tiba 11 menit. ojeknya baru jln 30 menit lebih dari tempat antaran dia yg pertama yg posisinya lebih jauh dri rmh gw. padahal jarak resto ke rmh gw lebih deket dripada yang ojek anter duluan.",1
"kok tiba tiba gabisa pesen goride?? katanya gada koneksi internet, padahal masih banyak, AKU GABISA PULAANGGGGGGG 👺👺👺👺👺",1
sistem buruk,1
"setiap pesen pasti dapetnta selalu lama, giliran udh dapet drivernya sering sekali cancel order. udah gitu skrg harganya ga ngotak, yg tadinya 20k bisa naik kadi 35k.orgil",2
susa h bgt untuk dapatin driver,3
"inilah wujud asli dari perbudakan jaman modern yang sangat nyata,potongan ke driver sangat besar. driver food hanya dapat ongkos Rp.5.000 sampai Rp.6.000 per orderan itupun harus tunggu direstonya 20 menit sampai 45 menit [satu orderan].Jarak orderan masuk ke resto [pengambilan] bisa 1 kilometer sampai 1,8 kilometer,belum ditambah jarak pengantaran. belum lagi jalan macet,panas,hujan dan permasalah perjalanan yang lainnya. ""orang melarat dilarang mengeluh di negeri yang sakit""",5
mudah dan banyak pilihan,5
bagus,5
"gila, pesen gosend satu setengah jam nunggu ga ada yang pick up",2
"aplikasi aneh, semua jaringan aman pas buka aplikasi ini doang yg ngelagggg parah, heran",2
"sumpah apk nya tu bagus banget si mempermudah penggunanya trs banyak fitur² gitu suka banget si apa lagi kalo kyk aku orangnya yang suka banget sama fitur baru, plis dong bikin gebrakan baruu adain fitur apa kek gitu, mode gelap atau apa gitu yang baru 😭",5
"aplikasi tolong diperbaiki lagi, maksudnya saya lagi ada di posisi A tapi Goridenya di posisi D yang sangat jauh.",1
sipp tingkatkan terus layanannya,4
Selama ramadhan susah sekali dapat driver go ride... dapet selalu jauh..pas dibatalin pesen lagi harganya makin naik... go ride hemat jg susah dapetnya.. kecewa berat sy pakai aplikasi ini,1
tepat waktu,5
lama menunggu,2
aplikasi nya bagus..pelayanan memuaskan,5
"Ekosistem tokped feenya besar banget, mending shopee",1
PELAYANAN BURUK! PICK UP DRIVER GAK ADA YG MAU AMBIL!,1
"saya kecewa. drivernya kasar, ngatain penumpangnya miskin dan maki maki penumpang, tolong lebih selektif memilih driver demi kenyamanan penumpang",1
parah update makin lemot,1
"makin susah pesan gojek motor sekarang, selalu jauh lokasi drivernya!",1
"hapus aja opsi gojek hemat, tiap kali diorder.. user driver nya kebanyakan gaya semua.. gak ada yg nerima satupun.. buat apa diadain gojek hemat.. gojek makin kesini makin kesana.. absurd gak jelas",1
"setelah update mlah lemot, kocak",1
semakin buruk pelayanan padahal lbh senior di banding aplikasi ojol yg lain tp sistem semakin buruk,1
penanganannya lama banget,1
"saya kecewa sama gojek, ketika saya diburu2, driver malah tidak ada yang mau nganter saya, kenapa gojek tidak memberikan penalty sama driver yang sering skip orderan berkali-kali, biar mereka disiplin",2
"Cuma gara² gak sengaja ke hapus, mesti daftar ulang GOPAY+, udah coba daftar ulang, selalu gagal, kartu identitas sudah di gunakan, nanya ke CS, sampe sekarang gak ada tanggapan, makin tambah ribet aja",1
ok,5
mantap,5
"Chat CS tp ga bs nulis. Cuma dikasih pilihan komplain. Pdhl mo nanya soal voucher gofood doang, td dipilihan ga ada. Trus cara tanya nya gimana?",1
mkin kesini mkin lama aj wktunya apa lgi di gofoodnya . pkek wktu sgla dlu mah psen lgsg g dsrh nunggu2 skrg hadeh mkin g jls dipkr semua org g ad krjaan lain ap apk yg gk bisa di andlkn pra pkrja kntr yg istrhtnya mepet..,1
sekarang malah menurun apk nya dan terlalu lama manggil driver,1
good,5
"susah banget cari driver, tolong sistemnya dibetulin",1
sungguh sangat mengecewakan sangat susah mendapatkan driver setelah customer cek dan bertanya ke driver ternyata driver di suspend karena tidak mengambil order yang masuk ke aplikasi driver dikarenakan penyebutannya sangat jauh ini membuat customer Menjadi Kecewa jadi susah dapat driver dan pindah ke aplikasi lain,1
saya daftar gojek Rp 750.000 lewat Bpk Mario Edowardo R tapi akun tidak diaktifkan dan uang tidak dikembalikan serta nomor WhatsApp saya di blok. Tolong berantas calo yang ada di management gojek,1
good job,5
"busuk bgt skrg gojek ya,kya sampah di jln. byk tp ga ada yg pick up",1
"Sistemnya Error dan Stres, gw ga pernah telat dan nunggak tiba-tiba di blokir, liat tu history gw, review dr Driver gw rasa jg bagus karena selalu kasih tips gede, Eh di Blokir 👎👎👎👎👎",1
"busuk sekarang buat kecewa, mau pesen goride/gosend udh bayar mahal"" tp tetep aja dapat drivernya jauh"", yang bener ajalah masa ga hujan aja dapat driver ga pake (hemat) jauh"" terus..",1
"aplikasi nya makin makinn. selalu dpet driver yg jauhh, padhl bnyk yg lebih deket. tolong dong jngan dicurangin",1
"oyy syarat gojek plusnya kapitalis jir, dari yg biasanya 30 rb malah jdi 40 rb baru bisa free ongkir 💀💀",1
sampah,1
"Lama2 nggak pake otak, fitur pencarian driver cepat tidak di gunakan di ksh driver yg jauuuuhh banget, bisa aje lo jek nyari dokunye",2
simple,5
nice,5
"buruk sekali. ketika ga ada driver yg mau ambil orderan. lalu kita cancel, dana terpotong dan uang hilang. sudah lapor CS di bilangnya bisa di batalkan mandiri. padahal tidak bisa.",1
"sejahtera kan para pekerja kalian, dilapangan sudah bnyak yg menjerit. dan lebih memilih offline",1
"bagus sih, tapi saya habis kayak bug gitu, tadi saya udah mesen terus gaada pemberitahuan nyaa kayak driver lagi di jalan, terus aku coba lagii, dan yang kedua bisaa, terus pas udah di rumah tiba tiba ada yg jemput di titik jemput,kaget dong terus di suruh cancell, aku kasian bgt sama org nyaa 😭😭",4
bad,1
ok,5
sangat susah untuk dpat driver padahal dilokasi bnyk driver yg dekat dan kdg ketika payment cash sangat lama dapetny,1
"jujur kecewa bgt, padahal udah bertahun² jadi pengguna gojek, udah percaya jg sama aplikasi ini, tapi akhir2 ini sulit dapat driver, padahal di gambar ada banyak driver kumpul",1
bagus,5
"gak jelas ini saya pesen goofood udah 4x batal gara gara gak dapet driver, sekali dapet drivernya langsung hilang gak jadi otw tempat makan nya trus di carikan lagi driver lainnya nunggu hampir 2 jam, masalah yg kayak gitu masih di biarin?",1
"dicobain aja, baru ngerasain sendiri.....thanks Gojek...",5
"NGAPAIN KASIH DISCOUNT GOFOOD KALO DRIVERNYA GAADA YG MAU AMBIL?? udah berapa kali loh saya begini, selalu gaada yg mau terima alhasil saya telat makan mulu",3
"salah transfer uang gopay ke nomer lama, susah banget buat balik .. nominalnya lumayan besar. hmm",2
barang sampai ke tujuan dengan amsnah,5
"Tolong layanan bantuan atau chat atau telpon admin dipermudah, kalau kasusnya darurat apakah pihak grab mau tanggung jawab.. kasus hari ini saya diturunkan paksa oleh driver, driver marah karena rute tidak sesuai harga, yang buat harga itu kan admin bukan saya, saya tidak bisa cancel karena driver sudah klik pick up, mau pesan driver lain tidak bisa, karena status dalam perjalanan, syukur banget ada provider lain yang lebih kompeten dan mau melayani lebih baik.",1
ok,5
mantap,5
"kebijakan pelit, jadi susah cari driver",1
Terima kasih sudah sampai bintang 5 sudah pasti. dan tip. God bless you🙏,5
"lama banget dapat driver padahal cuaca juga cerah ,sekalinya dapat di cancel mulu",1
cepat dan selamat,5
bagu cepat aman,5
pelayanan maksimal,5
"jelek pelayanan gojek, saya order instan, berpa hari yg lalu, barang tidak sampai , padahal keterangan sudah pickup dan di terima , namun aneh-nya foto pickup dan di terima pun foto gk jelas, drivernya nakal2 dan pada saat lapotan ke gojek pun tidak ada tanggapan yg jelas, malah seperti membiarkan, padahal sudah jelas pelanggaran. tolong driver begitu seharusnya di banned",1
baru mau daftar aja di suruh kembali dalam 30 jam..apee maksud nya.? jaringan saya juga bagus..apa apa an ini..belum apa apa udah bikin kesel dengan aplikasi ini,1
"sdh g tk pke lg apk ne, krn aneh, kl pesen driver psti dptny yg jauh, pdhl yg deet byk bgt,, mending apk sblh, psti dpt terdekat, g buang2 wktu",1
"dapat ojol jauh banget, perbaiki sistem",1
lumayan cuma kadang harganya untuk go car terlalu tinggi,5
ok,5
orangnya baik banget,5
selalu terbaik,5
istimewa,5
thanks GO-JEK Terus bertahan ya,5
"login ga bisa, kesalahan teknis mulu",1
13 maret 2026 gojek gak bs dipakai sama sekali...,3
terlalu rumit pemakaian yg ditawarkan,2
sekarang drivernya susah bnget dpt nya udah gitu tambah mahal tarif nya,3
driver baik baik,5
terimakasih,5
pelayanan gercep 👍,5
"kasian driver gojeknya, penumpang bayarnya gede tapi yang di dapat driver berkurang lebih dari 20 %",1
👍,5
"90% driver tidak menawarkan untuk menggunakan helm, dan terakhir ini titik jemput selalu beda",3
aplikasi lol kebanyakan driver pada milih milih suspend aja lah bikin jelek aja marwah gojek,1
mantap,5
bagus,5
tepat dan memyenangkan,5
driver di bayar terlalu murah. kasihan,1
baik,5
"kecewa banget, saat ini susah kali buat cari driver dan kalau pesan orderan gofood pun lama kali sampainya😌",1
gabisa pesen makanan,1
the best,5
parah padahal di aplikasi saya ada fitur gopay later tapi tidak bisa di aktifkan,1
"selama bbrp minggu terakhir hrg semakin melonjak tiap kali saya pesan goride sore hari saat pulang kerja. lbh mahal dibanding naik bajaj pdhal cuma goride. selain itu juga, tiap kali klik pesan yg dipilih drivernya jauuuuuuh bgt pdhal yg namanya pesan goride tujuannya biar lbh cepat dan efisien lah ini nunggunya aja lbh lama dibanding perjalanan sampe ke tujuan, maunya sih ksh nilai 1 tp biar ga berkesan ga tllu kerjam ywd cukup nilai 2 ajaa",2
Thank you,5
"nyaman sih tp sumpah cari drivernya lama bgt, uda berapa kali yang harusnya ga telat jd telat",3
mantap,5
"Aplikasi apa ini ambil untung kebanyakan.. orderan baru masuk sudah di batalkan system, padahal udah chat dengan customer nya oke",1
mantap,5
"sangat menjengkelkan berulang kali saya sangat susah cari driver dan kalau dapat driver malah dapat yang jauh"" ini gtw salah apk nya atau driver nya",1
baik sopar sogut,5
baikk tolong beri diskon wakk,5
ok,5
Aplikasi makin membaik. Semoga konsisten dalam melayani pelanggan ataupun pengemud.i,5
driver numpuk g dapet dapet.. sekalinya dapet jauh bangett kocak,2
drivernya belagu pesen go send pada ngak mau nganter jalan dikit main gertak balikin paket aja,1
potongan trip gak ngotak lo,1
driver sopan ramah,5
saya suka aplikasi nya banyak promo tapi kenapa ya setiap dpet harga promo mlh suka di cancel dan juga lama banget dapet drivernya tolong ya buat apalagi sehabis waktu hujan justru mlh ga dapet sama sekali ni,2
"ga banget sumpah kalo udah pake gosend, sering banget lebih lama dari estimasi ke datengan barang nya. kadang kalo di kasih bintang satu kurir nya marah marah padahal yg mau ngambil pesenan paket nya kaya masa bodo",1
engga jelas,1
ok,5
"apps jelek, makin tahun service makin buruk. apps lemot, susah cari driver. pokoknya kacau",1
APLIKASI BIADAB,1
"Lama banget!!! apaan sih driver nyaaa..!! pada sengaja banget lama lamin ngejemputnya, tolong yaa... nih driver yang rese itu, mending di buang aja gitu atau kasih tindakan tegas..!! kesel banget gua.",1
"gojek sama goffod sekarang susah dapet driver, pesen makanan gak ada yang ngambil drivernya posis juga lagi gak hujan lokasi restonya juga gak macet² amat, klo pesen gojek sekarang malah susah dapet kadang dapetnya jauh gak gerak sama sekali fi chat juga gak bales klo emang gabisa yaudah chat gitu jangan bikin orang nunggu, kadang juga anehnya posisi udah deket malah drivernya yang cancel",1
mantul,5
"sistem sangat tidak jelas, mengapa gak bisa batalkan pesanan padahal driver belum ketemu, alasan dari ai chatnya oleh resto udah masak, woyyyy!!, lu tau apa kocak, gw pernah liat secara langsung, jadi resto itu gak bakal mau masak dulu, sebelum driver udah ditempat, kalau resto lagi masak pesanan kita kata ai chat mereka sementara driver statusnya masih belum ketemu, itu sudah pasti penipuan yang dilakukan pihak gojek. wm juga gk mau ambil resiko lah nunggu driver yg belum tentu ketemu kocak",1
senang,4
bagus,5
Aman berkendara,5
"pinpoint alamat bisa geser otomatis,sering gak bs tepat di lokasi.biaya potongan aplikator ke driver banyak banget,gak sesuai peraturan UU menteri yang hanya 15%,banyak potongan² lain kayak biaya sewa aplikasi(padahal driver gojek mitra mereka harus dipotong biaya sewa aplikasi kalau dapat orderan). contoh: Layanan GO-SHOP cust bayar rp.17.000,driver cuma dapat rp.11.200,berarti potongannya 34% ke driver. 🤌🤌.",1
perbaiki sistem busukmu,1
suka aja,5
"terima kasih Gojek, sangat membantu sekali.",5
dengan gojek dapat memudahkan aktivitas saya,5
bissmillah hadir,5
nice apps,5
ok,5
aplikasi pemerasan,1
sangat kerennn👍,5
berguna banget ini aplikasi buat jalan ko lagi ga ada kendaraan tarifnya pun terjangkau banget suka deh pokoknya,5
top,5
mantap dan praktis,5
sayang bgt gojek so GK butuh uang sya pesen gojek 3 kli d kesnsel gara2 tarip kecil padahal mau Aya lbhin,1
Pesen gofood selalu ga dapet driver,3
😍,5
"min tadi saya beli gojek plus seharga 14k, lalu saya dapat bonus nya salah satunya langganan VIP iqiyi aku coba tukar tapi pas saya tukar kok kode telah digunakan padahal saya belum pakai sama sekali.",2
T . Q GAN,5
SERING DIBATALKAN OTOMATIS KALAU LAGI PESEN GOSEND PADAHAL URGENT,1
terimakasih,5
sopirnya ada yg minta tambahan & minta di cancel . jangan pake aplikasi gojek,1
ganggu terus iklan nya,1
Transportasi andalan masyarakat. Salam satu aspal,5
"tolong bgt ini, udh berlangganan go+ tpi masi ada minimal order untuk bisa gunain go+? trs guna nya go+ apa dong? mana ongkir ga ngotak",1
ok,5
"bagus banget aplikasi ojol ini, cukup membantu",5
dalam keadaan darurat🚨,4
"majajemen bobrok, ga sejahterain mitra, konsumen terlantar, bubar aja gojek",1
"mantap ,gojek paling top di indonesia",5
parah sekarang aplikasinya.. susah dapet driver udah 1 jam lebih ga dapet2.. sekali dapet di cancel sama drivernya,2
kecewa akhir-akhir ini gajelas,1
Hp saya ini tdk bisa,1
mantap,5
incredibly useful when needed at the appropriate moment.,4
"tolong di perbaiki aplikasi. gila banget, masa gua pesan obat dari jam 8 sampenya di tangan gua mau jam 12,lagi 5 menit lagi jam 1. ini gimana sih banyak banget waktunya kebuang sia-sia.",3
ok 👍,5
"Always bug, i have been waiting 20 minutes but the driver cancelled with out any reason,",1
"makin lama, systemnya makin jelek. order makanan jam 18.00 mencari driver 75 menit. jam 19.26 saya batalkan orderan saya. jam 20.05 makanan datang. Mengecewakan!",1
Sangat membantu🙏,5
memudahkan pembayaran,5
kelamaan,1
sangat puas,5
"gocar jadi langganan, pelayanan nya bagus supirnya juga ramah"" makin mudah bepergian",5
mantap,5
ok ok,5
Mantap,5
bagus tapi sering bug,3
selain makanan telat Saya juga mendapatkan gratis ongkir yang tidak berguna 3 kali saya order makanan dirver tidak ada sehingga membatalkan pesanan sudah nunggu lama telat dan Drive tidak ada🤬🤬🤬🤬🤬🤬,1
aplikasi gajelas masa setiap pesen padahal lokasinya depan depanan malah di cancel terus,1
Pasti,5
driver nya pilih2,3
sering eror aplikasinya dan kalau chat driver ceklis 1 terus gak masuk. kecewa parah. perbaiki dong.,1
"ga lag pake gojek, nunggu makanan buka puasa pesan dri jam 16.30 sdh lapor cs nya dia bilang batal karna di tolak terus sama drivernya, eh tiba"" driver nya nongol jam 19.30 bayangin anjir.",1
diupdate bukannya makin bagus malah makin gajelas,1
mantap,5
buruk aku pernah di kata kasar sama Drive gojek nya Ndak mobil Ndak motor tetap kasar gimana sih gojek aku harus apa coba maps udah benar di perumahan Semarang tapi mereka selalu kata kasar aku Ndak lagi langganan gojek,2
favorit kalo k mana mana,5
jos,5
Top,5
Pencarian driver lama! 👎🏻,1
"driver di sekitar banyak sekali, tapi tidak ada yang mau ambil satupun minta tolong dong pihak gojek kasih peringatan buat driver yang tidak niat untuk bekerja",1
tolong dong untuk pihak pihak gojek transportasi... tolong fahami vitur pilihan yang kalian buat ... apalagi vitur Gocar luxe . vitur ini kan meriwatkan pilihan mewah apalagi mereka menggunakan pribadi car harusnya jangan di tempeli stiker² gocar atau gojek apalah itu ... biarkan mobil tersebut terlihat mewah tanpa stiker2 pendukung .... kecuali pilihan nya itu gocar biasa yang notaben nya menggunakan car car menengah kebawah .,3
"JANGAN JADIIN IKLAN YANG DIPENCET CLOSE MALAH KE APLIKASI LO DONG, SAMPAH",1
ok,5
skrg susah bgt buat nyari nya,3
uang yang saya top up 2 kali Ndak bisa masuk,1
"beberapa kali harus nunggu lama buat dapet driver, sekalinya dapet jaraknya jauh, mau ga mau harus cancel. ga efisien di jam-jam sibuk",1
"servis nya parah banget padahal udah dapet eh malah di cancel sama driver,parahh,gojek sekarang ga kaya dulu, dulu sat set sekarang jelekk polll",1
gila keren parahhh,4
"Sekarang order gojek susah, padahal driver banyak",1
ini aplikasi ngapa si setiap abis ujan sama mau buka puasa mesen gojek ga ada yang mau ngambil ntah itu gojek hemat standart sama convorp juga lama,1
driver pada gamau ngambil akhir2 ini,1
oke,5
masak nunggu 10menit lebih ga dapet driver ini gimana bukan padat penumpang driver loh aja malas,1
"mantap,",5
kenapa saya sering banget di kendala sekali order tp yg datang 2 driver di waktu bersamaan..pdhl saya bayar pakai gopay. alhasil satu perjalanan saldo saya berkurang untuk 2 driver..skrng agak trauma jg kl hrs naek gojek.,2
"maps nya suka ngawur, kadang drivernya suka nyolot gk ada akhlak, aplikasinya jg gk jelas, 3 menit driver gk gerak harusnya udh bisa kasi peringatan ke driver, mau auto cancel atau kasi info, ini drivernya sengaja udh pick orderan, terus di diemin 20 menit gk gerak batal otomatis dpt 5ibu doang",1
"selama ini g pernah ada driver gosend sampai 4jam ga ada juga. aplikasi macam apa ini, ga becus pelayanan,mahal ga bermutu",1
nyari driver susah banget pernah nunggu sampe setengah jam ga dapet dapet,1
lama dalam mengambil driver dislike,3
"unpleasant service, cari drivernya lama, padahal driver ada yang dekat, not recommended banget",1
SAYA PESAN GOSEND NYARI DRIVERNYA LAMA BANGET,3
sopir'e sok sibuk kabeh,1
akhir2 ini susah dapattt. lemot lama,2
tambahin mode gelap dong mimin ganteng🗿🙏,5
"Terkadang dapat driver tapi tidak bisa dihubungi, udh dekat malah dicancel driver. Sungguh aneh. Waktu yang disediakan gojek hanya menghitung jarak tanpa mengetahui apakah ada kemacatan pada jalan tersebut, sehingga tidak akurat. Terkadang driver juga tidak terlalu mengenali jalannya sehingga suka salah jalan. Saat server down, sangat mengganggu. Pesanan gofood juga terkadang sulit mendapatkan driver.",1
jujur gatau kenapa kalau hujan susah dapat driver dan belakangan ini susah banget dapat driver,3
tepat waktu,5
"Driver nya buruk saya pesan gocar tapi di batalin oleh Driver nya mana saldonya gak di kembaliin, pesanaan di batalin tapi saldo gak di balikin🤦‍♀️",1
ramah,5
"udah aku uninstal sih, bukan aplikasi nya yang buruk tapi driver nya kasar kasar, berapa kali dapat kurir/driver yang ga sopan, bisa ngebentak di telpon dan ngomelin di chat, kapok gue. mau kasih bintang rendah ga tega, katanya nanti mematikan pencaharian orang lah, makanya klo ga mau dikasih rating rendah, kerja jangan sambil marah marah, yng dimarahin pelanggan pula, bertahun tahun pakai aplikasi yg oren sebelah, ga pernah sekalipun dapat kurir kasar",2
"payah susah banget dapet driver , maunya jarak deket argo mahal, giliran jarak deket argo hemat driver pada gamau",3
baik,5
bagus lahh,5
simpel dan mudah disaat kita butuhkan,5
ok,5
Nyaman kemudinya,5
sangat membantu disaat dikeperluan genting,5
Bagus keren,5
sangat membantu perjalanan keluarga.,5
jelek banget gada driver nya susah dapet,1
"Mohon untuk evaluasi kembali driver yang kurang profesional dan sangat membuang waktu penumpang. Beberapa kali saya harus menunggu hampir satu jam, namun tetap tidak dijemput dan pesan pun tidak ada balasan. Akhirnya saya sebagai penumpang terpaksa cancel pesanan dan bisa mempengaruhi rating gojek. Ironisnya, penumpang tidak mengetahui rating tersebut dan tidak memiliki kesempatan untuk memberikan klarifikasi. Pelayanan seperti ini sangat mengecewakan. Mohon segera diperbaiki.",1
"aplikasi tolol gosend jmput jauh tiba"" di cancel sistem seakan diburu"" ke tololan it terbaru gojek",1
aplikasi yang sangat membantu,5
"jangan dzalim ke driver ojol. kita sebagai customer bayar ongkir 14rb, driver cuma dapet 5rb.",1
aneh aplikasi gojek mh kalo aplikasi baru ada diskon kalo aplikasi udh lma mh ga diskon lgi,1
"saya pesan makanan, terus makanannya ada yg kurang. duit nya sudah di kembalikan cuman kurang,yg di kembalikan yg ukuran small, padahal yg kurang medium. pas saya tanya katanya sudah gitu. kurang puas,jadi males pesen makan pake gofood lagi, mending pake aplikasi lain drpd aplikasi ini Driver lama,malas bgt,saya punya waktu berhaga ini",1
Dapet drivernya susah nyari hampir 30 menit gak dapet-dapet ini usah berlangaung 2 bulan lebih,2
ok,5
saya gak bisa pensan dan naik gojek sepeda motor dan mobil karena pakai gopay sedangkan saya gak punya gopay,1
"apk bikin ngaret, dicancel mulu gajelass",1
ok,5
terimakasih pelayananya bagus,5
"trm ksh, sangat membantu",5
good,5
membantu,5
loading mulu,1
baik,4
bagus sekali pokoknya,5
keren sampai ditempat tujuan yang tepat,5
gajelas skrng,1
alhamdulillah puas,5
GOJEK DARURAT TARIF!,1
ok,4
tiap hari pesan gosend susahnya minta ampun bisa 1/2 jam baru dpt,1
mantap banyak promo,5
BAGUS,5
sangat berguna,5
"Driver Gocar-nya banyak yang malas. Susah sekali balas pesan, tangannya batu kali ya. Posisi juga tidak bergerak. Sudah lama menunggu, tapi sia-sia.",2
"Perbudakan jaman modern, kalian untung, driver-nya buntung",1
"Kadang lag blank white, padahal koneksi lancar.",4
mantab,5
driver lu pada kemana kagak ada yg mau,1
update mulu anjir,1
HAHA HIHI TAU TAU BANGKRUT 😂,1
"jelek bangetttt nemuin driver padahal disekeliling banyak, apa karena tarif goride hemat? hmmm bingung, yang salah driver atau aplikasi 🥱",2
"Setelah Update terbaru aplikasi gojek driver malah tambah parah. dimana paket gosend tidak seperti dulu. dulu kita dapat orderan lalu kita ambil. sekarang kita dapat orderan gosend. kita parkir motor kita menuju Mall tempat pengambilan paket. eh baru sampai dan tanya satpam tempatnya dimana. malah dicancel. sungguh ironi. kenapa pihak pusat tidak memikirkan kondisi fakta lapangan. apakah macet, apakah jarak antara mall daParkiran jauh. mohon kembalikan aturan gosend seperti dulu aja tanpa Waktu",2
oke,5
potongan ke driver terlalu besar,1
"gk jelas bgt pesen gocar udah harganya mahal, didapetinnya driver yg masih nganterin penumpang lain. gk jelas bgt buat aturan",1
rapat waktu,5
ok,5
siap bangkrut anda aplikasi sampah yg nguras uang mitranya,1
"suka bangett sama aplikasi gojek, jadi gampang buat pesen apa'",5
sangat membantu ini,5
mantap,5
Alhamdulillah sangat membantu,5
susah banget dapet driver sekarang ini!!!,2
Mantabhhhhhhh........ 👍🏼,5
"respon cepat ,sopan2 drevernya",5
"susah banget dapat driver ,semakin kesini gojek kurang bagus,tolong dong di percepat dalam mendapatkan driver",1
amnah bangettt,5
"makin mahal tapi makin jelek pelayanannya, baik dari segi drive maupun sistem aplikasi yang suka eror",2
"riwayat transaksi tidak bisa di downloads. sudah dijalankan sesuai instruksi utk tekan tombol download, namun tidak berfungsi.",3
tambah hari tambah susah dpt driver gosend..padahal ditempat banyak driver cm dptnya yg jauh dr lokasi itupun dapatnya lama..sementara pindah ke sebelah dlu drivernya gercep....,2
mantap,5
aplikasi hilang sendiri dan tidak bisa dibuka,1
"Cari driver sulit, ketika dapat drivernya muter2 tidak jelas, tdk ada respon di chat mengecewakan",1
"Respon dan penjemputan driver Lama.. aLasan jaLan macet, banjir dan Lain Lg.. padahaL sy yg di posisi penjemputan tau kL itu gak macet, gak banjir dan Lainnya.. sy seLaLu nunggu 1 sampai 2 jam untuk tiap penjemputan..",1
pencarian driver nya gak jelas lama kali,1
"beberapa kali order udah dapet driver waktu tunggunya lumayan lama udah di tungguin hampir setengah-satu jam gak datang-datang, tiba-tiba di cancel gak ada konfirmasi dulu dari driver rating driver nya dari bintang 4, sekian sampe 5 tolong dong attitudenya apa lagi yang bintang 5 mohon untuk di training",2
"1. Tidak Professional, Menggunakan Gosend Instant Prioritas Malah Drivernya Antar Ke 3 Tmp Lain Dulu, Ditnyin Ke Chat Aplikasi Gojek Dibilangnya Pakai Instant Hemat, Petugas Bantuan Chatnya Jg Gak Sopan Blm Selesai Chat Main Diputus Aja 2. Pihak Gojek Di Singapore Seenaknya Kasih Biaya Pembatalan Ke Customer",1
sangat membantu,5
drivernya susah dapat karena driver hanya diberikan harga murah. jadinya kami tidak bisa dapat driver,1
suka bangettt,5
cari driver lama,1
Bagus dan bermanfaat sih. tapi kalau bisa sediakan fitur khusus ojek cewek dong.. biar lebih aman buat cewek,5
bagus banget dan sangat membantu,5
murah,5
makin kesini makin susah dapet driver nya skalinya dapet lokasi drivernya jauh... mau coba aplikasi tetangga dulu,3
bagus,5
top,4
luar biasa,5
"sekarang nih aplikasi lemot banget, mau bayar belanjaan kudu nunggu 5 menit, gw gk tau nih salah koneksi gw atau bukan tp literally yg lemot di hp gw cuma aplikasi ini",1
"aman , nyaman , selalu ada jln",5
oke,5
baik selama saya memaksi,5
"waktu tunggu lama bisa 8-10 mnt. bukan cuma sekali tapi setiap order.. driver byk yg Deket tapi dapat nya yang jauh, padahal yang reguler bukan promo hemat.",1
sangatt mudah,5
Bagus,4
pelayanan cepat dan baik,5
"Easy fjangan minta update mulmulu kali, orang buru2 di suruh update",1
"tarif hemat cma bikin customer dan driver rugi, krn utk customer waktu tggu lebih lama, dan utk driver, jarak tempuh utk jemput lebih jauh (blast) MIKIR LAH KLO PINTER!!!!",1
"terus²an di cancel sama drivernya, dengan alasan jarak titik jemputnya jauh, padahal gapapa nunggu asal jangan di cancel terus",1
"awal ny gw ksh bntang 5 tp skrg gw ubh, gw kcewa smnjk ptongan yg d beban kn k ojol gde, gw jd susah nyari gojek or gofood aplg untuk jrak dkt, tarif ojol jg skrg mahal, kecewa gw, no recomended, payah lu gojek, bikin customer ga nyaman !!!",1
good,5
ok,5
good aplikasi,4
Lama mencari ojolnya,4
akhir akhir ini susah banget dapat driver yang dekat malah di dapatkan yang jauh jauh,1
"2hari ini Gojek kenapa lemot sekali ya (terutama Goride). Padahal kuota internet masih banyak, wifi jg tetep lemot. Aplikasi juga sdh update..",3
Kieu pisan 👍👍👍,5
baik,5
"puas, suka dab keren",5
tolong perbaiki saya mau pindah dari tunai ke gopay tidak bisa,1
"Gatau ya, ini gojek emang lagi jelek atau gimana. gue udah berhari² order yg moto baru beberapa menit di cancel. ada kayanya 3-4 driver. yang harusnya gue nunggu cuma 5 menit atau ini jadi bisa ½ jam. gila.",1
bagus pelayanan cepat,5
pelayanan oke sekali dan sangat membantu dalam pekerjaan dan kegiatan saya sehari-hari dan juga membantu saya untuk mendapat informasi mengenai sesuatu hal baru yang belum saya ketahui..,5
buruk,1
sangat membantu untuk perjalanan jauh,5
"Gojek dlu hampir semua kepake apalagi food nya ,tp bbrpa waktu lalu ak komplain soal makanan yg sudah ada lava lalat nya tp katanya laporan saya ga memenuhi prosedur,padahal sudah sesuai dengan yg diperintahkan untuk menghubungi cs gojek. sejak saat itu ak lbh milih Grabfood sebagai tempat jajan ,karena jika ada komplain lbh bertanggung jawab.. Gojek hanya menang mahal dan ga tgg jawab , saya pengguna lama gojek sejak awal ada. Sangat kecewa",1
oke lah ya,5
oke,5
good,5
Tidak bisa update,2
mantap bet 👍,5
"potongan komisi lu kegedean, akibatnya pada susah dpt driver yang mau bawa!!",1
pandai cari rute,5
"awalnya sudah sangat bagus, tapi sekarang setiap kali mau pulang dari stasiun dengan gojek hemat, pasti selalu dicarikan driver yang jauh dan proses mencarinya pun lama, seakan-akan tidak memperbolehkan user menggunakan fitur gojek hemat. tolong diperbaiki.",2
"POTONGAN 20% UP, APLIKATOR KO TOL",1
ok,5
"Gojek lebih di perjelas lagi dong sistem nya,ada cust yg ketinggalan naro topi di helm bokap saya cust itu ngelapor malah jadi bokap saya yg kena suspend sampe gabisa on bid lagi cust juga diperhatikan lagi dong kalo udh sampai titik tuh jangan maen langsung jalan atau pergi aja pastiin ada barang yg ketinggalan apa ngga di driver jangan maen asal lapor ini itu aja",1
langganan d sni banyak promo,5
"Admin nya humble, Belanja nya nyaman",5
"gofoodny mines, waktu tunggunya dlm 1 menit tapi jadi 3 menit lamanya",1
"suka kasihan lihat drivernya, mereka bekerja keras membela customer, mecari nafkah untuk keluarga, tapi penghasilan makin sedikit, sedih banget kalo denger mereka berkeluh kesah",1
"I LOVE GOJEK, siapapun yang ciptain gojek makasih banget, driver amanah, seru, fitur lengkap, harga murah, bisa kapan aja dan kapan aja, ada proteksi juga, bagus pokoknya",5
good,5
"aplikasi yg dapat membantu ketika kita sedang membutuhkanya,buat para driver Gojek semoga selalu sehat kuat dan di beri keselamatan serta rejeki yg barokah",4
"potongan terllu besar untuk driver, kasihan padahal perawatan motornya sidriver yg tanggung, ataupun mobil, kaya sapi perah w kadang kasian ama driver terpaksa narik untuk kluarga",1
"ok skerang bintang 2, refund isi tol yang 25 sudah berhasil, kenapa yang isi tol 50 di tgl 09.03.2026 belum di refund, padahal saldo tidak masuk juga",2
sangat membantu,5
keren,5
mantab jek,5
Sangat membantu dalam keadaan darurat,5
siplah,5
Gojek sekarang jelek masa sering batal sendiri,4
susah amat dapet driver ga ada yg mau ngambil padahal banyak goride yang mangkal,3
driver sulit,1
Makin sulit untuk mendapatkan driver. 1x Trip bisa 10x di cancel driver gocar. 2026 bukan lebih baik malah tambah parah. Driver yang sering menolak orderan tolong diperingatkan supaya kedepannya Customer bisa lebih nyaman memilih gojek,1
susah dpt pengemudi kalo rame,1
mudah bangett,5
hemat sangat membantu,5
bagus,5
menyusahkan customer dan driver,1
"tidak suka, soal nya gabisa nyewa lc",1
"Daftarnya aja ribet mau bikin akun,nunggu otp ga kluar"" .. terus sekalnya order yg hemat ga ada yg ambil ,,Manding ga usah taro tuh yg hemat",1
"Susah dapat driver utk hampir semua hal, padahal keliatan depan mata kl di sekitar kt lagi banyak driver. Percuma ada appnya. Tingkatin pembagian uang ke mereka lah jd mereka g males utk narik. Semua driver yg ketemu saya udh ngeluh kok kl potongan yg mereka dapatin terlalu kecil dan bahkan g balik modal utk mereka",1
kalo ujan duh gabisa di harapkan,1
"ga jelas nih algoritma nya, ada driver yg jaraknya 2 menit malah di kasih yang 12 menit. harga juga naik cuma lewat beberapa menit dari pukul biasanya saya brgkt",1
saya sering dibatalkan sepihak,1
top buat gocar....,5
aplikasi ini sangat tidak kompeten mencari driver terlalu lama padahal ongkos nya mahal payah ini aplikasi makin hari,1
makin kesini. makin gak jelas pesen gojek lama pesen makanan juga masa biaya penanganannnya 40 ribu /30 ribu blom ongkir trus gada promo,1
"awalnya suka pake aplikasi ini tapi makin lama makin susah dapet driver, terutama untuk gocar banyak yang gamau diambil, tapi di klik ambil, udah nungguin lama tapi di tolak, tapi kadang posisi ga bergerak, di chat banyak alasan, sampe harganya naik kesel banget.",2
mudah dalam pengoprasian dam banyak promonya,5
Alhamdulillah sampai dengan selamat,5
"tambah kesini malah makin kacau, dapat gosend berapa x, jauh jauh jemput pas mau nyampe malah cancel sistem, gilaaaaa",2
tambah parah sistem gojek tambah hari driver pada banyak bilang ongkos 6k padahal saya bayar Full apa lagi order gored padahal disamping tempat aq bayak driver diam malah dapat driver Yg jaraknya 3kl sampai 5kl parah parah gojek,1
"bgs.diskon.tpi iklannya ganggu,caper bgt jir mau bgt yah di notice spotlight🙄🙄😏😏😮‍💨😒😒🫢",5
driver lama,2
susah nyari goride,1
Gojek sangat bagus..dan sangat membantu kalo mau kirim barang pesanan...,5
"susah tracking perjalanan. mapnya kalah gede sama iklannya 😐 dikecilin dong itu iklan promonya, ganggu banget, mana ga bisa dikecilin",3
"akhir² ini gojek susah dapet driver. sekalinya dapet itupun nunggu lama, minimal klo gamau nganterin bisa di cancel dari drivernya ini malah drivernya ngejauh tanpa ada omongan",5
ya Allah gojek pada males males banget ya udah gitu GK dapet dapet lagi gini amat sih algoritmanya sabar.... lagi bulan Ramadhan,1
hrga nya agak d murahin lebih bnyk in promo ny y 🥰🥰,5
praktis pokona,5
"makin kesini makin jelek nunggu sampe 1 jam gaada yg mau ngambil, drivernya kebanyakan cancel orderan!",1
pencarian driver yang cepat+murah,5
mantap,4
"masa gua order udah 10 kali di cancel Mulu, udah gitu dapet pesenan nya jauh Mulu lagi",1
Tolong untuk Go food pelanggan bisa chat dengan penjual secara 2 arah,5
ini selama bulan ramadan menjelang sore goride pada kemana ya?,5
Banyak driver yang gengsi atau menolak ketika jam sibuk padahal lagi free.,1
"Driver nya lambat, respon costumer service buruk",1
udah pake yg prioritas masih aja lama,1
"tiap order di area jaksel sama tangerang sekitar, pasti lebih dr 20 menit baru ada yg ambil. lama banget layanan nya",2
"sumpah sebel banget gabisa langsung batalin pesanan gofood MESKIPUN udah pesen dan LAMAAA BGT GA DAPET DRIVERNYA pliss lahh, cari driver nya kenapa susah bgt sihh dan gabisa cancel pesanan?!!",4
ok,5
oke bangat,5
makin gembel aplikasinya 👎🏻,1
saat urgent tidak dapat diandalkan. susah cari driver,1
ada apa booking gojek menunggu bs 30menit lebih,3
"udah mulai males pake apk ini,",1
baru pertama pake gojek. ok banget,5
"paling mls kl lagi mendung sama sekali driver gamau ambil, pdhl blm juga ujan heran aja si",2
okkkeeeehh,5
"kalau mau ngasi rute jangan buat ribet dong admin, yg seharus nya penjemputan dari lokasi gojek ke kantor saya yg butuh waktu 5menit kok bisa sampe setengah jam ga sampe² eh pas di liat di map, driver nya muter jauh ngelilingi kota palembang. ini saya da sampe rumah pesen max, ngasi makan kucing da rebahan di kamar . gojek nya sampe sekarang belum ada kabar da sampe belum ke titik jemput. simple loh dr polda ke sturbuck sudirman 5menitan, kenapa harus di kasi rute muter demang muter unsri segala",1
driver sering membatalkan orderan,4
"Drivernya banyak yang dongo sok kaya, sering banget cancel order gak jelas",1
mantap,5
"apknya jelek,kalo lagi ujan gojek pada sombong, udh harga mahal ga mau ngambil order padahal lagi urgent,judh sering banget kejadian kaya gini,adi buang² waktu,sampahh",1
andalan diseap kebutuhan,5
Sudah banyak cust yg habisin waktu lebih dari 3 jam krn gojek ga dapet-dapet. RUGI WAKTU! Tolong perbaiki sistemnya,1
"minus etitude!!!!! abangnya marah marah karena nunggu sbntr aja, kasar banget dichat!!!! pls jgn mau sm yg driver muda karena ga sabaran. amit amit ketemu sm driver kyak gt lagi ih, mana kasar chatnya gua lu dikira kita ga bayar apa?!!?!?! namanya kerja pasti gitu lah jgn mau enaknya aja, nunggu sbntr aja ga mau",1
KELAMAAN NUNGGU DRIVER SAMPE PROMOANNYA ILANG,1
"Respon aplikasi untuk Carikan saya kendaraan terlalu lama, sehingga saya telat untuk pergi",2
ok bangets,5
para driver gojek plis lah.. kalian pada niat ngegojek gak sih? suka banget cancel orderan. udah diterima kadang di chat gak pernah di respon. kalo pas hujan okelah. ini cuaca terang benderang loh. gojek plis lah kita sama2 untung kok. tidak ada yg di rugikan. apalagi kadanf dengan alasan jauh. saya pribadi gak masalah loh nunggu belasan menit. emang dasarnya aja pemalas. ini saya sehari bisa loh sampe sepuluh an lebih driver gojek cancel in.,1
"udah ga ada driver kali ya, motor ga ada, mobil ga ada",1
sering banget kalau pesan gocar suka lama kadang malah di cancel apa lg kalau pas hujan supir nya pada belagu gak mau ngambil orderan,1
sngat membantu,5
👍🏻,5
"Akhir² ini KECEWA dng Gojek, cari driver susah posisi jauh² dan hampir 30 menit tiap hari klu pesan blm tentu dapat akhirnya saya beralih ke Maxim lbh cepet dan sekalinya dpt driver di gantung hampir 10 menit tb di cancel pdhl driver mengatakan mau pick up tp tb² di cancel!!! Bentar lg mau uninstall!!!",1
okeh,5
"kenapa sih akhir akhir ini gojek lama banget dapatnya, pdhl driver banyak banget disekitar yang kita pesan, kalau gamau ada promo gausah dibuat kesel aing",2
sangat membantu,5
keren,5
Kalau keadaan lagi hujan susah dapat driver padahal perlu banget. Selain itu buat batalin susah loadingnya lama padahal udah ada alternatif kendaraan lain,3
diskon gajelas awalnya diskon 5 ribu harga 20 skrng diskon 5 ribu harga 30 kebelet naik haji ta,1
kl lagi mager masak membantu banget.banyak diskonya juga. mudah2an selanjutnya banyak gratis ongkir,5
lama sekarang setelah ada pilihan harga 😡,5
kok apk ny eror ya gw gk bisa login akun gw tulisan ny coba download apk dari play store padahal gw install dari play store,2
"benerin dah sistem lu, nyebelin bngey aplikasi nya, jngan bisa nya ngeduitin Mitra doang",1
"privasi nomer konsumen dan driver adalah ketololan,, bikin ribet di lapangan IT nya tolol",1
"susah banget dapet driver, kalau dapet jaraknya jauh-jauh",1
sejauh ini belum mengecewakan,5
good,5
"Order lama KLO lagi ujan, Big L posisi driver anehhh",1
LEMOOOOOOOTTTTTTT,1
sempet ketinggalan hp di mobil saat turun dari perjalanan.....telah dibantu oleh team gojek dan driver.....ponsel diantar oleh driver,5
membantu banget,5
"saya sudah 2kali nunggu gocar setengah jam, di chat tidak dibalas, tolong untuk pelayanannya",1
good apk,5
mark up nya jauh bgt deh driver dapet 10 ribu doang sedangkan saya bayar 18 ribu hampir 90% nya ga sesuai ama peraturan yang dibuat jauh sekali dari maksimal 15% potongan,1
sangat bagus pada sangat saya pakai tidak pernah ada kendala,5
sumpah bad banget...skrg aplikasi semakin buruk...lemot aplikasinya...susah loadingnya...aplikasinya yg sangat buruk...buka aplikasinya sampe hampir 30 menit ga bisa2...sangat2 kecewa...bad bnget,1
ok banget,5
bagus,5
luar biasa,5
terimakasih,5
hi gojek kenapa sekarang udah gak mau bawa ibu2 yang bawa bocil?,1
mantap,5
"tolong kalo nyari driver tuh yang terdekat aja, mikir ga sih udah nunggu lama tau-tau dicancel dan harus nyari driver lain dan itu lama banget. Udah selesai bakar duit sekarang malah nyusahin Mitra dan customer, perusahaan stress",1
titik ga sesuai gmaps,1
ok,5
"vocer gaada terus ,driver suka minta cancel ,cust gabisa ngeliat bintangnya sendiri",1
"Tolong dong drivernya di kasih edukasi tentang sopan santun, kalo gamau ambil orderan bisa chat ke kita as a customer.. saya selalu pake gojek hemat dan selalu di cancel juga sm driverny. apalagi kalo pake gojek hemat pas di Pangkalan ojek instan malah di ketusin sm drivernya",1
membantu kita saat berpergian,5
Selalu suka Aplikasi ini. Apalagi kalo dpt driver yg ramah dan baik. Thank you ya,5
bagus,5
"sistem nya gak jelas, order go food di jam 12 tulisannya sudah terlambat dan harus nunggu 18-28menit, tidak ada konfirmasi kenapa terlambat, driver di chat pun tidak ada kabar, gak bisa dibatalin juga, giliran nge hubungi cs malah dpt pesan bot dan gak bantu masalah. udah terlanjur isi gopay tidak bisa di tf balik ke rekening, sangat ribet. pindah ke sebelah aja deh, ga repot.",1
"Hari ini anak saya naik GoRide, diperjalanan tumbler anak saya jatuh. Anak saya sudah meminta driver untuk berhenti mengambil tumbler yang jatuh, tapi driver bilang "" Tidak apa apa"" dan melanjutkan perjalanan. Apakah driver bersikap kurang bijak hanya karena anak saya masih SD, sehingga kurang peduli dengan barang customer yang jatuh? Masalahnya itu adalah tumbler merk Sturbuks seharga Rp 500.000 Saya mengalami kerugian, bagaimana pihak Gojek menyelesaikan masalah ini?",2
good,5
payah argo receh potongan besar,3
aman,5
"udah oke sekarang apknya, cuma pernah dapet driver yang malah nglewatin lokasi gw dan ngejauh gitu, jadinya buang buang waktu. PEMILIHAN RUTE jauh hehe",3
aplikasi yang bertanggung jawab,5
tolong aplikasi inu untuk diperbanyak mobil ke daerah antapani tgl 15 siang dan malam,1
lemot nya minta ampun,1
"ini dulu ya,tpi banyak membantu terimakasih Go Jek/Go Car",4
Terlalu sering dapat druver tidak bergerak dan ada juga yang menjauh dari lokasi jemput. Nunggu pembatalan lama. Dibatalkan sendiri kena potongan. Gak bisa review driver,1
aman dan nyaman,5
kirim gosend sameday aja 2 hari ga ada yg pickup. sekalinya dapet langsung di cancel drivernya!,2
lemot aplilasiny,1
murah dan gampang banget cepat juga the best pokoknya 🤩🤩😍,5
reting ini akan sy rubah menjadi 5 apa bila setiap x sy ngorder go car ataupun goride mendapatkan driver terdekat tanpa alasan apapun. karna akhir² ini sy ngorder selalu mendapatkan driver jauh². terimakasih.,1
bagus banget kalo abang ku ga bangun buat jemput aku sekolah aku naik gojek,5
susah cara pesan nya udah fi ketik hilang mulu,1
memudahkan tranportasi masuk gang kmpung,5
"sangat amat membantu saya yg mageran ini, terimakasih ✨",5
ok,5
gax ribat kok amanah .sopir sopan.,5
buat saya menyangkan,5
gojek mmang orgnya baik2 alhmdulilah sll langganan gojek,5
semuanya bermanfaat,5
ok,5
"pesen paket instan di tokopedia pake jasa gojek, seminggu gk ada driver yg pickup",1
bagus,5
maksain banget suruh update aplikasi nya... udah macem virus aja... sangat mengganggu dan kampungan,1
keren👍🏻👍🏻,5
nyaman,5
"sumpah gojek demi apapun lain kali ini aplikasi harus bikin keamanan lebih ketat demi apapun. saldo gua udah 2x kesedot sendiri dengan nominal yang gede. gua ga terima jujur, harus nya ada pemberitahuan kalo saldo gua mau dipake tapi kenapa tiba tiba ilang kesedot gitu aja??? keamanan nya mana? udah otentikasi segala macem masih percuma. jujur ga ikhlas karena keamanan nya minim banget.",2
driver gojek isinya binatang semua mksd nya kalo gamau di ambil gausah di ambil jangan bikin orang nungguin gangerti orang lagi buru buru karna ada urusan heran kebiasaan bgt drivernya betingkah semua,1
"bagus,tp sekarang d hp ku dah g bisa lg",5
aplikasi mudah digunakan,5
mantap servis nya,5
pelayanan prima tepat waktu,5
"pergi, makan, dll jadi gampang",5
Sangat cocok dan efisien,5
kenapa sih akhir2 ini susah bgt dapat gojek? apa lagi Go-send. sampe bisa 2 jam baru dapat ya ampun.tlg untuk di perbaiki lagi.kdg buru2 malah susah bgt,2
Driver bawa motor nya nyaman,5
"driver dekat banyak yang gamau ngambil jarak dekat, giliran hrga nya di naikin baru rebut²an, padahal jarak Deket banget",1
"kadang suka pada gamau, padahal saya lagi buru2 banget. udah di ganti ke yang lebih mahal ttep aja ga dapet2.",3
bagus,5
bagus,5
kalo ga niat narik harusnya driver yang tolak,1
"Sebenarnya ngebantu banget untuk transportasi sehari², tapi beberapa minggu ini sulit sekali order di pagi hari, sekalinya dapat, lokasi driver jauh² jadi yang mau cepat malah jadi lambat dan banyak driver ga mau ambil karena lokasi yang jauh. Tolong segera dibenahi",3
good job,5
the Gojek is good,5
LAMA-LAMA BANGKRUT NIH GOJEK,1
mohon diperhatikan untuk para driver jika kondisi gerimis mereka tetap mau menerima customer. dan untuk operator tolong jika memberikan orderan ke driver yg terdekat jangan yg jauh karena waktu menunggunya jadi lama.,4
هذا زين الفيكا سي,5
baik,4
"sangat membantu transportasi utk ke kantor dan antar jemput anak sekolah. Hanya kalau pelanggan order tolong sistemnya diperbaiki dong terutama saat hujan dan jam sibuk, jangan dikasi ke driver yang jauh jauh, padahal yg dekat banyak, menunggu driver motor sampai 7 menit ke atas apalagibkalau mobil bisa diatas 12 menit bener bener wasting time apalagi kalau mau buru buru. improve lagi sistem order nya yaaa, biar pelanggan merasa gojek adalah transportasi yang bisa diandalkan karena cepat & aman",4
Terima kash,5
bagus dan gak ribet,5
Aplikasi nya Baik. Untuk driver nya bagus dan standar baik. saya suka layanan Driver Gojek karena suka berbaik hati. Tapi saya ingin ada setiap gojek memiliki uang kembali dikarena kan jika Si pemesan tidak membawa uang pas bisa mendapatkan kembalian. Terimakasih,4
apk bikin telat terus,1
"oh ternyata gojek jika masyarakat ingin mendaftar jadi mitra driver gojek sekarang pakai jalur di belakang layar dgn nominal 1,2 juta.sdh mulai cara yahudi di pakai.pantesan saja saya SDH jalan 3 tahun mendaftar TDK di panggil 2 juga sampai saat ini.tapi jika saya bayar 1,2 juta saya bisa lsg narik.hebat2 ini bukan berita hoax ya jika saya bisa bukti.n orgnya masih hidup.",5
tarif untuk driver nya tolong diperhatikan.,2
memudahkan,5
"sekarang kalau pesan gorden selalu mendapat driver yang lokasinya jauh, terus tolong jangan terlalu banyak pemotongan untuk drivernya kasian dan kita pun jadi mahal bayar ke aplikasinya sekarang",5
mantap,5
"kalau pake gojek hemat selalu lama dapetnya, drivernya terlalu pilih pilih, padahal jaraknya juga kurang dari 4km, lebih parahnya kemarin malem saya gapake gojek hemat, go ride biasa, harga 17k dengan jarak 3,4 km, dapet motor kretek kretek, driver bawa kaya orang ngantuk ga aman banget, ada apa dengan para driver gojek, tolong lebih di ketatin SOP nya",1
sangat membantu,5
baik,5
"aku kasih bintang 3, tolong, kalau selama ramadhan, untuk customer"" yg ingin sahur, itu kesusahan dpt driver, tolong di perhatikan lagi.",3
gimana yah min caranya bisa rubah pin gopay atau gojek sy ? soalnya nomor yg telah terdaftar telah hilang ?,5
"Sangat susah untuk di cancel waktu memesan makanan, driver nya sangat susah di dapatkan,bagaimana kalo makanan saya diantar sudah selesai imsak,siapa yang mau membayar dan menyatapnya,sangat susah di cancel",1
parah ... DC penagihan yg sadis,1
"foodnya Masya Allah bener, jarak resto ke rumah gak nyampe 2km gak ada hemat padahal jalan tikus banyak. udah kena biaya aplikasi yang buat harga beli langsung Ama online beda lumayan ongkir 24k udah gitu menurut driver bahkan dia dapet gak nyampe setengah nya.",1
bgus da pokoknya,5
keren..😎😎,5
OKE MANTAAPPP..!!!,5
"fleksibel ketika butuh sesuatu drivernya cepat tanggap,,👍",5
MANTAP,5
"Mobil datang tepat waktu. waktu ke airport buru2, dia jg jalan lbh cepat tapi tetap safe shg sy dan klg tidak telat. mobil jg bersih, tidak bau rokok dan sopirnya sopan. puas bgt!",5
udah gw hapus aplikasi . mw pesan masa gk bisa di batalin padahal baru 1 menit. udah gituh alamat gk sesuai posisi hp.,1
aman dan terpercaya,5
suka sangat,5
Bagus,5
"sekarang susah banget dapet driver, sedih para mitra kalian di peras habis habisan, potongan yg lebih dari 20%, belum lagi ada program gacor yg mana mitra kalian harus bayar dulu buat dapet orderan dan jemput nya jauh banget pula, ko kalian sejahat itu? saya oengguna setia gojek merasa sangat tidak adil buat mitra kalian yg sudah membantu perjalanan kalian tapi di perlakukan dengan tidak adil. buat para mitra, semangat terus rejeki ga harus selalu jadi mitra",1
tolong dong pihak gocar rute2 nya di benerin.biar gx debat terus sama driver nya. ngasih rute nya gx jelas. sekali nya ada perubahan sistem malah tambah ancur.,1
"untuk goride penjemputan driver bisa jarak jauh sampai 2,3 bahkan 4km apa lagi confort. untuk food sangat kejam jadi costemor bisa menunggu lama karna driver ganti"" mulu di karna kan estimasi ke resto 10 menit tapi pengambilan ke driver jarak 3km,4km bahkan sampai 8km di saat hujan. jadi resto rata"" juga nunggu driver datang dlu baru di buat karna terlalu sering ganti"" driver di karna kan di ""CANCEL SISTIM"" gojek.",5
memudahkan perjalanan,5
tetbaik,5
"TOLONG YA INI GOPAY PINJAM NYA KENAPA BISA NGSPAM KE KONTAK YG BUKAN KONTAK DARURAT .KAYAK APLIKASI LEGAL AJAAAA MENGSADAP SEMUA KONTAK , OJK LOH INI YA !!!!!!!",1
bagus aplikasi nya tp tlong dibenerin lagi itu koneksi jaringan masa saya udah pke data pke wifi ttep gbsa pesen makan/ online di gojek 😌😌 mau pesen gofood gojek juga jdi kehambat grgr masalah itu,3
PILIH KASIH MASA DRIVER SLOT GOFOOD SAMA GOMART TIDAK MENDAPATKAN BHR... MITRA 2017,1
banyakin diskon plis,5
"saya sebagai customer kecewa sekali driver saya terpotong banyak, saya bayar di aplikasi 21rb sedangkan driver cuman dapet 16 rb saya merasa kasihan sehingga memberi tip untuk si driver, tolong gojek memberi keringanan kepada driver",2
baik bagus,5
mantap 👍,5
baik,5
ini tolong diperbaiki lgi ini estimasi waktunya.. masa pesan makanan dengan estimasi waktu 34-40 menit dan klo blm dapat dapat driver bisa 1 sampe 2 jam baru bisa pembatalan pesanan.. diperbaiki lagi ini estimasi waktu nya!!,1
sekarang pesen goride susah banget ga ada yang mau ambil. driver2nya pada ga butuh uang kayanya,2
oke banget,5
"Bagi gojek bisa meninjau ulang baik dari sisi mitranya atau konsumennya. Karena saya dibuat bingung 1. ketika menggunakan feature hemat sangat susah mendapat driver bahkan driver sendiri menanyakan kenapa harus pilih yang hemat. 2. feature goride biasa atau bahkan comfort sekali pun sama susahnya mendapat driver. 3. kadang udah dapat driver tapi tidak di respone, hanya beberapa driver yang menyampaikan tidak akan mengambil orderan, namun mayoritas berujung di konsumen harus melakukan cancel",3
"menurut gua worth it bgt si karna harga nya yg terjangkau terus banyak diskon gt jadi duit nya bisa kepake yang lain deh alamat juga sesuai, pokoknya love deh gojek💚",4
"banyak ketemu driver yg sopan juga asik, ada juga yg modelan nya suntuk sendiri... tolong yg model begini driver nya d suruh makn dulu pak, sapa tau krna blum mkan jd bawaan nya suntuk aj ktika jalanan macet",5
jujur kecewa berat sama SISTEMnya gojek. akhir akhir ini aku pesan gojek/gocar dapetnya driver yg JAUH BANGET dari lokasiku sehingga kebanyakan driver ya gamau ngambil atau ya karena jauh jadi lamaa banhet nyampenya. tolong perbaiki sistemnya dong,1
"sekarang susah banget dpt driver , mau itu food , ride , shop ..dulu gojek paling the best sekarang Paling BAD !!",1
"maaf harus kasi rating 1, karna sekarang gojek kalau posisi tidak bergerak atau sedang macet ga ada konfirm ke kita nya. walaupun saya sudah chat driver tp driver tdk merespon. apalagi kalau saya sering cancel rating saya jg buruk",1
bagus,5
nyari driver lama,1
"masa gara"" rumah saya daerah terusan ambarawa supirnya gk mau masuk emang rata"" mobil gocar sebesar truck ya?",5
kenapa sih kalau hujan susah banget dapat driver,2
Driver gojek skrng pemalas dan manja smua. Susah bngt nyari driver padahal bkn paket hemat dan saya bonusin. Hujan dikit gk ada yg mau ambil padahal driver banyak ke discover . Gk ush kerja ajalah kalian klo manja,2
sangat membantu,5
aplikasi lemot,2
sangat membantu sekali dengan ada nya aplikasi ini,5
jossss,5
mantap..,5
bintang dan ranting tau tau hilang.,1
"pilihan jalur sangat bagus ,,gojek gak maen jalur cepat lebih suka jalur utama jaraknya 3x lebih jauh🥰🥰🥰 aku suka itu",3
mantap,5
ok,5
trmksh gojek ..,5
ribet daftar nya,1
pesan gojek sekarang lama banget ya.... jauh jauh dapat nya . Tidka bisa buat urgent,2
cari driver lama,1
"Baru kali ini driver mengkonfirmasi pesanan dan mengabaikannya hingga lebih dari 1 jam menunggu tapi tidak direspon sama sekali dan melakukan pembatalan secara sepihak, aplikasi tidak berguna!!! Lain kali kalau merekrut driver harap sesuaikan attitude nya, jangan diam kayak org bisu menghiraukan pesanan yg sdh dikonfirmasi, aplikasi dan driver nya gak jelas... 😡🤬👎",1
Kok gak bisa di update yach...,2
sangat membantu ketika hal urgent,5
sangat menyenangkan,5
good,5
good,5
sesekali aja eror...selebih nya oke,4
terimaksih sudah membantu saya untuk perjalanan,5
bagus,4
good,5
ko ga bisa di updet?,1
"parahhh. bikin telat dateng kerjaa aja nih aplikasi, padahal udh order dari jam 15:00 sampai jam 17:55 blom dpt driver sama sekali parahhh, bikin ancur karier orang nih aplikasiiiii!!!!!",1
"hallo gojek Indonesia, sebelum nya mohon maaf. kenapa ya akhir2 ini banyak sekali driver yang suka asal cancel orderan, khususnya untuk penumpang. saya sebagai pengguna gojek yg memang untuk PP kerja sering di buat kecewa karna driver sering asal cancel. tolong dijadikan bahan evaluasi lagi lah, kami pakai aplikasi ini kan berarti kami butuh, tp driver banyak yg main2, kalau memang sekiranya gamau bawa penumpang dimatikan saja aplikasi nya.",2
sepanjang pemakaian saya dengan GOJEK di banding yg lain menurut saya gojek lah yg paling lelet..dari mencari driver hingga driver jemput butuh waktu lama.. tidak sat set.. driver kebanyakan ngopiii.. buang-buang waktu,2
gooodddddd,5
"jangan langganan plus. ga ada benefit nya sama sekali. bilang nya dapat voucher lebih banyak. asli nya lebih dikit. voucher yang biasanya ada jadi ga ada. di ganti voucher plus yang kecil banget diskon nya. saya udah berkali² nyoba karena penasarsn terus, tapi berkali² juga kena. di banding akun istri saya yang ga pernah langganan plus, voucher nya melimpah. dan ngefek juga ke tokped saya, sama sekali ga ada voucher semenjak langganan plus.",1
"Tolong di perbaiki donk sistem nya. jemput nya jauh jauh bgt sihhhhh. kasihan kali driver jemput jauh banget. kita nunggu juga lama banget. seharusnya aplikasi nya makin di permudah dong, malah makin mempersulit. lama lama customer pada gak mau naik gojek lagi nih begini, 😡😡👎👎👎👎",1
"beberapa kali mau kirim pakai gosend respon lama, pengemudi nggak dapet-dapet, kalau gitu hapus aja jasa gosend nya kalau gak mau pada ambil",1
"susah dapet driver udah nunggu 2 jam. driver pada ga mau ngambil orderan, mending ga usah ada lah kalo ga niat",1
mantap,5
lebih murah dari yang lain,5
gila yaa Tahun ini 2026 driver gojek banyak banget yg gak baik. mulai dari ngebully merchant. orderan go-send selalu di tolak pas kita udah nunggu lama. saya ada bukti ss. sampe 3x dapet driver 3 kali juga drivernya main cancel.,1
"driver nya males semua, udah order beberapa kali di batalin terus, menghambat waktu orang aja, padahal setiap saya order pasti selalu sy kasih tip",1
"tolong dong aplikasi nya yg bnr knp dpet drivernya yg jauh bgt posisi nya sampe 20mnit dsuruh nunggu, mikirr dong org ga punya banyak waktu",1
lama dapet gojeknya padahal harganya udah lebih dari seharusnya,2
"Percuma murah hemat klu driver gk ada yg mau ambil, cancel jg se enaknya aja,apakah bebas cancel?",2
ok,5
"aplikasi jelek, susah dapat driver, sekali dapat jauh",1
"dear gojek, kenapa minta update terus? rasanya gaada bedanya antar versi lama dan baru. perasaan blm lama update udah minta update lagi. memori hape makin penuh tar lama2 di uninstall juga nih",1
aman nyaman,5
kalo hujan jelek banget gofood makin lama,1
"kl pesen kdgkdg suka lama bgt bs nyampe 30 mnt ga dapet gojek, trus pake gojek hemat gadapet dapet sengaja bgt diarahin ke gojek biasa yg harganya 2x lipat",4
susah amat nyari driver,1
"halah, driver banyak masa yang nerima satupun gaada, mentang mentang jakarta macet belagu gada yang Terima!",1
mulai sekarang diwilayahku agak sudah dapet gojeknya ga tau kenapa ya. apa kurang ya bayarnya,2
Jam 3 sore Tarif gak masuk akal dan jarak driver jauh butuh waktu 10 menit sampai,1
"𝘛𝘢𝘮𝘣𝘢𝘩 𝘬𝘦𝘴𝘪𝘯𝘪 𝘬𝘰𝘲 𝘫𝘢𝘥𝘪 𝘵𝘢𝘮𝘣𝘢𝘩 𝘯𝘰𝘳𝘢𝘬 𝘣𝘶𝘬𝘢𝘯𝘯𝘺𝘢 𝘵𝘢𝘮𝘣𝘢𝘩 ""𝘯𝘺𝘢𝘮𝘢𝘯"" 𝘥𝘢𝘯 ""𝘮𝘶𝘥𝘢𝘩"" 𝘤𝘰𝘯𝘵𝘰𝘩𝘯𝘺𝘢 : 𝘜𝘯𝘵𝘶𝘬 𝘳𝘦𝘴𝘵𝘰 𝘬𝘦𝘯𝘢𝘱𝘢 𝘴𝘦𝘬𝘢𝘳𝘢𝘯𝘨 𝘵𝘪𝘥𝘢𝘬 𝘣𝘪𝘴𝘢 𝘥𝘪𝘵𝘦𝘭𝘦𝘱𝘰𝘯 𝘱𝘢𝘥𝘢𝘩𝘢𝘭 𝘺𝘢𝘯𝘨 𝙠𝙚𝙡𝙪𝙖𝙧 𝙥𝙪𝙡𝙨𝙖𝘬𝘢𝘯 𝘴𝘢𝘺𝘢 𝘣𝘶𝘬𝘢𝘯 𝘨𝘰𝘧𝘰𝘰𝘥 𝘢𝘯𝘥 𝘳𝘦𝘴𝘵𝘰 𝘵𝘴𝘣. 𝘚𝘶𝘥𝘢𝘩 𝙟𝙖𝙙𝙞 𝙠𝙚𝙗𝙞𝙖𝙨𝙖𝙖𝙣 𝘬𝘢𝘮𝘪 𝙨𝙚𝙡𝙖𝙡𝙪 𝙩𝙚𝙡𝙚𝙥𝙤𝙣 𝙧𝙚𝙨𝙩𝙤 𝙙𝙪𝙡𝙪 𝙨𝙚𝙗𝙚𝙡𝙪𝙢 𝙥𝙚𝙨𝙖𝙣 𝘣𝘦𝘨𝘪𝘵𝘶𝘱𝘶𝘯 𝘥",1
"jelek, ga suka pas ujan dapetnya susah, harusnya kan gampang. kentut",1
bermanfaat,5
"akhir-akhir ini apk sering eror sering minta update ke versi yg terbaru, udah di-update bukannya membaik malah makin memburuk",1
sering kasih diskon dong,2
"best lah apk ini,buat gue yg jajan aja mger",5
terbaik 🙏🤙,5
driver banyak yang deket tapi slalu dapet yang jauh dan kadang di cancel sama driver nya tanp memberi alesan kurang membantu bisa bisa telat kalo mau kerja wkwk,1
"cancel karna posisi driver jauh, baru selang ga sampe 1 menit harga berubah naik jauh, dari 180 ke 214...kan TOLOLLLL 🤣🤣🤣.... kompeni banget",1
"driver nya pada kurang ajar, kalo g niat kerja mending pecat aja, udh di terima pesanannya saya malah posisi driver nya menjauh dan gdaa konfirmasi apa pun !!!!, padahal saya udh nunggu 30 menit buat tunggu dia sampai, tolong driver yg g niat kerja atau yang tolol, belagu pecat aja dehh",1
lelet nyariin driver gofood aja sejam dah ditunggu gak ketemu juga hapus aja gofood kalo begitu terus,1
mantap 👍,5
"Bagus aplikasi transportasi asli Indonesia, layanan terbaik.",5
pengiriman cepat,5
kenapa aplikasi gojek nya GK bisa di buka atau di update,4
Pengantar sabar bawa kue Ultahnya...sangat hati hati. Mantab Sangat Memuaskan pelayanannya,5
"gjls sumpah, gua nunggu 30 menit 5x driver gda yg bnr.",1
aman,5
mantab,5
tidak bisa mengganti metode pembayaran dari cash ke gopay,4
mantap,5
okee,5
sangat bagus.,5
sangat memudahkan,5
good,5
"Karyawan IT programernya kualitasnya makin buruk, aplikasi bagusan yang dulu daripada yg terbaru skrg. Heran ngapain aja kerjanya, bisa kerja gak sih",1
gojek kenapa yah? kalau go food suka di cancel Mulu....plis lah,1
Mantaapp,4
"susah banget dapet driver gosend,padahal banyak driver,nunggu 1 jam lebih belum dapet-dapet driver",3
Drivernya mantep si dari segi pelayanan ramah banget.,5
lama dapet bokingan,1
iklannya langsung masuk apk,1
"aplikasi tolol, kalau ujan selalu ribet",1
baru mau coba,5
oke,5
mantap,5
goodjoob,5
drivernya jelek pada susah gamau ambil pesanannnnnn!!,2
promo gopay jarang sekarang. disuruh ngutang pakai paylatter,2
jelek,1
good Job,5
Bagus,4
mantap,5
mantab,5
mantul,5
nyaman dan aman,5
terus berbuat yang terbaik,5
bguz,5
kerenn,5
pelayanane cepet dak baik,5
"sat set, ongkos murah",5
"parah gojek 2 jam saya cari driver gaada yg nyangkut kecewa sekali, mengecewakan sekali pakai gojek skrg",1
bagus semua selama pakai gojek,5
"Mesen gosend dengan jarak 10 KM, biaya 50 Rebu, sudah nunggu 1/2 jam , masih ga dapet driver. ga ngerti lagi siapa yg salah, antara potongan aplikasi yg besar sampai driver ga mau ambil, atau memang drivernya yang milih milih. parah!",1
"saya hapus rating 1 nya dan jadikan bintang 5, tolong banyakin promo nya dan infokan melalui media sosial",5
"bug tidak bisa kirim pesan ke kurir dalam pengiriman hemat, dan tidak bisa kirim dokumen gambar pada kurir",1
mantap,5
Membantu kalo dapat voucher.,5
driver suka tidak merespon,2
👍👍,5
bagussss,5
cepat poll,5
mantap,5
kenapa kalau jauh dikit sering dicancel padahal kan urgent buat kirim barang kasihn kami yang punya usaha harus selektif seleksi drivernya,1
"sekarang susah buat dapet driver buat gosend, lama banget",2
good,5
bagus,5
👍👍👍👍👍,5
"cepet,baik²",5
oke,5
"aplikasi banyak bug nya, selalu ada aplikasi yang error di setiab bug ny",2
sangat membantu,5
harga makanan sma biaya gojeknya lebih mahal biaya gojeknya,2
ok,5
ok,5
"Apk grab sekarang ko begini, masa saya pesan saat gerimis sampai 1 jam katanya driver lagi rame begitu terus",1
tolong jadi aplikator peka dong sama kondisi terkini. pengguna pada susah dapet driver di berbagai layanan!,1
pelayanan ny baik,5
"susah cari driver, banyak yg cancel orrderan",1
"Baru pertama naik gojek ternyata driver nya gercep fast respon dan tidak terlambat ke tempat tujuan, sukses terus gojek Indonesia",5
"Gojek. kalo cara kalian kayak gini, lama-lama orang makin males pake ni aplikasi.",1
mahal mahal gojek mending beli langsung ke resto guys murah cuma di cityplasa kotabumi tiap senin jumat pukul 09.1400 eib kalo sabtu minggu mahal guys kalo parkir Mptor di area samping pager city plasa ada gapura warna ungu masuk murah tanpa stnk jangan parkir motor didalam ribet mahal pake stnk,1
cepat dan tepat memilih perjalanan yg asik dan menyenangkan dengan gojek murah dan tidak bikin kantor bolong,5
"membantu sangat, soalnya g punya pacar😌",5
sangat membantu dlam kendaraan kalau hujan gak perlu repot² tinggal naik Gocar gak kehujanan. 😀👍👍👍,4
sangat baik,5
kalau ada bintang 10 aku kasih bintang 10. bagus semua pelayanan nya keren.... mau sujud sama yang buat aplikasi ini... ngebantu poolll,5
"Gopaylater tulisnya biaya cicilan 2%, punya saya pas awal pakai aja 2%, lama"" jadi 5%.. Mana aplikasinya gak ada item keluhan lagi. Gak bisa tanya apa"".",1
lemot,1
Membuat semua menjadi mudah,5
"tolong kasih himbauan buat drivernya kalau ga mau ambil orderan bilang!! jgn buat saya menunggu tapi ga jelas, dikira waktu saya hanya menunggu driver saja? sy gunakan apk ini karna biar cepar sampai tujuan, nyatanya? bikin saya terlambat.! lebih baik sy pakai apk sebelah yg bisa menghargai waktu orang.",1
driver gojek gak jelas tiap pasang tarif promo yang ngambil jauh2 jaraknya. udh gitu drivernya ngeluh2 bgt tolol. gak jelas sumpah. perbaikin sistemnya atau kurangin drivernya biar ga terlalu murah ongkosnya.,1
terlalu lama untuk dapat drivernyaa,2
"terlalu lama nyari driver nya, udah 5 menit lebih belum dapet juga",1
di stasiun Tebet lama bener dapetnya... udah beberapa kali skip Gojeg cari alternatif lain.,2
go ride hemat payah nyari drivernya kyknya krn bnyk driver yg gk mw ngambil krn ongkosnya kemurahan,2
"jika goride hemat ya ga ada yang mau ambil, hapus aja pake single rate. buang2 waktu nunggu dan gimick aja",1
"Makin kesini makin bobrok aja, apk lemot transfer gopay ke bank masa 2x 24 jam, payah !!!",5
godd,5
mantap,5
ok,5
good,5
Mantabs,5
sangat cocok,5
pelayanan nya bagus,4
"kl bs Byran nya jgn mahal,",5
"susah sekali saya dapat driver, setengah jam ngak ada terdeteksi",1
gojek membantu saya dalam keadaan darurat seperti telat maupun saya lapar,5
selama ini baik,5
mantap,5
GO PINJAM ABIS DI LUNASIN JAUH SEBELUM JATUH TEMPO MALAH DI TOLAK PAS MAU PINJAM LG . GA TANGGUNG² DISURUH COBA LG TAHUN 2027 LAWAK BENER . GOPAYLATTER JUGA GA TERSEDIA . PADAHAL SAYA DRIVER AKTIF GOJEK . BEDA SEKALI DENGAN JAMAN SAYA MASIH DI GRAB.,1
👍👍,5
bagusd,5
ok👍👍👍,5
"Kenapa kalo pake goride/gocar dapet driver nya yg jauh2 bahkan sering di cancel sama driver karna jarak jemput nya kejauhan ,beda sama sebelah ,gak sampe 1mnt driver nya udh dtng ,perbaiki sistem nya dong kalo kaya gitu terus bukan cuma saya yg pindah ,bisa semua nya pindah ke sebelah",1
sangat membantu,5
halaman gojek+ sangat lag mohon diperbaiki,3
sanggat baik,5
tolong kasih himbauan buat driver kalian agar lebih hati hati di jalan,1
mau daftar aja ribet minta nomer Teflon Lama yang udah ngak di pake ya udah lupa gimana sii,1
"jangan mau belanja pake aplikasi ini guys.. gofudnya mahal banget njir, barang yg klo beli di tempat 70rb di aplikasi ini lebih dari 140rb(berikut ongkir), lebih dari 2x lipetnya.. padahal deket cuma 10 menit bolak balik pake motor.. mending order l*l*move, chat drivernya buat beliin apa yg kita perluin di titik yg kita order.. tinggal kita qris atw tf langsung ke gerai nya.. life hack cooyyy",1
"mau pesen makan malah kendala sinyal, padahal buat sosmed lain lancar, tolong optimalkan lagi",1
aplikasi mahal ..kebanyakan loading...auto delete,1
ok,5
bermanfaat sekali terimakasih,5
baik,5
semakin buruk,1
jaringan error trus a,1
mantap,4
Terimakasih sangat membantu,3
SAT SET TANPA RIBET GO FOOD EMANG MELESATTT,5
Kebab🤤🤤,5
terkadang dapat driver yg tidak bergerak saat pesanan sdh diterima,4
biaya aplikasi SMKN mahal tp promo semakin sedikit,2
gak bisa di cancel pada hal saya salah alamat jauh banget malah gak bisa di cancel,1
"jujur aplikasiny lg knp si, sebel bgt tiap dpet driver drivernya gamau gerak akhirnya harus cancel. trus sklinya cancel psti dpet drivernya jauh2 bgt akhirnya hrus cancel lagi, tolong deh ya😗🙏🏻",2
Sangat memuaskan. Aman dan nyaman,5
Aman lancar,5
"aplikasi gajelas, pesen gocar hampir 3x ganti driver gajelas dichat gabisa hampir nunggu 1jam tanpa kabar padahal driver dekat cuma 1km. akhirnya pindah sebelah cuma 5 menit dah sampe.",1
bagus,5
"banyak driver yang gak mau ambil penumpang, kalo kita pilih ""paket hemat"".",2
mantap,5
Bug terooosss,4
is okey,5
terimakasih krn sudah bikin geme ini,5
Gak bisa ganti dari tunai ke saldo gopay,4
bagus sekali,5
gojek taiii lama sekali berjam jam menunggu tidak ada kepastian🙄,1
"sumoah kesel banget kepencet pembelian langsung gabisa d batalin loh ,ga lagi lagi pake aplikasi ini",1
driver nya masih tetep yg paling sopan dr yg lain,5
Payah ga bisa cariin driver .......aplikasi bobrok...ga guna...payah susah dapet driver..gak guna,1
sulit cari driver saat grimis,2
"titik penjemputan trkadang tidak sesuai d aplikasi antara gojek dg customer, hingga membuat kami cekcok.. tlong perbaiki kualitasnya.",4
"tolong, kalo andai dari awal ga dapet driver kasih info setidaknya 15mnt. itu juga ga bisa dibatalin. udah nunggu 1 jam, estimasi stuck di 27mnt, dan ga ada kepastian.",1
"Sangat Membantu, Jaya Terus Gojek",5
yallah kesian banget driver akun goceng cuma bisa ngelus dada,1
good,5
ini kapan gojek ngadain fitur kirim gambar? ribet harus buka laptop buat fotoin patokan,3
Bagus,5
ramah & sopan,5
baik,5
Tolong dong lebih di perketat aplikasinya! jangan menang nama doang! apa-apaan orang nunggu berjam-jam dan cuman buat di batalin! gua ke mana2 juga telat! liat lah lu punya gojek! batalin seenaknya!! aplikasi di nyalain padahal dia sendiri belum siap! mending kalo dia respon!! enggak! bahkan ada yang bisa jalan-jalan!!! telepon chat ga di respon!! mau nunggu viral dulu baru bertindak?!,1
Apl nya tidak bsa di update yaa,5
dapet driver Jauh2 terus,1
keren,5
"udh paling bener dibeli grab aja atau tutup sekalian, dzholim bgt sama mitra ngasih Argo ga seberapa tapi nganternya jauh, jadi gada yang mau ngambil orderan customer jadi nunggu 1 jam lebih, saya udh 3 jam nunggu gada yang mau ngambil orderan belum buka puasa nahan lapar karena aplikator dzholim",1
puas dengan aplikasi ini sangat membantu,5
sangat bagus👍👍👍,5
mantap,5
udah bagus cuma tarifnya tolong dikurangi dikit tuk Gocar,5
susah dapat driver kalo urusan dengan gofood,3
sinyal full data full. di buka tunggu capek sekali semakin hari semakin lelet aplikasi nya,1
lebih baik grab,1
tak mampu berkata saking nyamannyq,5
driver banyak yg sombong kaga mau ambil orderan,1
"tolong perbaiki sistem yg sekarang ,dapet drivernya jauh jauh bgt !!",1
rekomend,5
ok,5
sangat berguna skl dan bagus,5
"cari driver lama bangett kayak eek oramg lagi buru2,mana malah makin mahal harganya",1
aplikasi gojek sangat membantu .saya sangat senang,5
"Pada saat driver menelepon saya, saya tidak mendapatkan notifikasi serta saya tidak dapat mengangkat telepon dari driver",2
mantap,5
sangat membantu,5
mantap,5
"gajelas nyari driver lama banget padahal reguler, gofood juga sampe 1 jam gabisa dicancel. gaad otakny",1
lawack,1
membantu,5
"drivernya pada milih2, pada cancel seenaknya",1
"kecewa banget, setiap lagi urgent pasti belli di gofood selalu gak dapet driver, habis itu kalo mau di cancel juga harus nunggu lama baru bisa ke cancel. dulu waktu beliin kakakku jiga gitu padahal udah pakai express. terus katanya kalo di express kalo terlambat ada di kasih voucher, padahal sampai sekarang vouchernya juga ga ada sama sekali di akunku",1
Memudahkan Perjalanan😄,5
mantul,5
masa tiap kali order di kasih nya yang jauh mulu.. gak kasian apa sama abang nya makin susah cari orderan ini sih bikin males abang gojek nya,1
"beberapa kali nemu driver arogan... ga mau jemput + ga di cancel orderannya... udah di tunggu lama padahal,,, pas saya samperin dia ngelak kalo bukan itu motornya dll... pas udah alesan katanya sudah di cancel... tidak mau minta maaf malah marah²... saya cuman ada bukti foto nya",2
mantab gojek,5
aplikasi yang memperbudak mitranya,5
sangat membantu,5
menyenangkan,5
mantap sering bnyak promo,5
alamat yang di pasang tidak sesuai dengan yg diinginkan,3
sangatt membantu disemua aktifitass 😇😍,5
good job,5
mantab,5
Kalo yang hemat drivernya ghoib mending diilangin,3
terima kasih selalu memudahkan dalam transportasi,5
skarang cari driver nya susah susah ad adariver yang Deket jg di lempar nya jauh jauh dari titik penjemputan,2
pelayanan digital fitur gosend nya jelek banget,2
dengan adanya gojek pergi k mn pun lbh mudah,5
mantap,5
ok,5
aplikasi nya banyak lemot dan bug,2
Good,5
mantafff,5
"Drivernya sopan, taat aturan Lalin.",5
sejauh ini loveee gojekkk🤩😘,5
"uang saya topup 20ribu di curi sama aplikasi ini, apa saya buat pengaduan ke DPR dan ojk, udah kayak maling aja ini aplikasi, baru kita topup, tiba tiba hilang uang 20ribu",1
mempermudah perjalanan ke tempat tujuan untuk menghindari macet,5
"selalu ga sesuai ekspetasi, udah pesen goride biasa malah dapet setara goride hemat!",1
mantapppppp,5
untuk gosend nyah jlk banget masa aku pesen 1jm ga ada yg mau ambil sama sekali,2
DRIVER GOCAR GJLS LAMA BGT BISA SEJAM,1
"aplikasinya baaagusss tapi sekarang suka kecewa kenapa klo cari driver dapetnya jauh terus... padahal cuaca ga hujan tapi dapetnya jauh terus itu jiga kadang yang deket suka dicancel sama drivernya:( tolongg yaa di evaluasi, terimakasih",3
susah untuk mendapatkan driver saat ramadhan,1
oke,5
bagus,5
menyenangkan,5
berguna bgt,5
sangat membantu,5
bagus,5
Oke bos,5
"Gunakan ikon edit untuk menyematkan, menambahkan, atau menghapus klip.Gunakan ikon edit untuk menyematkan, menambahkan, atau menghapus klip.Sentuh lama klip untuk menyematkannya. Klip yang dilepas sematannya akan dihapus setelah 1 jam.",3
"amanah, senyum, sapa, pesanan memuaskan.",5
"semenjak update pemilihan lokasi jadi otomatis :( mana kalau di edit suka susah, sekarang tiap pesan selalu harus jalan kaki jauh banget karena kosan saya di dalam gang. biasanya tinggal klik lokasi kosan di map, tapi ini otomatis milih lokasi jemput yg dekat dg jalan raya yg mana harus jalan kaki jauh!. sukur kalau tau dimana lokasinya, sebagai anak rantau aplikasinya jadi gak ramah :(",2
makasih pak dah sat set,5
lumayan banyak promonya,5
jos gandos,5
"ini kenapa sih gojek, masa penumpang bisa dikasih komen jelek biar driver lain cancel penumpang? padahal ortu harus pp RS karena penyakit saya pesenin gocar dan bayar cash (ortu yg minta biar mereka yang bayar, karena ortu g ngerti pesan gocar), susah amat sekarang pesan gocar buat ortu bolak balik ke RS",1
"bantu banget sih, tapi antara suggestion waktu jemput di apknya sangat tidak sesuai, thanks deh",1
Jangan Beli Makanan lewat akun gojek ga amanah sama sekali,1
membantu banget buatt ke mana-mana apalagi kalau pulang sekolah ngga ada yang jemput,5
👌,5
"apk yang membantu seseorang yg pingin mkn nan tpi nggk ada motor/mager keluar,dan juga bisa berpergian dengan menggunakan apk gojek ini mantappp",5
gajelas saya pesen minuman teazi di hublife taman anggrek sudah net harga 47 sudah dibayar sudah nunggu sejam tiba tiba di cancel dan sekarang kalau saya pesen lagi harganya melonjak jadi 70 ribu gajelas padahal resto nya sama,1
ada di saat butuh,5
"drivernya sombong amat .. mentang2 ongkosan gw cuma 17 ribu pake gopay, ga da yg ambil.. pdhl di sektr situ bnyak driver.. ga boleh gt bng nolak rejeki, anyep seharian ngehe lu pada.. giliran gw order maxim cm 15 rebu lgsg dpt driver .. gilo sombong .....",2
"Mending lo hapus dah tuh program hemat daripad cust pada pindah ke greenSM..efek prgram hemat,klo psn hemat drivernya pd ga mao nyalain AC..",2
"terbantu banget pakai gojek, enak dah",5
gk baik drivernya gk bnr saya sampai kecelakaan trs drivernya gk tanggung jawab.,1
berguna banget,5
sangat enak dan pengantaran cepat,5
g ribet,5
memudahkan kemana2,5
Terima kasih telah membantu perjalanan kami,5
mantap mantapp,4
okeee,5
good semuanya,5
apk nya bagus,5
puas dan terpercaya,5
ok,5
sangat membantu perjalanan kami,5
saya kasih 5 bintang karna belum pernah kecewa pakai app ini,5
mantaf,5
baik,5
bagus,5
banyak opik,1
masyaAllah sangat bermanfaat,5
menyambungkan internet terus lola ga jelas,1
aplikasi ini sangat membantu banget Joss dah pokonya,5
bgus,5
penyakitan. Kadang mobil di map aplikasi suka ga jalan dan menit estimasi ga berubah2. aplikasi aneh,2
ok baik,5
mantap,5
memudahkan seg alanya,5
"KALAU NGASIH DRIVER YANG NGOTAK DIKIT LAH, LAGI BURU BURU, DI MAP BANYAK DRIVER YANG DEKET, TAPI MALAH DIKASIH DRIVER YANG JAUH DARI LOKASI JEMPUT HADEHHH, BAHKAN DAPET DRIVER YANG UDAH DI TUJUAN, KAN KASIAN DRIVER NYA, DARI LOKASI TUJUAN KE LOKASI JEMPUT LAGI DAN BALIK LAGI KE LOKASI TUJUAN, PERBAIKI LAGI!!!",5
dapat driver selalu jauh dan harus muter tolong map gojek ditingkatkan mencari lokasi driver apalagi di jalur satu arah agak customer gak lama nunggu driver harus muter,1
yesel gu donwlod apps ini ajing,1
nyari driver lama pas udh dapet seenaknya dibatalin sepihak dengan driver ny,1
menyenangkan sekali lagi ok,5
"knp harus driver yg jauh yg dpt,,yg deket kan banyak,,susah dpt driver yg deket",3
tepat waktu amanah,5
sekarang sulit untuk dpt driver kalau lagi order,3
Goks,5
giliran go-ride hemat lama bgt dapet driver nya,1
mantaap,5
"Kenapa yaa skg gojek susah dpt nya...apa driver nya pilih"" yaa..kalau nominal kecil bnyak driver gak mau ambil ....tolong donk d perbaiki sistemnya...ank saya hampir 1jam gak bisa dpt driver sangat mengecewakan sistemnya perlu d benahi agar driver gk pilih"" penumpang",1
sangat membantu di saat urgen,5
"Min tolong dong yang driver driver nya pada males di kasih sanksi apa gimana kek soalnya kalau dibulan puasa gini pada males banget et dah,gada yang nyangkut samsek",1
mantap,5
aplikasi gak guna hampir setengah jam mencari driver Mulu,1
mantap,5
"sekarang gak tau lama banget cari mas ojol nya 30 menit an nyari gak ketemu temu pada gak mau duit apa ya, sama kalo pake confrun mesti yang Dateng kadang bukan yang tercantum seperti PCX tapi yang Dateng secupi dan Vario Dateng beat",3
"drivernya ita itu smua .. klo gk ada yg order sambat sepi giliran ada irder pada pilih"" ... harga lonjakan trus baru ada yg mau",1
skrng jauh2 dpt drivernya 👎,1
dari sekian banyak aplikasi sy lebih suka gojek,5
drivernya stecu smw gd kepastian udh ada yg nerima jg dia g jalan2 wkwk,1
tak ada yang ngalahin,5
"bulan puasa sepertinya pada malas malasan yaaa, udh 45menit gak dapet dapet driver .. mana udh telat banget masuk kantor",2
"kalau bisa 0 bintang saya kasih rating segitu, ini hari cerah ga hujan, tapi tetep aja susah dapet gojeknya, yg deket ga mau ambil, nyangkut yg jauh2 baru dijemput 10 menit kemudian, cari alasan apa lagi kalian? pada sombong amat driver yg deket2 itu ga mau ambil hanya karena pake hemat",1
good,5
bisa membeli makanan dan minuman,5
"udah berpuluh2 pesan , pesanan di batalin trus tolong dong karyawan nya evaluasi lagi",1
allikasi terbaik di indonesia,5
"yange bener dikit lah kalo ngasih driver, masa jauh banget dari titik penjemputan udah gitu lama banget",1
gokil,5
"lama banget kalo dapet driver pas pagi, padahal order sblm jam 6.",1
apk bagus,5
Terima Kasih.. Sukses dan Tetep Jaga kenyamanan dan keamanan,5
memuaskan,5
sangat memuaskan,5
kenapa aplikasinya kalau pakai wifi sering disconect sedangkan pakai paket data lancar,4
wokeeee,5
sangat berguna sekali,5
"sumpah ya menu gojek skrg ngelag bgt, data udh kenceng banget tetep aja aneh bgt, sblm update gk gini dah",1
"Gojek kenapa ya sekarang agak lambat dapat driver nya? padahal udh pake fitur prioritas, tapi sama aja. sekalinya dapet jauh sekali karak drivernya jadi harus nunggu lama dan itu sangat membuang waktu!!",2
"mudah penggunaannya dan driver selalu ramah,nyaman dan hangat dalam melayani",5
Di Do'ain kedepan makin Jaya Tetep Creatif. sukses nyenengin Costumer dan driver berimbang.,5
"saya harap kedepannya gojek makin baik lagi, dan nambah fitur QR tuk pembayaran nya ketika saldo gopay saya habis saya kesusahan tuk bayar terimakasih",4
"driver lu mines attitude, tugas cuma ambil orderan aja banyak komplen, outlet gua udh tutup tiba"" masuk pesenan gua lgi chat sama customer mau cancel malah playing victim gegara bukan daritadi batalin nya jauh"" ke outlet, emg udh tugas dia jdi driver kenapa sok nyalahin gua yg konotasi nya gua jg bingung ada orderan masuk pdhl udh close di aplikasinya, klo gua kgk sabar mah udh gua ributin, malah sok ngatain fisik lagi driver tolol pantes jadi driver kerjaannya gk ada attitude",1
"aneh bgt masa pelanggan kena suspend karena membatalkan. padahal dptnya jauh2. drivernya minta cancel, atau ga mau jawab, ga bergerak tp ga mau mereka yg cancel. Namanya pelanggan berhak memilih donk. kan ga merugikan, drivernya jg blm jln.",1
lumayan membantu kelancaran proses pengantaran barang dll. 👃👃👃,4
"fiture batalkan gojek plus tidak ada di versi terbaru, bertanya ke cs solusi pun tidak ada",1
makin parah pelayananya,2
"gila gojek, ngasih waktu buat pickup gofood gak kira². bisa sampe 1 jam. sakit sih",1
mantap Bos,5
"banyak problem, banyak driver asal cancel",1
aplikator kebanyakan tipu muslihat.,1
"sangat kecewa dengan gofod nya terutama nasi goreng sedap malam kembangkerep saya sudah nunggu 1 jam malah di batalin sepihak,makan waktu banget apalagi buat sahur duh kecewa berat sangat berat🤬😡😡🤬😡😡🤬😡😡🤬",1
"gajelas, 3x pesen di senayan di batalin driver mulu, padahal driver udah jalan, apk system hama",1
tidak menyenangkan masa ada sopir gk tau jln harusnya bayar 120 ini jadi 150 tolol,1
mntap,5
perbanyak promo agar tidak kalah sama sebelah,5
Makin sampah ni aplikasi beserta pengelolaan ke para mitranya,1
sangat mempermudah perjalanan,5
driver nya batalin pesenan mulu,1
ok,5
Ok,5
OK nyaman Sat Set,5
lebih mahal ongkirnya dari pada harga makan nya bisa 2X lipat ongkirnya dari pada harga makanannya,1
ok banget,5
ok,5
"Aneh dibulan puasa malah sulit dapet driver, harusnya di bulan"" kek gini harus di siapkan",1
"Awalnya saya nggk ada masalah pakai gojekk....malah sya lebih suka pakai aplikasi ini daripada aplikasi satunya tapi sepertinya perlu perbaikannn baik secara sistem maupun driver sya seringkali maps tidak sesuai dengan alamat rumah saya padahal maps sya sudah sesuai dan sya aktifkan...jadinya sya pernah terlambat ke tempat tujuan, alamat sya dimana driver dimana....dan kali ini driver dengan seenaknya nambah biaya parkir padahal sebelumnya sya sudah bilang akan menambahkan tip...",2
sangat membantuku dalam berpergian,5
"saya, senang memakai aplikasi gojek drafer nya ramah",5
bagus,5
pesan gofood sejam gk sampai sampai kendala driver gk ada yg mau ngambil,1
"baru pernah kecewa sama gojek. driver ga bisa di hubungi, cs juga ga membantu🙂 parah dah. hubungi cs bukannya ngebantu malah ngasih info yang udah ada ga perlu di infoin lagi🙂",1
mantap,5
gofood suka telat jauh 1-2 jam bete banget gak ada kompensasi seperti di shope ada voucher 10-20ribu untuk keterlambatan,1
sekarang gak bisa liat posisi driver dimana,1
ikut beta dong,5
bagus,5
bagus,5
membantu banget kalo lagi mendadak ini aplikasi 😁,5
banyak membantu sy saat berpergian,5
"mahal, kualitas driver nya juga jelek² seenak jidat mereka aja",2
"saran aja utk yg baca kl lg laper bangettt... mending keluar cari makanan sndiri deh jgn pesen goofood, keburu pingsan nanti wkwk",1
padahal pesanan baru ke klik belum 1 menit tapi tidak bisa dibatalkan padahal ada kesalahan pemesanan,1
aplikasii yang sangat bagus,5
paling okelah kalau soal mesen makanan :D,5
driver nya pada males ngga mau pada ngambil orderan terus sekali nya di ambil ngga mau nunggu baru datang sebentar udah langsung pergi,1
sangat membantu bagi orang yang mageran untuk berbelanja keluar👍👍,5
"driver lu pilih"" costumer jauh dikit cancel, estimasi lama banyakin driver, gofood harnya nya g ngotak pusing dah gua mah",1
membantu sekali,5
pokoknya memuaskan,5
bagus,4
gojek dgn aplikasi yg cukup mudah di pahami sangat membantu keprluan transportasi masyarakat .,5
"plislah di gofood nya buat batalin pesanan masa harus nunggu lama sekali anjir, bener""terlalu lama, minimal 15 menit tunggu kalo gadapat driver seharusnya udh bisa batalin biar customer bisa pilih opsi lain buat pesen makanan, udh itu menit nya stuck di 12 menit terus, kapan selesai anjir lama bet dah, udh tunggu lama pun belum pasti dapat driver, ujung"" juga pesanan dibatalin, kalo gitu mending dri awal batalin dri pada nunggu lama buang"" waktu, ga jelas banget anjirlahh",1
gampang,5
bagus banget aplikasi nya cepat,5
oke,5
mantap,5
aku pesen maknan 2 kenap cuma dateng 1,1
"gojek percuma ada hemat lama banget nunggu, regular juga lama banget nunggu hadeh parah gajelas",1
"tolong untuk team itnya kasih menu penilaian untuk driver yg batalin tiba"" padahal sudah nunggu lama, pengalaman saya rugi nunggu driver sampe 3 jam di batalin terus beberapa driver suspend bila perlu",5
mudah belanja,5
"Hanya karena drivernya lagi pada sibuk di cancel sm sistem, kuciwa ah",1
"apk bejat,udah dri jam 17.00 sampe jam 18.00 ga dapet dapet driver sekalinya dapet langsung di cancel",1
"lama dapet driver nya, lagi buru buru malah ga dapet² driver, lama banget udah kejadian dua kali, kali ini bener bener parah saya pesen jam berapa dikirim jam berapa",1
respon dalam menanggapi laporan nya sangat cepat serta tidak berbelit Belit.Munkin itu saja dari saya untuk mendeskripsikan hal ini👍,5
"driver go food susah banget dapatnya, sekali dapat di cancel, udah nunggu sejam lebih ga di pick up",1
ok,5
"okeh sih,kalo bisa coba memulai untuk eskalasi beberapa driver",5
"masa nunggu driver gofud smpe sejam mau 2 jam,buat berbuka jdi gk bisa",1
"sudah hampir 4 tahun saya pakai gojek, tahun ini dibikin kecewa karena sistem aplikasinya jadi jelek. Pesanan saya jadi sering di cancel sepihak sama aplikasinya perkara drivernya gak mau ngambil pesanan saya. Jadi malas mau pakai lagi",1
mahal amat ongkir nya pas pesan makanan,1
sukak,5
aplikasi semakin lama semakin berat. tolong di evaluasi.,1
sukses selalu,5
"gojek makin sinting, masa pesan makanan ada biaya penanganan. gila besar lagi harga penanganannya sama dengan harga makanannya. makin malas pakai gojek, mendingan shopee atau maksim",1
tiap² order agak jauh minta bolak balik gak bisa se balik kalo enggak pngkos di naikan 2x lipat .alasan baliknya kosong .jangan ngojol kalo gak mau jauh narik angkotan perkotaan aja.. payah gojek,1
baik pelayanannya,5
sangat membantu,5
"SELAMA ITU DAPET DRIVERNYA, GA SEKALI DUA KALI PLS SERING BANGETT",1
nyari goride hemat udah hampir setengah jam ga dapet dapet. buat apa ada goride hemat kalau gitu.,4
"PESAN MAKAN SAMPAI 2 JAM GAK DAPAT DRIVER PADAHALL DI JAKARTA, TERUS DARI PIHAK RESTONYA JUGA GAK BISA CANCEL",1
terimakasih atas layanannya,5
"APK JELEK, DRIVERNYA SOMBONG2 SEMUA HARGA MURAH PADAH DI CANCEL2 SENGAJA BET SEKALINYA DAPET MALAH DI LAMA2IN BIAR KITA YANG NGE CANCEL",1
bagus,5
memudahkan kemana mana,5
kaga jelas ni sinyal padahal bagus isu jaringan buru dari kemaren kaga jelas,1
mantappp mempermudah kita ketika malas untuk keluar,5
ok,5
jos lancar jaya,5
senang memakai layanan gojek,5
good,5
bilangin sama driver nya kalau ga niat narik jangan nyalahin apk nya,1
mantap,5
"semoga Go-Jek lebih baik lagi, thanks selalu on time. lebih savety mau pergi kemanapun. Go-Jek super bagus'",5
"apknya aneh bgt masa iya aku may hapus akun ada aja kendala sinyal padahal buat buka apk lain sinyalnya oke, dr wifi pindah ke data masih aja sama, emng gitu ya se enggak maunya dihapus akun sama pengguna. makin males",1
oke,5
"nyaman ,driver nya ramah",5
"Sumpah saya kecewa. Niat takeway mie gacoan malah akun saya dibekukan dengan alasan yang tidak jelas. Padahal saya tidak pernah sekalipun melakukan pelanggaran. Semua yang saya order juga saya bayar kok, bahkan saya lebihkan. Ongkir mahal? Saya tidak masalah, tetep saya bayar. Tapi apa yang saya dapatkan? malah begini. Udah aju banding, dijelaskan panjang lebar tapi tetep aja tidak di cek secara benar . Percuma",1
Luar biasa pelayanannya,5
gojek ga jelas wifi lancar data lancar ttp di bilang koneksi lambat,2
gabisa login terus padahal jaringan bagus,1
"uang saya sudah 3 kali hilanh di gopay 100rb, 30rb, 50 rb",1
"driver gojek banyak problematik, males kerja, ha pernah bersyukur banyak tingkah maunya cuan tapi ngambil orderan lamban giliran di protes banyak alesan mending ngemis aja bg daripada narik banyak ngeluhnya MENDING PAKE GRAB MASIH JARANG DRIVER BELAGU",1
makin mari makin amburadul sistem loe.,1
enakk polll,5
"banyak promonya, makasih",5
selalu suka pake gojek,5
oke,5
Bagus,5
masih good,5
gojek mantap 👍👍👍sll naik gojek kemana pun,5
sangat membantu,5
"lama kebanyakan di cansel, pada sombong drivernya, sudah pakai fitur prioritaspun masih sama saja, tolong di bilangin ke mitra nya. jangan sombonggg!!! milah milih orderan",3
GOJEK EMG PILIHANKU SEJAK DULU🙏🏻❣️,5
sangat puas,5
baik dan hrs tingkatkan promo,5
"mau masuk di tolak terus, hapus z males ribet",1
"asli susah sekali buka apk ini padalan buka yt,Ig,dll lancar aja",1
bagus,5
all good 👍,5
luar biasa,5
luar biasa aplikasi nya bagus sekali,5
"untuk gofood semisal tutup atau ganti nama outletnya, dr sisi pembeli tolong diadakan pilihan pembatalan. Karena lempar2an antara driver, pembeli, outlet restonya, pdhl yg salah outlet restonya. Saya pembeli sampai harus bikin laporan 4x br direspon batalin.",1
gojek membantu banget.apalagi saat lapar di malam hari.apalagi saat mau pergi mendadak selalu ingat gojek.gojek pasti ada jalan.semoga sukses terus.,5
bagus,5
"pelayanan buruk, pesen gofood gak dapat driver + ga bisa di cancel sampe 2 jam ga jelas, sudh bayar via gopay tapi ga kunjung dikirim dengan alasan tidak tapat drivernya, ini gimana, di cancel sendiri ga bisa, tapi dari pihak resto dan apk tidak kunjung membatalkan, uang saya hilang makanan ga dapat !!",1
gojek membantu aktifitas sehari-hariku,5
"titik jemput selalu bergeser, jadi bisa nggak sesuai dengan titik real lokasi kita, dikira driver kita salah cust yang salah naruh titik, padahal di aplikasinya geser sendiri nggak bisa naruh titik sesuai kehendak kita",2
"Saya sudah menggunakan Gojek sejak SMA hingga kuliah dan biasanya pelayanannya baik. Namun pengalaman terakhir cukup mengecewakan customer berusaha ngehargain driver dengan ngasih bintang 5 dan tip tapi drivernya semena"" sama customer",2
tingkatkan terus dan tanpa memilih penumpang,5
memuaskan,5
"aplikasinya worth it bgt, jd ga ribet klo mau pergi kemana pun.",5
guutttt.....,5
"lelet bngt gatau kenapa, katanya ga ke hubung koneksi padahal wifi fine2 aja, pke apk sebelah oke2 aja. ini malah lelet bngt kalau ada rating setengah aku rating sgtu, baru kali ini kecewa sm apk biasannya sama manusia",1
nice aplikasi,4
susah dapat driver kalau pesan tengah malam,1
"tolong yah iklan menggangu nonton youtube sy, setiap menit muncul mulu, gx nyampe satu menit malah bbrp detik muncul sendiri gimana sih",4
cukup membantu,5
cepattttt,5
nyaman selamat sampai tujuan,5
mantap,5
membantu berpergian jarak pendek dan menengah,5
mntb membantu bisa pesan kpn saja,5
terimakasih Gojek,5
maaf ku kasi bintang 1. kenapa pas mau pesen ojek tpi kaya gk ada jaringan alias lemot padahal jaringan lancar buat ini itu yg lain bisa tpi pas mau pesen ojek selalu lemot udh aku uninstall trus instal lagi tetep kaya gitu. tolong dong perbaiki. karena saya mau pergi kerja jdi terlambat gara gara ini,1
cepat dan tepat,5
baguss banget,5
bagus,5
"kurng puas,dapetnya selalu yg jauh""dari lokasi",2
aplikasi dongo sangat lambat merespon nya,1
mantap,5
jdi lebih mudah tiap mau bepergian,4
mantap,5
bagus dan mpeudah sayang pergi kemana saka,5
PARAH BANGETT ORDER NYA LAMA,1
"mungkin aplikasinya sudah bagus hanya masalahnya ada di driver yg ketika sudah pesan dan tiba2 di cancle semaunya sama mereka,udah GTU mereka minta bayaran 2 kali lipat padahal mereka sendiri yg cancle,kasih rating jelek, mereka ga terima Ampe datangin rumah dan minta laporan rating jelek di batalkan,tapi setelah dibatalkan ujung2nya seakan memeras, mereka kompak meskipun salah,seolah negara ini kekuasaan mereka",4
"Aplikasinya Jelek sekarang, 30 menit mesen ga dapet dapet.. makin kesini makin buruk drivernya..",2
good job,5
mantap,5
ini aplikasi apa an y kok susah amet yari tumpangan,2
"tolong waktu maksimal mendapatkan drivernya jngn terlalu lama agar jika tidak mendapatkan driver bisa dibatalkan.sudah lama menunggu masakan siap, harus lama menunggu mencari driver kembali dan hasilnya nihil",1
tolong di edukasi lagi sama drivernya parkir itu yg bayar customer bukan tugas tukang parkir kalo bisa di tambahin di fitur apknya keterangan parkir,1
order langsung dapat driver,5
"susah bgt dapet driver, udah pakai prioritas tetep lama",1
lebih setengah jam nyari driver,1
Gedeg pesen gofood pada ga datang udah imsak adzan nungguin jadi ga puasa mana nungguin udah mau 2 jam bad banget 👎🏻,3
"Jujur ga ngerti deh. Kenapa sih kalau hujan lama bgt nyari drivernya? sesusah itu? Pasti ada ga sih driver yang online buat nyari makan, bisa2nya 1 jam kagak nemu2 Aplikasi online lain aja pada mau. Kan yang make gojek banyak, udah besar juga perusahaannya, masalah kecil gini doang gabisa? aneh. Antara buat maksa pake layanan yg lebih mahal padahal sama aja lamanya",1
aplikasi gofood tertolol,1
gila yah driver gojek udh di tungguin hampir 2 jam lebih tapi setiap mau pesen di cancel mulu padahal saya pesen yang prioritas tapi di cancel mulu,2
"Yang bener aja lu gofood, gua pesen makanan dari jam set 4 niatnya buat sahur tapi disuruh nunggu sampe set 5 buat dapetin Drive dan selama itu gabisa dibatalin sama sekali, keburu imsak woy. Ga bakal gua pake gofood lagi amit amit, mending SHOPEE cuma perlu nunggu 12 menit langsung bisa batalin sendiri ga ada drama kek disini",1
gofood nya lambatt asyuu,1
"drivernya lama, pilih2, belagu banget, dapat rejeki kok ga mau ambil heran",1
lama dapet drivernya,1
"Ga adil banget aplikasinya, ada fitur rating buat customer juga tapi si customer gaboleh buat lihat ratingnya sendiri, sedangkan driver bisa ngelihat rating mereka sendiri, ini bakal berpengaruh buat orderan selanjutnya karena driver juga mikir buat ga ambil customer yang ratingnya rendah sedangkan customernya sendiri gatau tentang itu. Buat yang mau pake aplikasinya mending berhenti karena ngerugiin banget.",1
makin hari makin eror aja nih gojek padahal di maps ada driver tapi GK nyantol nyantol sampe 2 jam,1
Ok,5
mudah dan cepat,5
bagus,5
bagus,5
"banyak yang perlu di perbaiki, 1. saat pemesanan makanan chat kepada driver sering terhapus sendiri itu menyulitkan saat pemantauan pemesanan 2. tidak adanya layanan pembatalan pesanan padahal saya ingin merubah alamat 3. sulit mencari driver 4. pemesanan makanan jam 11 sampe ke pada saya jam 1 malam 5. tidak mudah digunakan",1
"tolong buat gojek, mlm psen msa 1 pun gk da yg mau ambil katanya praktis dri skian bnyak driver gk da yg ambil",1
"maaf ya sy ksh bintang 1,selama ini tdk prnh telat byr gopinjam. yg namanya manusia baru telat sebentar udah dikata2i,dimaki2 lewat fitur chat gopay. tenang2 sy bayar sebunga2nya.",1
"driver kalian tuh kalo lagi ujan suka males banget ngepick orderan saya, bikin saya telat masuk kerja tiap hari... oh ya saya order makan 2x ga dapat driver",1
sangat bermanfaat sekali,5
"metode pakai double order, bikin LAMA SAMPAI MAKANANNYA, KEBURU LAPAARR !!!!",1
makin sukses makin majuu,5
"sistem yang celah keamanannya sangat rentan dan sistem sering down di saat banyak yang menggunakan dalam 1 waktu khususnya di jam jam sibuk. Tolong di perbaiki server dan sistemnya dan securitynya tolong di perkuat semua layanan di jam sibuk sering kali sulit mendapatkan driver, khususnya gofood seringkali pembatalan dari sistem dan seringkali menunggu sangat lama >1jam customer service atau pusat bantuan di tidak resonsif terhadap customer terkait hal yang dilaporkan CS AI nya di latih diupdate",1
"sekarang order goride selalu dapat driver yg sangat jauh, kita mau cepat driver juga butuh cepat jdi sama"" ingin cepat,tolong perbaiki, kalau masih seperti ini lebih baik pindah ke aplikasi sebelah yg lebih baik",1
"kalo nyari driver yang beneran dikit lah, kondisi urgent di cancel terus",1
"maaf saya kasih b4, sebenarnya aplikasi nya udh oke, tpi harus buat evaluasi kedepannya biar gampang cari drivernya biar lebih mudah. saya pesan goride di jam 11 malam susah, pake prioritas jg susahnya. itu saja sih yg mau aku komen",4
Mantap,5
dapat driver lama,1
"sya blm lama menggunakan aplikasi/jasa ini,jdi sya kasih 4 dulu ya 🙏🏻 kalo ga mengecewakan psti sya ksh bintang 5 🙏🏻",4
pencarian lama ketika hujan. gak worth it,1
Pakai gosend tdk mengecewakan. pelayanan cepat 🫰,5
pesan gofood nunggu ya sampe 2 jam gilla sibuk bener ni gojek udh pake experes tetep ajh lama dari 35 ke 45 ke 65 total jadi y 125 menit...,3
"Pesen gocar 2 jam gadapet padahal baru jam 21.30, buat apa aplikasi ini kalo gada mitra.",1
good,5
mantap,5
Terimakasih sangat membantu walaupun agak telat tapi terimakasih,5
"drivernya udah pada kaya, ga mau ambil orderan",1
mantap,5
mana BHR buat anak sameday woy,1
mantab,5
Makin gajelas sistemnya. orderan kepental²,1
Halo semuanya selamat datang di Gojek,5
makin lamaaa makin susahhh dapet driver dan selalu di kasih driver jauh2 .. kirain karna driver nya yg gak mau tapi ternyata driver nya juga ngeluhhhh .. performa aplikasi gak di perbaiki !!,1
"saya kasih bintang 2 dulu ya, soalnya ada kenadala di tokopedia.. kenapa saldo gopay latter saya di tokopedia tidak muncul ya saat pembayaran, padahal saldo gopay latter saya di aplikasi gojek sudah nambah dan terupdate mohon bantuannya",2
"KENAPA SI, ARAHIN DRVIERNYA YANG JAUH JAUH TERUS!! BIKIN SISTEM YANG BECUSS",1
"astaghfirullah padahal mau mesen buat sahur, tpi knpa susah digunainnya sih hah. buka aplikasi apapun gk ada yg ngelag giliran buka gojek astaga..... saya pake wifi sendri gk maling gk ngutang kenapa di persulit hah ya Allah",1
mantapo,5
"BAGUSSSS BNAGETTT, pertama kali gojek yg buat kirim food ituu, dikasi diskon ambyar busett, makasi gojek, lop yu 😍😍😍😍",5
keren,5
ok,5
"terima kasih, sukses berkah sehat selalu",5
aman,5
jossss gojek,5
"gojek tuh kalo malem atau ujan susah banget dapet driver, padahal titik gojek deket2. jelek bgt",1
mantap,5
Ok,5
respon cepat biaya murah,5
"Aplikasi Gojek terkhusus layanan GoFood belakangan ini SANGAT MENGECEWAKAN!! Beberapakali order makanan, bilangnya sementara diproses tapi lama sekali menunggunya,, enggak bisa juga konfirm k Resto terkait pemesanan!!Mw Cancel juga enggak bisa,parah,,chat dgn CS nya sangatt ribet sama sekali enggak menyelesaikan masalah,,itw2 saja komentarnya!! Dikomplain malah diminta nunggu,,mw sampai kapan nunggunya??Tamu yg mw disuguhi makanan/minuman sudah pada balik semua krn kelamaan menunggu!!PAYAH!!!!!",1
good job,5
Bagus,5
"overall lumayan, tapi nyari driver suka lama, udah di tungguin juga malah di cancel, make pencarian cepat sama aja",3
aplikasi yang tidak membuat nyaman pengguna,1
tolong akun saya ngk bisa buka saya driver lama tdk ngebit,5
Aplikasi yg sgt memudahkan,5
"THR DRIVER MNA INI GOKILAT, PILIH KASIH BANGET",1
bagus membantu,5
terimakasih,5
"gojek sekarang knp ya, sya dari klinik mau pulang cari driver gak dapet2. dapat pun driver di chat tidak jawab dan di map tidak bergerak sya tlpn juga tidak diangkat ada yg dapat tapi posisi nya jauhh. sya nunggu 50menitan tidak dapat driver dan akhirnya di jemput.",1
"layanan gojek skrng tidak seperti dulu.apalagi gofood.selalu salah,tapi tidak di tangani.tidak ada tindak lanjut.sekarang bikin kecewa.",1
kacau,1
gojek mantaap,5
keren pokoknya,5
aman nyaman bersama gojek,5
bagus,5
"tolong ya pihak gojek di benerin dulu attitude pengemudinya di jalan, sembarang semau mereka aja bawa motor. mending klo kecelakaan mereka nya sendiri yg rugi,ini pasti kan org lain juga rugi. udah berkali kali bahkan mungkin puluhan nemu driver ngasal bgt klo di jalan! klo kesenggol aja playing victim, tp klo mereka yg nyenggol langsung kabur!",1
bagus,5
lemot,1
Kecewa bgt sama pelayanan ny... Jrak dkt tarif ga seberapa seenknya nge cancel drivernyaa padahal klo nyari rezeki jgn pilih2 y... Muter balik sdkt aja gamau krna mngkn ongkosny yg ga seberapa itu.... Hrus byk bersyukur pdhl nyri uang ga gampang...,5
pengemudi pada belagu. udah si order pada lama Kya ngga butuh duit.. lagian udah di tungguin malah si cancel..,1
driver lama + apk g jelas mending grab,1
okee punya,5
"sudah hampir 2 jam saya nunggu, saya sudah kasih harga mahal buat goride tapi tetap saja tidak ada yang mengambil orderan saya dan saya tidak jadi pergi ke tempat latihan saya gara gara tidak ada driver yang mengambil orderan saya",1
membuka aplikasi loading truss. padahal internet jaringannya stabil. buka aplikasi grab juga lancar. gtau knp gojek kok ngeblank Mulu .....👎👎👎,1
sangat memudahkan hidup,5
aplikasi tdk mau tersambung dengan server padahal saya sdh pake internet bahkan saya udh cek internet dan ga ada yang salah sama internet saya 😑😑👎👎👎,1
Kurang rekomendasi untuk gofood nya driver nya sering tidak ada saya tunggu 1 jam lebih kelaparan ujung ujung nya dicancel alhasil saya yang ke resto nya mending bisa dicancel daripada begini tidak akan pernah saya gunakan lagi ini gofood,1
sangat membantu 2026,5
kesel banget bbrapa kali order gosend atau gopud gaada driver mulu heran,1
"driver pada ngeselin nunggu lama dah 2 kali malah di cancel,diaplikasi ada posisi driver dekat malah dikasih diatas 5 km.aplikasi payah.ujung ujungnya malah naik angkot.haduh.hapus lah",1
aplikasi cacat,1
"Tolong klo respon jgn srh komputer yg jwb,.pesan gofood mau di batalin udh 1,5 jam,resto gk ad kbr..mnta batalin srh tunggu sampe 1 jam lg..keburu buka puasa,aneh nih gojek lama2..takut klo yg jwb manusia nti dimaki2 pasti..",1
sangat membantu,5
"Kemarin² kasi bintang 5, tp sekarang bintang 2 aja. Gofood ngeselin bgt! Ga ada driver yg ditugasin dan udah dua kali kayak gini, sengaja ga mesan pas waktu rame, eh sm aja! Org udah berharap mau makan jg. Aneh, padahal pas pemakaian 2024-2025 fine2 aja tuh.",2
"sy pesen tokped/tiktok selalu mencari2 driver udah 10x gonta ganti drivernya, dan sy tanya driver yg terakhir kata beliau orderan selalu dicancel system padahal driver tsb udah jalan kelokasi toko atau tempat pickup barang tsb dan baru 10menit jalan. tolong diperbaiki niatnya mau cepat sampai ini bisa 2 harian.",1
"Pesan Gofood, estimasi datang 70 menit. Pas makanan sdh jadi tpi tdk ada driver yg bisa mengantar, order otomatis batal. Harus pesan dari awal, padahal sudah sejam lebih menunggu.",1
recomended👍,5
kenapa Pickup nya Jauh² banget si? apalagi Kalau abis Ujan. nyari nya susah banget padahal di pencarian ada itu yang Deket Deket kenapa ga ambil yang Deket aja. mana Nunggu nya lama banget Ampe mau sejam. padahal jarak ga terlalu jauh,3
gak bisa di batalkan kambing,1
saya menunggu draver lama,1
gangguan mulu app ga mutu,2
"knp ya klo mesen suka lama bgt sekarang, trus kalo pake yg hemat lama bgt dpt drivernya ambil",3
assalamualaikum pa kenapa di Cirebon susah banget nyari gojek pada niat ga nyari uang,2
"aplikasi menghubungi driver lama aplikasi pembatalan terlalu lama, sampai 1 ½ jam, bgmn kalau wktu pesan mepet...sdh tdk ada waktu tuk pesan makanan lagi dong😡",1
gojek sangat membantu aktifitas keseharian saya selain itu banyak promonya.,5
Sangat membantu+banyak promo😍,5
"order go food 1 jam gk dapet2 driver nya, dibatalkan gk bisa. ampun dah gojek bener2 ya",1
kemudahan dalam genggaman,5
"masalah d driver nya pada belagu, mentang mentang mode hemat kagak ad yg mau ambil",2
Okk siepp,5
"aman nyaman,ramah,trimakash goojek",5
saya ada masalah transaksi bukannya dihubungi ke cs malah di suruh berputar putar,1
"nyebelin nyari drivernya lama bgt ngabisin wktu, bnyk driver yg jutek, lama dtng nya diubah ya",2
"oi gojek yg bener aja lo , jarak yg harusnya 9km , di aplikasi gojek jadi 31km dan gw harus bayar 148rb, yg harusnya gw cukup bayar 45 ribu, aplikasi lo makin ngaco !!!",1
okeh..👍,5
"pesen ga nyangkut nyangkut, ujan juga engga, sistem lemot mengecewakan, harusnya gojek bisa jadi pilihan disaat urgent,",1
aplikasi jelek tiap pesan gojek atau makan pasti lama dapet driver nya,1
aplikasi nya lemot mau order makanan muter muter aja,2
ok,5
"nunggu 1 jam ga dapet"" apaan",4
sekarang nyari driver nunggunya lama banget heran,1
tarif gojek mahal,1
cepat alias tidak lelet,5
"makin lemot aplikasinya,udah gitu setiap proses pencaharian pendingnya lama,sekalinya cepet jauh banget kadang di cancel terus karena pake hemat",1
"APLIKASI JELEK !!! PESAN GORIDE BAYAR PAKE GOPAY MALAH GAADA YANG MAU AMBIL, SEKALINYA DAPET MALAH DIKACANGIN, DRIVER GAADA RESPON. SISTEM HARUS DIPERBAIKI, JANGAN SEENAKNYA AJA",1
nyari griver gojek lama banget nguras emosi doang padahal di maps keliatan loh banyak driver gojek disekitaran saya,2
"Parah Gojek ! Driver selalu cancel pesanan terus. Padahal kondisi bener bener urgent butuh kalian. Lebih dari 5 kali saya di cancel oleh Driver Gojek. Sudah saya coba yang comfort dan coba pesanan prioritas. Tetap saja nihil, di cancel terus. Tolong diperbaiki lagi layanan nya. Kami benar benar butuh kalian dikala waktu waktu penting. Perbaiki layanan driver, jangan suka cancel terus.",1
gojek saya keluar notif ada gangguan teknis saat login ke gojek dari tanggal 6/3/2026 gopay pun sama terjadi eror,2
tolong ada fitur hemat data,5
susah bgt dapat drivernya,1
lama banget nyediain go ride hemat ga ada yang ngambil pesen yg go ride biasa jg ga ada yg ngambil sklinya ada jaraknya 12 menit dari lokasi penjemputan,1
leleett bgt,2
apk jlk Go-Jek banyak tapi ga ada yang ambil orderan,1
buat apa ada promo hemat tapi drivernya gaada yg mau ngangkut dan harus pake harga normal jelek,1
mie gacoan gw lama banget di bikin nya,2
Ngebug mulu mau masuk gabisa,1
"Driver banyak tapi confir nya lama, pada hitung hitungan jarak dekat",1
cepet dan ramah,5
mempermudah keperluan,5
ok,5
oke,4
"gojek makin sini makin jelek, gw ngambil gojek hemat pada pelit-pelit ga ada yg selalu mau nerima.",1
"nunggu lama² udah sekitar setengah jam, tiba2 pesanan batal. yg jadi pertanyaan kenapa ga dari awal aja dibatalin? ini orang mau buka puasa nunggu udah lama harus nunggu lagi, kaya sengaja nunggu jam sibuk/ujan biar harganya naik, mending apps tutup aja bang, bukanya pas lagi ujan aja nih apps | update petgl 7 Maret 2026 : pesen makan buat buka jam 15:00 dan sekarang jam 15:50 baru ada notif dibatalkan, gila sih notif di app rame itu jam 16:00 ini pesen dari jam 15:00, keren 👍",1
"lagi urgent susah bgt dpt driver, giliran udh dapet lokasi driver terlalu jauh",1
"Driver pada males kalo lagi ujan nunggu spe 20mnt, sekali dapet jauh lebih jauh dri tujuan 👎",1
HUJAN MALAH LAMA DAPATNYA HADEHHHH EMANG SESUSAH APA SIH LO BELAH LAUTAN JUGA NGGAK BIKIN SUSAH AJA!!!!!,1
sangat membantu👍,5
"Kebanyakan Driver cancel orderan atau pilih"" orderan..apa lg di kondisi saat ujan banyak driver yg gak mau ambil orderan,kalau emng kondisi ujan jgn di aktifin akun'y klo males ambil orderan..",2
hari ini gangguan kah? aplikasi tidak bisa dibuka,3
"Akhir-akhir ini suka susah dapat driver ketika memesan go ride. Padahal di aplikasi banyak driver yang lokasinya dekat, tapi selalu diberi driver yang lokasinya jauh. Kadang sudah memesan 30 menit lebih, tapi tetap tidak mendapatkan driver.",5
"driver mobilnya lelet,suka nyasar padahal map udh sesuai,suka gabales chat",3
top,5
memudah kan pesan makanan dan banyak promo,5
bermanfaat,5
membantu sekali. buat jemput anak pulang sekolah ketika sibuk,5
"aplikasi lemot banyak bug pdhl internet lancar,ongkir ga ngotak,estimasi waktu ga ngotak,cari driver lama,ga rekomen",1
"LAMAAAAAAAAAAAAA BANGET. yaampun min gini ya rumah aku dari tempat les aku itu jauh lebih deket loh daripada aku kesekolah, tapi harganya kok bisa jadi beda jauh bgt? aku ketempat les paling cuma 3 menit aduhhhhhh, masa udah bayar mahal, terus nungguin DRIVERNYA SELALU LAMA 😔😔 sia sia bgt min lgsg keburu g mood ngerti ga",1
"MASA SAYA SUDAH BAYAR TAGIHAN GOPAYPINJAM SEBELUM JAUH DARI TANGGAL JATUH TEMPO, TERUS LANGSUNG MENGAJUKAN PINJAMAN BARU DI GOPAYPINJAM, HABIS ITU TIBATIBA DITOLAK, APAKAH INI FAIR!!!???",1
baru d update knp lgsg kluar ya? ga bs d akses,3
Apk bagus cuma kasih diskon lah... 🙏🙏,5
sangat respon dan memudahkan,5
Tepat waktu penjemputan Bu,5
ok,5
"payah nih gojek minjem 200 ribu aja ditolak padahal bayar gk pernah telat,kaya pinjem 200jt aja hadehhh",2
MANTAP....,5
"Loading lama keterangannya tidak ada koneksi internet, padahal jaringan lancar",1
"loading nya lama mau pesan makanan , padahal sinyal penuh, padahal aplikasi lain cepet loading nya",1
mudah dan gampang.,5
bagus,5
"kenapa aplikasi gojek saya gak loading,padahal jaringan internet bagus",3
bikin swmua jadi gampang,5
seharusnya ada jasa angkutan barang pikup logistik,5
siip,5
Good,5
"selalu nyampe dan amanah, smoga para driver gojek selalu menjaga nama baik diri sendiri dan gojek,..",5
good,4
"lama sekali dapat driver kalo sedang hujan, saya sampai telat kuliah",1
promonya sedikit sekarang,3
mantaps👍,5
ongkir nya murah meriah seneng dehh,5
sangat memudahkaan bagi orang orang yg mager kek aku😁,5
Bagus Cuma Sekarang Kalau Buka Aplikasi Nya Lama Banget Mohon Diperbaiki eror juga aplikasi nya gimana ini,2
cs ga membantu sama sekali apaan pelayanan ga jelas ngomong kemana di jawab kemana,1
"aplikasi bobrok, tim it nya mesti sekolah lagi. ini aplikasi suka bikin org telat, aplikasi yg loading ya lama, pesen gojek dapetnya yg jauh terus. pesen tiket KRL lama, bikin gw ketinggalan kereta. udik bgt ky hidup di jaman hp masih 3g, lola",1
ok bgt,5
disini susah nyari alamat detail. capek banget. padahal alamat uda jelas bisa gak ketemu. padahal pakai grab ada tuh alamat.,1
Mantab,5
nyampe dengan aman dan selamat,4
good pokona mah,5
PLEASE DEH YA ADAIN PEMBAYARAN LEWAT DANAA!!!!,1
sangat bagus,5
sangat sangat berguna apalagi saya kadang malas keluar beli makan saya tinggal pakai gofood,5
"baru mulai pake gojek Alhamdulillah lancar, mantap",5
keren,5
ramah driver nya,5
very good,5
pokok e sip,5
banyak bug di map driver dan chat system pada driver,1
LAMA AMAT SI NYARI DRIVER NYA,1
sangat membantu,5
tiba tiba aja login ga bisa daftar ulang ga bisa juga...,1
driver all devisi semua memuaskan,5
ok,5
ko gabisa bukq aplikasi gojeknya yaa,2
gopay pinjam dan gopaylater saya di blokir padahal bayar tepat waktu.. belum jatuh tempo saja sudah dibayar.. buruk sekali..,1
oke,5
taat berlalu lintas,5
bagus,5
ga bisa ganti metode pembayaran . aplikasigoblok,1
good,5
gocar oce,5
Hehehe bagus,4
pelayanan oke,5
senang dengan pelayan gojek apa aja,4
susah cari pinjAMAN,5
"lumayan cepat,ramah, semoga tetap seperti itu dan tidak cuek atau sombong",5
"😂😂😂 mau ketawa takut dosa, paylaternya tak bisa dibuka 😂😂😂 ojk mlulu nih....",2
nda bisa batalin pesanan disuruh nunggu driver 1 jam,1
saya kesal sampai sekarang belum dapat atau belum cair BHR tahun 2026 ini,1
100 top,5
Pelayanannya baik dan drivernya komunikatif,5
bagus,5
mantap,5
kurir bager dan ramah,5
good lah untuk gojek..,5
kalo dipake jam 12 mlam lemot banget masuknya..,4
halo gojek sy dapet info kalo topup gopay dapet promo tapi udh di topup gadapet promo nya,1
"ini apk yg suka adu domba,,padahal sudah banyak costumer yg komplain merasa dirugikan karena penjemputan terlalu jauh banyak driver yg g mau ambil pun demikian juga dari pihak driver banyak yg komplain klo jemput terlalu jauh ongkos murah banyak potongan dan harus bayar untuk berlangganan program gacor tapi masih saja dikasih orderan dengan penjemputan terlalu jauh. yang jadi korban costumer dan driver, yang untung hanya aplikator cuma memperkaya diri sendiri.",1
Sangat keren dan membantu saya cepat sat set..dalam pelayanan.makin keren. tampilan makasihhh,5
good,5
mantul,5
"makin susah cari driver, kalo ga bisa pake promo ga usah di tampilin. lemot banget sistemnya.",1
"yang bener ae dongo bikin sistem, murah si murah tpi driver ga ada yang mau, mana sistem nya otomatis ambil orderan lagi ke drivernya, kalo driver nya ga megang HP atau apa jadi nunggu lama",3
"minus nya ,ngga bisa cancel padahal uda lama driver ngga dapat2,harus cancel dr aplikasi,buang2 waktu banget",4
ini kenapa saya gak jadi pesan kok gak bisa di batalkan sii bikin kesel aja,2
perjalanan Aman..thx,5
"Makin kesini nih aplikasi ga jelas, Mesen driver aja lama banget sejam an lebih baru bisa pesan padahal disekitar banyak banget ojol yang nongkrong, sorry uninstall pindah sebelah kuning",1
"kecewa banget sih hrusnya bisa jd transportasi lg kepepet tapi justru kdang susah banget dpt driver heran , apa lg klo ujan beuhhh susah banget ,,",1
Kenapa disaat membeli gofood di gojek ongkirnya mahal kali yah. Biasanya ongkirnya tidak semahal itu. Tolong ongkirnya dikurangin lagi dan promo gofoodnya diperbanyak lg. Aku udah nyaman loh pakai gojek. Kalau ongkirnya kemahalan lama-lama aku nggk mau lg mesan gofood di gojek,3
memuaskn,5
ga pake lama .cepet dan byk promo jg diskonnya . tentu dgn pembayaran nya jg mudah . sukses selalu ya,5
mantap,5
"gajelas promo hangus tb""",2
mantaps bravo,5
Parah....,1
makin parah aja gojek gojek...nunggu driver lama sekalinya dapat jauh banget posisi nya padahal order di jam gak sibuk...ganti aplikasi maxim aja deh,1
"Drivernya mabal semua .. Pagi pagi gada yg mau wkwkw pindah ke GRAB AJA DAN MAXIM GOJEK AMPAS driver pada sok iye , argo udh tinggi tp gada yg mo ambil order wkwkw. kebanyakan pada judol",1
"ini adalah aplikasi paling buruk, saya mau transfer uang disuruh pakai go pay plus terlebih dahulu dan itu diwajibkan, karena itu saya tidak bisa transfer uang saya, dan juga saya kurang mendukung dengan persyaratannya yang harus memfoto ktp beserta dengan saya harus selfie",1
mantul,5
saya pesen driver gojek sekarang lama banget... kacawww gajelas,1
kesal bgt sya sebanyak tu gojek lalu lalang depan stasiun Kramat g ada Satupun sya dpat gojek. alasan g jelas!,2
asli aplikasi terlama nyari bookingan nya puyeng gw nungguin nya,2
"gojek, gofood, bagus, tapi terkadang ada driver yang ga mau untuk ambil orderan dengan alesan yang menurut saya kurang baik. untuk gosend juga, kadang sangat susat buat cari driver untuk anterin barangnya, bisa sampe telat ngirim barang, semoga diperbaiki lagi",4
bagusss😇😇,5
"Semakin kesini, semakin susah cari driver gojek/gocar, lama betul 🤕",1
"udah nunggu driver untuk go food, katanya menuju resto. ditunggu setengah jam lebih, ditanya baik baik malah cancel tanpa basa basi. bener bener ya drivernya",1
aplikasi ini suka ngeleq ga bisa pesen gojek padahal sinyal bagus tolong segera diperbaiki,1
good aplication,5
gabisa buka apk nya knp ya sy mau nge go food,1
lemot system terus naik terus,1
gk bisa buka gofood,1
mantap,4
sangat membantu banget... terimakasih banyak 🙏☺,5
recommended,5
tolong dong gofoodnya di cepatkan cari drivernya org lgi laper dsrh tnggu yg ada mlh aslam,1
Tolong ajukan pemulihan kata Sandi lewat email soalnya nomor saya mati sehingga kode otp tidak dapat masuk tolong sekali saldo gopay saya lebih dari 300k ngenstack gak bisa buat bayar!! saya rating bintang 5 supaya di notice,5
udah langganan juga tetep di kasih driver jauh dan lama,1
mantap,5
mantap,5
"apk gj,driver peritungan,cari driver lama.maunya kalo mahal",1
"drivernya pada manja, sekarang sering sekali lama cari drivernya. apa lagi kalau hujan. sudah lama dapat nya pasti selalu Jauh jauh drivernya",2
"driver sombong sombong nolak cancelan pdhl pake hemat juga engga, asal cancel aj udh 10 kali dalam 1 jam di cancel driver pantes masih pada miskin, milih milih orderan",2
nyari kurir lambat udh 2 jam ga ada yg nganter jg lambat,1
"aplikasi macam apa ini, pesan goride susah mendapatkan driver atau dicancel, saya ada pertemuan dengan klien jadi batal proyek 1M.",1
"Nunggu driver go ride sejam sendiri, driver stand by banyak padahal. Sekalinya nyantol drivernya belagu malah dicancel. Padahal arah tujuan sama lokasi saya se arah, malah disuruh nyebrang jalan raya, aneh. Ga worth it banget aplikasinya. Minimal ada pelatihannya dulu sebelum menerima mitra driver, masa driver ga profesional sama sekali.",1
bener2 makin lama makin susah nyari driver,1
"aplikasi dongo, nyari driver lama. orang udh laper karena puasa nunggu lama eh malah di batalin dari sistem, udah nunggu hampir 2 jam",1
"kecewa sama gojek sekarang, lama bgt dapet driver, driver banyak yg ga jalan di maps, udh nunggu 10 menit lebih, dichat ga bales, dibatalin nunggunya lama bgt. edit: Saya di Jakarta Selatan kok, di apk juga terlihat banyak driver",2
parah makin kesini buat cari driver susah banget nunggunya sangat lama bisa² habisin waktu 1 jam,2
"pengalaman buruk, kalo ada sistem voucher buat potongan harga tapi ujung-ujungnya di cancel terus sama ojolnya mending hapus aja tuh sistem voucher. nyusahin",1
🎖🎖🎖🎖🎖,5
"sekarang driver car-nya sering menolak, apalagi kalau hujan, minta yang prioritas",3
oke,5
senang dan mudah,5
tolong la...untuk para driver gojek roda 2....patuhi rambu2 lalulintas jangan membahayakan pengendara lain di jalan...untuk aplikator pilih la driver yg mengerti aturan lalulintas.....trimakasih,1
"beli gofood, jarak kurang dari 5km butuh waktu 1 jam, pelayanan makin buruk biaya layanan makin besar, Padahal sudah bayar pengantaran ekpress",1
LAG GA USAH BIKIN APK DAH KALO GA BISA MAH,1
"sekarang untuk mencari driver lama, dan suka nyangkut 2 kali",2
"lama banget datengnya udh nungguin drivernya ga dapet""",1
sangat membantu sa.at di perjalanan,5
"hi! aku pribadi pengguna gojek abiss, brgkt dan plg sklh as always pake jasa gojek. but why gofoodnya sgt' kureng yaa?? aku pesen makan sblm jam 5, sampai jam set7 mlm tdk dtg, akhirnya dibatalkan sistem. akhirnya disuruh pesan ulg oleh sistem, namun ternyata ongkir sampai melonjak 3x lipat. orang mau buka puasa diprank kayagini, ga lucu bgt.. kecewaa :'",1
"kalo pas hujan argonya tinggi banget mending kalo dapet drivernya gampang, udah argo tinggi dapet driver susah banget",2
Kenapa sih sekarang kalo order susah banget dapat driver nya,3
gofod sekarang susah banget cari driver pdahal cuaca cerah gk ada hujan trkdg dpt driver udh nunggu lama trnyta gk diambil dicancel udah muak bgt skrng,2
bagus & mudah kalau ke grj tak terlambat,5
"tolong di percepat dapat drivernya min ini saya buka resto, pas ada pesanan masuk tapi drivernya ga dapat"" smpe setengh jam loh, knapa gada Drivr apa gmna, tapi pas saya tanya sama Driver yang lain, dia Billang bnyak ko drivernya disini, tolong di perbaiki, ini udh 5 pesanan saya masuk tapi 1 pun gda driver jga, ini alamak krna batal otomatis dari sistem nih, di ajuin kompensasi malah di tolak"" trus, padahal sblm""nya bisa, Bru 3 hari ini knpa selalu di tolak, klo apk sebelah tetap bisa",2
mengecewakan,1
"woi gojek, APUS akun driver yg suka cancel orderan dari customer, udah nungguin lama-lama malah gua di cancel, kalo gamau duit gausah kerja, tolong lah di tindak driver yang suka cancel -cancel orderan!!!!!",1
"Jujur belakangan ini saya merasa kecewa dengan aplikasi gojek, setiap kali saya pesan, selalu dapat drive yang sangat jauh, dan bahkan tidak dapat sama sekali. Terkadang juga saat sudah menunggu sangat lama, pesanan saya dibatalkan. Pesanan saya juga sering banget dibatalin!, sampe berkali-kali saya pesan. Padahal saya sudah 5 tahun memakai gojek dan setiap hari, tapi berubah banget sejak 2026. Apakah ada sistem yang error atau ada perubahan?. Tolong segera di evaluasi. Terima kasih.",1
"dapat driver ojek di apk gojek terlalu lama untuk di dapat, padahal banyak driver yang nongki di jalan2",3
mesen gofood sampe 2 kali suruh nunggu masing-masing sejam . tapi gak dapet driver dan gabisa di batalin minimal 15 menit gada driver bisa cancel lah. jgn nunggu sampe sejam lebih,1
"saya dah nungguin sejam malah di cancel ojeknya. gausah diambil kalo ga bisa, mana gabisa kasih satu bintang gegara di cancel dari dia",1
"PRIORITAS PALALU ,LAMA BANGET GW NUNGGU",1
drivernya pilih2,3
"order gofood pembayaran cash 75rb, driver tidak ada yang ambil orderanya, parah area semarang driver sudah tidak butuh uang",1
membantu sekali adanya go send,5
gimna sih baru aja order malah nunggu lama2 😠,1
Selalu susah dapat driver setelah habis hujan. Sistemnya buruk bgt,1
"nyari driver susah amat, hampir 3 jam nunggu ngk ada yg ambil",1
"sudah 4x pesan nyari pengemudi gaadaa yang Nerima lama banget smpai telat dateng ke kantor gara"" ditolak terus sama pengemudi",1
order dari jam4 skrng udh jam set6 gaada yang mau ambil gatau pada kemana drivernya pada ga butuh duit gua rasa 😏😏,1
baru kali ini pake gojek bener2 bikin kecewa. saya nunggu 2 jam gojek driver ngga ada yg pickup. emang sih posisi lagi hujan tapi saya pesan go ride 2 jam ngga ada yg pick. apa karna habis dapat THR ya makanya jadi sombong banget ngga mau pick customer. saya kecewa berat ini lagi puasa kesabaran benar2 di uji sekali sama driver2 ini,1
driver kebanyakan pilih pilih pelayanan tidak bagus,1
mending hilangin deh fitur goride hematnya gapernah ada driver yang nerima,5
banyak yg gamau ambil orderan skrg !,1
bagus si aplikasinya tp kalo mau mesen gojek pas udah dapet eh tiba² di batalin terus,4
puas,5
aneh. daritadi ga nemu gojek sama sekali,1
"di jakarta mesen jarak jauh udah sejam an driver gada yang mau jalan,aplikasi harus di perbaiki,kasih sanksi bagi driver yang tidak merespon/tidak jalan lebih dari 5/10Menitt! BACA INI",1
"niat pada kerja apa gak cie, cari goride gak dapet2 sekalinya dapet mahal banget, dasar gojel gak jelas.",1
nyari driver akhir akhir ini susah! banyak di cancel. pelayanan buruk. kurang rekomendasi,1
tolong permudah dapetin gopay coin yaaa👍💯🔥,5
lokasi penumpang dan lokasi driver slalu jauhh....,1
lancar,5
okeh,5
"fitur lengkap,perbanyak diskon aj😁",5
"aplikasi sering ngeglitch, driver jg suka dikasihnya yang jauh banget atau ga drivernya dikit dikit cancel. tolong diperbaiki, orang mau pulang cepet malah jadi nunggu sejam lebih cuman buat dapet gojek.",1
aplikasi yg sangat membantu,5
nuari drivernya lama,1
"klo gosend jelek bgt, ga profesional, mls",2
sekarang kok nyari driver gocar susah ya?? udh 2 kali padahal diwaktu yg ga macet tetep lamaa nyari drivernya udh nunggu 15 menitan masi muter muter trs,1
apk mobilisasi yang rekomended..,5
terimakasih berkat aplikasi golek aku bisa ke sekolah,5
"cari driver gocar kok susah amat sih. kek mana lah, masa nunggu nya sampe 15menit gd yg mau",1
Kesel banget kalo nyari driver ngga dapet¹...😡😡😡 Bisa sampe satu jam lebih ngga dapet² padahal posisi di jakarta kota dan bukan jam sibuk kerja😡😡,1
oke bgt,5
"kebiasaan di jam mepet gapernah andal, selalu lokasi penjemputan dijauh jauhin sama sistem, sedangkan saya tanya sama yang didepan saya lagi nunggu order masuk,",1
sering²in promo,4
"gojek tolong dong perbaiki susah sekali dibuka aplikasi nya saya mau bayaran hari ini nanti kalo ga bisa dibuka terus aplikasi ny yang kena denda saya tolong la dibenarkan, internet sudah bagus kalo mau buka aplikasi kendala katanya internet padahal saya buka aplikasi lain lancar² aja",4
lemot kebanyakan loading,1
kecewa berat aplikasi ga bisa sesuai dengan map yang kita buat. hapus aja deh kalo gitu nyusahin user,1
"duit hilang, ngehubungi cs pake pulsa mahal betul, ngehubungi lewat email gak dibalas sama sekali, mantap 100k++ hilang gak bisa dibantu sama sekali",1
"waww!!! aplikasi terpercaya dalam pelayanan dan nyaman secara spesifikasi ordering pelanggan, food order!! spesifikasi good nyaman!!!!!! yuhuuu>_<",5
ok,5
mantap,5
mantap lah,5
sangat memuaskan,5
gojek di bali buruk banget dari motor yg dateng gak sama pilih yg comfort selalu dapat yg jelek dateng nya selalu beat dan scoopy..,1
gojek mantap,5
"jujur gua benci bgt sm apk gojek sekarang, seringkali ga dapet driver. pernah tu gua tunggu sampe sejam lebih, eh ga taunya dibatalin padahal tu driver tinggal nganter pesanan gua doang, lain kali seleksi dulu lah pekerjanya, kalo kaya gni mah bikin customer emosi doang yg ada.",2
sangat membantu saat penting,5
"Sering kendala di input alamat, sudah dipilih alamat A malah di sistemnya pindah dengan sendirinya ke alamat B. Sangat merepotkan saya sehingga merasa berdosa terhadap driver, sudah cek sebelum klik namun sistemnya tetap saja secara otomatis berpindah alamat.",5
gojek yg gosend nya parah sih,1
ngelag anj,1
pembayaran gojek ganti dari tunai ke gopay tidak bisa.,1
ga jelas tiba tiba log out terus ga bisa login/daftar,1
"katanya aplikasi karya anak bangsa kok rasanya kyk kerja rodi kalau kalian masih merasa manusia hapus fitur gocar untuk Bluebird jikapun masih ada, kalian hanya akan menerima sumpah serapah dari driver Bluebird",1
bagus,5
"mahal di ongkir doang,mana voucher jg gk bisa di pake pula",1
Andalan kalo naik transportasi online 👍🏻,5
"Pesan gofood dibikin menunggu lama tanpa kepastian adanya driver, cuma dikasih opsi membatalkan. Lebih baik dari awal dikasih informasi bahwa driver tidak tersedia, jadi tidak perlu order. Sudah paling benar pesan makanan pakai GRABFOOD.",1
"tolong dong buat driver nya minimal kalo pas mesen di area sekitar biasanya banyak driver tapi gamau ambil pesanan,padahal saya udh naikin harga tapi gaya nya sok banget ga mau ambil pesanan kayak udh kaya aja",1
driver selalu lama,2
gajelas mesen nunggu 2 jam masih di sekolah gak ada yang mau ambil? sekalinya dapet malah di cancel Ama driver,1
Sangat membantu dlm kehiatan apa sajs,5
membantu mendapatkan transportasi murah dan membayar belanja online 🥰,5
"ini kenapa buat mesen gosand lama banget dapet drivernya ya, dari kemarin seperti ini terus",2
pelanyaanan terbaik,5
Selalu susah nyari driver padahal rating akun tinggi,1
"ini gojek knapa yah akhir2 ini pesen gosen gak pernah nyangkut sbnernya ada apa sih, mau kirim paket aja susah bener dapet driver heraann",1
"gajelas lagi di butuhin bgt malah lama booking nya, setengah jam lebih nunggu, jdi telat",1
sangat membantu,5
"susah bnr nyari driver gofood , ud dpt tiba"" mencari driver lg kan jd lama",1
lama nyari drivernya,3
"akhir"" ini jadi susah dapet driver ngga tau kenapa padahal biasanya aman"" saja dan ngga ada masalah",2
sanagt membantu,5
mantep,5
"kalau pakai promo jarang banget ada driver yang mau pickup wkwkwk. telepon juga susah, suaranya putus-putus",1
"pas lagi nyari ojeknya malah ngga ada drivenya, terus pas udh dibatalin mala tiba² drivenya Dateng, ngga jelas banget aplikasinya, tolong perbaiki dong mitra gojek 🙏🏻🙏🏻",1
sangat bagus,5
"kurirnya pada males,",1
Pelayanan Mantap,5
yang murah ga pernah di ambil,2
Aplikasi Mantap,5
mantap,5
"sudah 1 jam ga dapet driver GO-SEND titik jemput dimna, titik nyari driver dimana tolong lah telat saya di buat kalian ini",1
Aman,5
Aplikasi cukup membantu,5
"aplikasi jelek ga becus bgt, masa cari driver comfort aja harus nunggu bermenit menit, najiss",1
"lemot dtgnya,dibatalin trs",1
bagus,5
aplikasi geje,2
mantap,5
okeeh,1
mantap,5
"pocket friendly, but driver not friendly. nearest driver even still not taking my order",1
sat set,5
👍👍👍,5
gojek sangat membantu mengantar kita di saat kita mau pergi kemana saja dengan mudah sampai ke tujuan,5
ok,5
djhosss,5
Mantap dan amanah,5
gak bisa scan qris dari telkomsel.,1
Good,5
"driver nya kayak gk butuh uang aja , nerima orderan tapi gk ada niatan jalan , lokasi surabaya",2
selalu lama Dan juga suka Minta pembayaran tigi pelayana ya juga sukam ramh juga Gak sopan Kalo saya lagi buru buru sesalu lama,1
klo pagi susah bgt dpt driver nya,2
sangat amat membantu ku terimakasih gojek,5
"Jarang dan hampir tidak pernah mendapatkan voucher, padahal saya sering dan berlangganan gojek. Susah sekali mendapatkan driver",1
"ga jelas, ada driver yg deket kenapa harus yg jauh sih, sistem nya mempersulit aja",2
"UI buruk, sering ngebug, masa tombol "" accept "" buat ganti non tunai ke tunai hilang tombolnya, ya gimana cara ganti kalo kaya gitu ?. di zaman 2026 ni kesalahan kecil kek gitu bisa bikin orang ribet, percaya deh. sia2 transfer saldo ke gopay tapi gak bisa di pake 🤦🤦🤦. sama satu lagi, map saya pernah di ubah sama aplikasinya sendiri, jadi drivernya salah arah, kocak memang. biasanya aplikasi sering gitu, semakin banyak update dengan kemajuan kemajuan fitur, semakin bobrok bug nya, enjoy bro ✋",1
"layanan makin buruk, riwayat transaksi 95% bagus malah blokir transaksi gopaylater pelanggan.. padahal sudah bertahun tahun pake gopaylater tidak pernah ada cacat bayar. wajib revisi rating bintang 1, PINDAH toko OREN AJA GUYS,",1
tidak ber etika,1
very good,5
APK JELEK,1
mantap,5
bagus sih tapi drivernya gak pernah benar saya kecewa,4
gojek kelamaan nyariin driver,1
"Saya mau pergi ke rumah belajar, eh tau tau pas ketik alamatnya malah gak bisa di ketik, dan yang paling jengkel, ngak bisa ketik alamat yang seharusnya blok B2/56 eh cuman ada blok B2 doang lagi, jengkel. jadi kadang male pakenya nih app",1
aplikasi kadang eror lama dapet pengemudinya,1
gojek ini ngebantu bangetttt dan harga nya juga terjangkau banget masih oke banget buat aku yang pelajar berangkat ke sekolah TERIMAKASIH GOJEK 💕💕,5
giliran yg murah di batalin trs sama orng nyaa. itu juga rezeki kalii..... susah bngt pake apk iniii,1
mempermudah perjalanan,5
bintang ini akan menjadi 5 apabila ketika saya mengorder goride lalu dapet driver tercepat serta terdekat dari posisi kita. Karena saya selalu dapet driver jauh dan lama,1
terima kasih banyak,5
"gila aja nunggu driver 2jam gadapat"" keburu meninggal nunggu digojek",1
"Iklannya ganggu banget plissss. Tolong lah ya, setidaknya bikin iklan yang kalo kepencet ngga langsung buka aplikasi. Ini dikit dikit kebuka aplikasinya, ganggu banget. Aku uninstall apk ini dan beralih ke platform ojek lain gara gara iklannya ganggu 😏",1
Satset Gojek mantap!,5
"sangat membantu sekali dimana saja aku berada, namun belum semua daerah terjangkau dengan aplikasi gojek, harapannya gojek bisa mengakompdir seluruh wilayah di Indonesia.",5
menyenangkan,5
Mesen makan buat sahur udah nunggu lama sekita 1 jam lewat lalu dibatalkan gitu saja,1
"terlalu lama cari driver makanan di kragilan khususnya jam 4 waktu ramadhan dan situasi hujan, ntah pada mager jalan atau emang gk ada jas hujan. jadi tolong ya pihak gojek kasih jas hujan ke mitranya yg menggunakan sepeda roda 2 biar bisa kerja walaupun situasi hujan",1
"resto sakit jiwaaa, yg di order ayam , yg dikirim telorrr (AW AYAM IKAN BAKAR TEGAL) jl simomulyo 1 no 204",1
drivernya pada magerannn,1
"ga bgt, driver pd sombong, gue ga pake promo aja msh di cancel ga jls. klo lg urgent gmn cb?",1
best,5
"buat pihak gojek tolong tambahin fitur laporan buat driver yg batalin seenaknya..pengiriman telat terus ujung""nya driver batalin alhasil nunggu driver lain, tolong tambahin fitur laporan driver",3
"sekarang jadi males nambahin uang ke driver banyak yg ngelunjak, tarif 26ribu minta di tambahin udah dikasih 45 masih gak bersyukur, sekarang lebih baik bayar sesuai tarif,kapok gak mau ngelebihin lagi,banyak driver yg minta tambahin, bayar gak sesuai aplikasi kalo g di tambahin ngamuk2, contohnya barusan bapak2 ngotot minta tambahin, gak ikhlas sebenarnya jujur",1
"hei gojek. lu kalau mau pakai bintang iklan buat promo RAMADHAN tolong dengan sangat, jangan pakai artis yang sudah jelas track recordnya pernah skandal di dunia nsfw. yang bener aja dah. apa memang selera warga Indonesia serendah itu ?",2
Love it,5
keren,5
parah nih limit mau ngasih tip 100jt gak bisa,1
"ampun dah driver nye.abis nerima trs d kensel sndrini ama drivernye. pas ad driver laen n d anterin. eh driver yg kensel td datang ke rumah.marah"". * gw jwb gini pak w td urgent emak w kritis d RS.. dan yg nge kemsel kan bapak*. trs Si driver. * ga bisa gitu mas kan saya udah sampe lokasi g mw tau saya harus ganti rugi bensin 45rb* *padah ane cek lokasinye td cm 1.4km dari lokasi gw. terpaksa tetangga gw suruh kasih 45rb br cepet pergi tu driver. heduh. mohon di disiplinkan ini merugikan.",1
bagus bnyk promonya,5
sangat membantu...,5
lemot,2
gofood nya selalu lama,1
ok,5
kecewa sama gojek area brebes kota kamis 5 maret 2026 jam 22.30 di saditan brebes pake motor ngebut jaket gojek. nabrak lari kucing sampe mati tidak tanggung jawab di tinggal begitu saja. satu gojek yg bermasalh semua kena maaf ya yg dulu saya aktif di gojek q unistal aplikasi gojek nya kecewa sama gojek,1
"provider gak jelas !!, kenapa ga bisa koperatif jadi perusahaan, bikin kecewa pelanggan,, mau order dua minuman dan jarak ga terlalu jauh, tapi harus nunggu 1 jam lebih .,, makanya kalo potongan buat driver tuh jangan besar², jadi ga ada driver yg mau ambil !!.. kalo orang mau jahat pasti udah di acak² tuh system !!",1
sangat membantu,1
sangat bagus,5
ok,5
driver nya ramah ...,5
"kenapa selalu salah teknis mulu ya, selalu begitu!",2
apik,5
driver banyak terdekat tapi susah dapet driver nya pelayanan sangat buruk,1
top,5
mudah dipakai dan promonya banyak banget,5
"pas cek harga masih normal,pas udh pesen beda lagi harganya KOCAK",1
BHR kapan saya cair nih woii bnyak yg ga dpt nih,1
"aplikasi aneh , order makanan dan makanan kosong , tapi mau cancel tidak bisa , harusnya kalau Uda jelas habis dan sudah konfirmasi harusnya bisa di cancel lah , driver sudah konfirmasi makanan kosong , resto juga Uda konfirmasi kosong , trus gak bisa cancel ? aneh",1
Aplikasinya bagus,5
sangat membantu disaat gak bisa keluar rumah.,4
Okeee bangettttt,5
mantaps,5
"cara mengemudi, berkomunikasi, pemilihan rute sikap bapak draver baik",5
mantap,5
sangat membantu,5
"plis ah gojek, kenapa kalau habis hujan bapuk bangettt! dapat driver jauh Mulu kalau habis hujan.. aneh, padahal di map driver depan mata ngapa driver jauh yg dapet.. ayolah perbaiki!",3
trimakasih,5
banyak ganguan layanannya ga kayak yg sebelah GRAB,1
oke,5
semakin mudah dalam melakukan pemesanan,4
tdk pernah mengecewakan,5
dapet driver jauh terus sering di cancel giliran nunggu dapet nya lama lagi aneh bgt,1
mantap,5
good,5
bagus,5
bilangnya driver banyak dan profesional order berkali kali gak ada yg masuk driver ( tidak ada yg ambil ) padahal bolak balik depan rumah ada banyak... dan sedang menunggu orderan. yang salah siapa nih? aplikasi yg gak becus apa driver yg menolak tawaran?.. sungguh kecewa sama gojek,1
"hampir setiap versi selalu bug. bugnya sama pula. kurang lebih sejak Maret 2025 saya ganti dari iPhone ke android, saya kira bug di iPhone bakal ga ada di android. sama saja ternyata. sampai sekarang bugnya sama. bug : ada bug kalau mau bayar pakai gopay selalu muter muter minta pin atau verifikasi biometrik (sidik jari dan face id). gara gara ini saya harus bayar cod atau cash. meskipun ga selalu, tapi sering ini kejadian.",3
Jos,5
keren,5
"driver nya udh pada kaya kali yaa, tiap jam jam mau magrib kena cancel trus udah gitu dpt nya jauh jauh trus, kocak hanya karena puasa profesionalitas di abaikan shame on you gojek!!!",1
"Susah banget dapa driver padahal banyak yang dekat, apa karena pake yang pilihan Hemat? kalau sampai 1 jam gak dapat-dapat hilangin aja fiturnya.",3
"tolonglah driver gojek, jgn susah buat terima orderan kita. Ramadhan kita butuh kalian utk pulang cepat, hiks. semenjak ada yg hemat itu para driver sama sekali gamau nungguin kita",5
lamaa kurir nya banyak a i u trs nambah waktu mulu nyebelin,1
cepat,5
"hapus aj tarif hemat ga guna nyusahin castamer doang.. kasian juga drivernya dapat ny yg jauh2,kalo ujung2 di cansel!!",2
mantap,5
semoga terus dapat dipertahankan & lebih baik ke depannya,5
ok,5
mantap,5
Ok,5
"pakai gojek nyaman simpel cepat , good job",5
Kirim pesan antar kota menjadi lebih mudah karna Abang gojeknya sabarrr dan baik. Terimakasih,5
"ini gimana sih sistem gojeknya,orang mau ganti data nomor gak bisa bisa trus,nyari nomor csnya juga susah banget tolong bantuannya doang",3
sangat bermanfaat dan membantu,5
"dulu pertama2 sih enak,lama2 kelamaan,drivernya pilih2 min.tolong di d perbaiki lagi.mohon d perhatikan.",3
sumpah ribet bgt mau pesen obat ga ada di aplikasi. harus download beda aplikasi. ya ampun hari gini masih suka yg ribet2. PAYAH.,1
mantap,5
"makin sini makin ga jelas tiap pesen go food tiba2 aja internet gangguan,padahal kalo.pesan apk sebelah aman2 aja banyak bgt gangguannya banyak problem parah",2
"jelek jelek aplikasi ini. pesan gojek lama banget yang murah plus pakai voucher, kalo ga pakai voucher yang goride harga mahal dpt. bulan puasa cari gara-gara",2
good,5
nice application,5
"Awalnya saya suka & nyaman dengan fitur responsif, cepat dan modern. Tapi hmm, untuk fitur Gopinjam situ yang menawarkan limit, ya saya pinjam tapi mon maap bgttt karena faktor telat sampe sehari terror nya ya ampunn kek buronan aku 😭 .. TIM DC nya ngeriii ternyata.",3
ya bagus bayk diskon,4
Tambahin metode pembayaran Food lewat VA,5
kenapa sekarang tidak bisa gofood di tempat saya dulu bisa daerah cinta garut,3
sejak ada gojek saya pergi ke mna2 emang gampang,5
cepat dan sangat ngebantu,5
sangat memuaskan,5
Bagus,5
apk sgt mmbantu,5
amanah sesuai dengan harapan pengguna jasa,5
semua bagus,5
pesen gojek pakai promo ditolak berkali2.. padahal promonya juga gak murah2 amat.. anak saya jadi nunggu lama.,1
bagus tapi lama.,3
"bagus, untuk mokel",5
"gojeg sekarang susah dapat driver, pesan gocar, gofood sama aja harus nunggu sampe berjam jam",1
"3x mesen, udah dapet driver dan udah nunggu 20 menitan. tiba tiba dibatalin sistem mulu. kasihan resto sama drivernya astaga.",1
mantul,5
Oke,4
"APLIKASI GA BERGUNA, NYARI DRIVER JAUH SEMUA, TIBA TIBA HARGA MELONJAK SENDIRI !!!!",1
mantap,5
paket saya gak dikirim kirim gimana ni dari greb nya dibatalin Mulu lagi,1
tolong di permudah lagi dalam menyematkan alamat pengambilan,4
ok,5
mantap,5
mantap,5
Selalu dimudahkan,5
terbantu bgt si make ini..,5
bagus,5
agak mahal dikit sih,4
oke,5
good,5
pengalaman kurang baik ketika order makanan tidak sampai. tidak ada respon cepat dari gojek.,1
sangat membantu,5
banyak banget promonyaaaaa..,5
mantap,5
"gojek, cepat, murah aman dan drivernya sangat ramah",5
bagus,5
😍 sangat membantu,5
Walaupun saya jauh di luar kota tapi gojek ini bisa membantu saya untuk mengantar ibu yang akan bepergian dari rumah ke tempat tujuannya. Haturnuhun gojek 🤟🏾,5
"customer service atau bantuan sulit diakses. pindah akun ke HP baru, malah dibekukan. coba hapus akun, dan buat baru, malah rekening lama masih nyangkut di akun lama, aneh, padahal sudah dihapus dan dibuat ulang",1
"pengemudi ramah, sabar, good rider",5
sangat menunjang sekali buat saya karna saya tidak puny kendaraan,5
penjemputannya sesuai dan tepat,5
"Bikin telat terus driver motornya,, suka jauh dan ga mau jalan",1
jangan kasih pilihan tarif hemat kalo driver jarang ada yg mau ambil orderan hemat,1
nyari driver mirip nyari harta jaman purba langka. dan pd minta offline bayar 2x lipat parah,1
tepat waktu dan ramah,5
"penyelamat waktu2 mendesak berngkat ngantor,,, 😇",5
Makin baikkkk & lebih baikkk ❤️❤️❤️,5
sangat baik,5
ok banget,5
"sangat berguna dan bermanfaat, terimakasih sudah mempermudah 🙏🏻",5
saya hampir setiap hari cek gojeg kok harganya 2 x lipat dari grab bike ya? kenaoa gojeg kok mahal?,1
good,5
trm kasih drive-nya baik,5
"saya pengguna gojek, cuman mau bilang aja, seharusnya makin kesini makin di tingkatkan, akhir akhir ini gojek sangat kacau, order nya dapet driver lama dan jauh bgt, kasihan driver nya dong dan sy menunggu juga smkin lama, di aplikasi PDA waktu mencari driver kan ada yg Deket bnyk, kenapa di kasihnya yg jauh bgt, tolong di perbaiki ya",3
"Drivernya Kayak Taiq, Banyak Alasannya Anakku Udh Telat Masuk sekolah Seminggu, katanya alasan motore mogok, knp ngk diberi motor Khusus driver Sih???",1
murahhhhhhh,5
"selalu dapat yang jauh-jauh, padahal driver yang dekat ada. Saya kadang selalu telat karena hal itu😮‍💨",1
sekarang paket hemat gojek pada ga pernah pada mau ngambil....percuma,3
mantap 🙏🙏🙏,5
nih gojek bbnr bnr kelewatan proses pngemblian dana smpe 1 bulan blm di proess juga dkarywan makan gaji buta kali ya pihak mercant sudah setuju pngembalian dana woiii tollol knpa smpe 1 bbulan gini blm balik saldo saya kerja apa enggk itu admin admin nya!!!!!,1
oke si. tpi kenapa gojek suka ambil driver yg jauh padahal yg sekitar dekat ada. jadi merugikan konsumen dan driver karena jarak mauoin durability,4
ok baik,4
Pelayanan yang lambat udah 1 jam lebih nungguin driver gak dapat laporan ke cs GK ada responnya lambat,1
ok,5
"sbnr nya ngebantu bgt,,tp bnyak fitur yg g jls skrg..masa tiba2 di tagih uang parkir,pdhl cm drop..g ada 5 menit.pas pengen isi gopay,udh ngepas ngisi nya malah ada tagihan yg g jls itu..jd bolak balik ngisi gopay..mnding di ilangin aja deh fitur nya",5
"gak jelas banyak driver yang pake tuyul atau mod di apk waktu 2 menit tapi sudah nunggu 10 menit padahal udah pake gojek comfort yang 100 rb an, saya dapat driver yang ke 5 kalinya itu posisi dekat tapi pas di telp 1 kali gak di angkat lalu telp 2 kali di angkat bilang nya posisi driver berbeda yang ada di apk",1
banyak pilihan dan mudah,5
"Aku kagum banget dengan aplikasi online yang bisa ngapain aja! kayak mau pesen makanan bisa, berpergian, pesan barang, dan masih banyak lagi dehh... kayak wahh patut bintang 5",5
"semangat, good job",5
good,5
aplikasi gak jelas pembeli mau batalin pesanan gk bisa....dengan alasan apapun....akhirnya banyak bikin pembeli sama driver rugi semua coba di reset ulang kayak sistemnya yang dulu mohon pengertiannya 🙏🙏😔😠,1
good,5
"saya pesan makanan jam setengah 6 nyampainya jam setengah 8. disitu ga bsa di cancel juga jadi saya tinggalin saja karena biasnya di cancel otomatis sama pihak resto. eh tau²nya udah dianterin makanannya tpi saya ketiduran. saldo saya tidak kembali, makanan saya tidak tahu diletakkan dimana.😃",3
Bagus Dan Membantu,5
memudahkan.,5
"bug, selalu restart ke menu awal",1
Sangat-sangat Buruk,1
oke mantap,5
"cepat,ramah, pakai atribut gojek",5
oke,5
bagus,5
Jadi andalan utk transport dan food,5
cakep,5
"selalu langganan si pake gojek tapi knpa akhir-akhir ini dapet drivernya jauh2.mana kalau hujan suka naik banget harganya,trus lama buat dapet drivernya.padahal suka banget Lo pake gojek.tolong dong diperbaiki 🙏",2
👍🏻👍🏻👍🏻👍🏻👍🏻,5
"sangat membantu, terima kasih. aplikasi ini keren banget.. aku sering pakai..",5
"ngebantu banget,sering ada diskon",5
"Semoga Gojek makin berjaya lagi, respek buat aplikasi gojek mantap untuk pelayanan nya",5
lama dalam mencari driver,2
sangat membantu sekali,5
"gojek gimana sih kenapa akhir"" ini aku susah banget dapet nya apalagi hari ini aku lagi berantem sama orang rumah aku pengen pergi nenangin diri malah keburu aku dibentak karna keburu ketemu orangnya, ayolah gojek jangan buat aku tambah nangis diperbaiki ya",5
ok,5
lama banget kalo pesen gofood,1
ok bgt,5
good job.,5
mantap,5
mudah kemana saja,5
Perlu lebih semangat melayani dan upgrade,4
good,5
👍👍👍membantu,5
Alhamdulillah sll dapat pelayanan baik,5
"tolong aktifkan lagi fitur pelanggan bisa cancel orderan, saya sudah menunggu 1 jam pesanan gofood tidak dapat driver sampai ga jadi pesan ujungnya, payah",1
"mengecewakan, kelamaan nyari driver keburu buka puasa...mana gak bisa dibatalin 😞",1
Tidak bisa lagi mengajukan di gopay pinjam. sementara pinjaman sebelumnya selalu lancar,1
memuaskan,5
drivernya banyak2 gaya,1
bagus lah sukaa,5
saya sangat² kecewa sama gojek kenapa beberapa kali ini saya pesen gofood sering banget tiba² di batalin 2 hari yg lalu sudah mendekati saya buka puasa eh di batalin akhirnya saya buka puasa seadanya aplikasi ongkirnya mahal tapi ga bermutu jadinya,1
bagus kok cuman saya aja yg jahat,1
siip,5
mantep,5
aplikasi yang sangat sangat membantu... 👍🏻👍🏻👍🏻👍🏻❤❤❤❤,5
"itu kasih pinalti atau apa kek driver yang suka nolak nganter, udah 6x di skip",3
tolong gojek adain di sanggau ehe,5
"lelet banget apalagi kalau order yg hemat, gabisa satset, harus nunggu sampe set jam bahkan sejam, padahal di apk lain harga yg hemat bisa lebih satset gausah nunggu lama",1
ok,5
tidak bisa mengubah metode pembayaran,1
"waktu pengiriman sesuai dgn yg tertera di aplikasi, barang aman,",5
"logi aja susah,apalagi mkeknya",1
satu kata nice,5
"GOJEK ANEH VERIFIKASI MUKA SALAH TERUS, UDAH LAPORAN MALAH TIDAK DI TERIMA KARENA ADA KESALAHAN, PADAHAL SEMUANYA SUDAH BENAR DAN SESUAI, APLIKASI ANEH MAU LOGIN DI HP KEDUA SELALU GAGAL VERIFIKASI MUKA, UDAH SEBULAN MASIH GAGAL, COSTUMER SERVIS TIDAK MEMBANTU, ANEH JELEK GAJELAS",1
mantap,5
kadang ketemu driver unik pouoll,5
pelayanannya bagus.. ramah,5
kalo ngasih tarif pelanggan sama driver harus sama dong. jangan serakah jadi orang,1
"Febri bintang 1 kecewa. potongannya terlalu besar untuk rute yang gak masuk akal, mitra semakin malas jalan karena potongan aplikasi begitu besar hampir 50%",1
oo.ok,5
pake instan drivernya gak muncul muncul sih,2
good job,5
aplikasi suka ngeleg,2
tepat waktu dan cepat sampai tujuan,5
bagus cepat di respon👍,5
pelayanan bagus,5
alhamdulillah,5
good,5
sangat terjangkau,5
Alhamdulillah,5
lama drivenya,1
amanah banget,5
oke,5
bagus,5
"bagus, saya kan beli gojek plus buat dapet diskon ongkir saat gofood, tapi kenapa ya resto resto gede seperti kfc recheese tidak berlaku diskon ongkirnya?",4
mantap,5
ramah²,4
"Apk ini bagus dan mempermudah banget, apalagi promo nya sangat menarik dan banyak 👍",5
good,5
"di samping aplikasinya bagus, tpi maaf sering bgt dpt driver yg sprtinya ga niat narik, kita pakai jasa jg bayar, tpi pelayanannya 0. apakah driver ojek online mmg tdk diberikan training dasar utk melayani customer? sya pikir itu utk penting utk pertahankan loyalitas pelanggan",1
gojekplus aktif otomatis dan dibayar pake gopaylater padahal aplikasi udah gak dibutuhkan jadi dihapus eh ternyata dapat denda 50rb gara2 bayar gojekplus yg tidak diinginkan tolong diperbarui layanannya minta ijin dulu sebelum memperpanjang layanan,1
tks pelayanannya,5
"Ayo Gojek, Bangkit",5
good,5
baik,5
mantap,5
OK,5
mantap,5
lumayan lah,4
ok bgt,5
bagus. tapi tolong loading ny dalam mencari driver jangan terlalu lama krna kita butuh yg cepat. dan cara memesan ny pun jgn terlalu ribet biar aplikasi ini bayak d gunakan masyarakat,5
"tarif biaya utk perjalanan berulang di jarak yg sama lama2 semakin mahal dibandingkan Ojol yg lain padahal sudah pake label ""Hemat"" kalo ketemu kondisi hari sedang Hujan sangat susah utk Order padahal Ojol ""M"" langsung direspon",3
sangat membantu dan cepat,5
"ramah aman amanat, lengkap atributnya, oke pokoknya...kalau penjemputan memang kadang agak meleset tapi masih maklum karna sikon di jalan, tapi sudah oke tuk aplikasi gojek ini...Very Good Tuk Kedepannya mudah mudahan tuk gofood banyak promo dan discount, oh iya tuk tf ke bank kenapa kena admin yah, bukankah ini gratis, kalau bisa beneran gratis dong..di gopay ada saldo tf ke bank kena admin...kalau bisa gratis. Tuk fitur fitur di gojek semuanya sudah oke....Makin Sukses tuk Aplikasi GoJek, tq.",5
"penanganan complaint sangat LAMBAT. saya dirugikan oleh drivernya, kirim barang tetapi tidak sampai tujuan. Sudah bayar ongkos kirim tapi statusnya saya harus COD. UNINSTALL APLIKASI GA GUNA.",1
ok,5
chat ku dengan draver kok hilang ya,1
Aplikasi Dung*.. Gob**.. Dr tahun ke tahun.. tidak malah bagus.. malah tetap sama mempertahankan Kebod**annya.. Tiap kali pesan.. selalu nunggu cari driver 20menit.. padahal driver yg nyari orderan di dekat saya banyak.. dan. tiap dapat driver.. pasti dan pasti di kasih yg jauh2.. emang aplikasi Bo***.. bin Gob***... Lain Banget sm aplikasi sebelah.. Gobloknya Dr tahun ke tahun gak pernah berubah.. Salam Aplikasi Gob***,1
bagus,5
"BHR 2026 terimakasih Gojek sudah mau belajar dan memahami kesalahan Fatal BHR 2025, BHR 2026 sudah lebih realistis, BHR 2026 adalah cara kerja PROFESIONAL, tdk seperti BHR 2025. Menurut saya, Gojek bisa melihat dan menganalisa, operasional karyawan IT yg punya "" kepandaian rata² "" dgn "" kepandaian semi profesional dan profesional "" juga untuk tingkatan jabatan diatasnya. Gelar² elit bahkan dari luar negeri tdk bisa dijadikan Tolok Ukur mampu di implementasikan di negara dan pasar Indonesia,",5
"kadng murah, kadang mahal",5
terima kasih yaa,5
"masa aplikasi ojek online gada buat sharing nya sih, sy jadi kesulitan kl mau pesenin anak ojek ga bisa share driver jd hrs screenshot, dulu sempet ada fitur share driver itu jg cuma sebentar, tolong dong benahi. masa kalah sama aplikasi sejenis yg lebih baru.",2
ojol mantab,5
"Kenapa skrng jadinya app suka macet, jadinya ngga bisa buka??? 2023 suka macet, skrng 2026 ada yang ganti? tidak malah makin parah kerja app🤦🏻‍♀️🤦🏻‍♀️🤦🏻‍♀️ ada perbaikan ngga??",3
bagus👍,5
"praktis simpel gampang cepat dan gak ribet. aman saat diposisi genting, bisa sat set sat set, nganter BRG disaat gerimis bisa. mesen makan pun bisa disaat tda ada kendaraan atau malas kluar. minus nya kadang dpt driver suka ga enak hati. tp ga smua driver gitu. ada juga yang ramah. ada jga yg gajls . meski bgtu mode cuek KLO ga terlalu",5
ok banget,5
tolong deh di tegaskan lagi buat driver gofood atau bike.. jangan terima double orderan .. nunggu nya sampai telat² ..,5
sangat ok,5
cepat datang ramah,5
memuaskan membahagiakan selalu sesuai dengan keinginan ku,5
"driver banyaknyang pilih pilih, susah cari driver, semoga terapkan aturan yang ketat, cancel 3 kali langaung PM saja",1
gojek sekarang pelayanannya buruk banget,1
"Gojek ini bener² ngebantu banget, mulai dari mau bepergian, pesen makanan dsb.",5
"semakin kesini aplikasinya semakin kurang, sudah 2 mingguan ini setiap pesan gojek/gocar harus nunggu 10 sampai 20 menit baru dapat driver padahal kondisinya tidak hujan",1
susah driver terlalu jauh jarak apa lagi hujan tidak ada driver yg aktif rekrut yg betul betul mau bekerja mulai pagi sampai sore jangan ambil kerja sampingan,1
sangat terbantu dengan adanya gojek👍,5
orderannya ga di ambil di cencel terus sekalinya dapet jauh penjemputanya batalin buka lagi aplikasi eh malah naik agronya haahahaha kalau,1
lebih teratasi ada gojek dan praktis,5
"tolong perbaiki aplikasinya, krn kalau musim hujan sulit mencari driver dan harganya juga melambung tinggi.",5
"NI APLIKASI GMN SI, BANYAK BANGET GOJEK DI TITIK YG GW AMBIL TAPI GAADA YG TERIMA ORDER GW BLOK",1
mantap,5
"kalo lagi buru buru terus pilih fitur hemat susah banget heran, ngapain ngadain fitur hemat klo susah",3
mantap,5
"kata gua, lu jangan ngambil untung ketinggian anjoy, driver kagak ada yang mau ambil orderan gua",1
aplikasinya sangat membantu..,5
mantap,5
sejauh ini dapat pelayanan ok dr para drivernya 👍🏻,5
apk bego,1
"Mau ke rumah sakit ujan"" nyari mobil dpt yang jauh jauh ga ada yang Deket sama sekali, giliran sedang mencari kaga bisa di cancel harus nunggu lama banget baru bisa muncul pilihan cancel, giliran cari motor sama bae alasan yang booking lagi rame sama kaya mobil, lagi knp sih",2
"selama ini sih ga ad kendala selama naik apk gojek , tapi kok tiap naik dri great western slalu driver nya tidak jelas trus yaa.tlong donk driver yg suka mangkal2 dket2 great western cb deh kalau ga niat ngambil ord ran ga ush di ambil..dh di ambil ,kita nnggu lama stngah jam lbih trus di chat jga ga ad respon tba2 di cansell..bener2 ga ad pikirannya bgt..kalau ga mau ambil ya knpa ambil orderan..hrusnya ga ush d nyalain tuh apk ..ga skli 2x tp sring bgt bgni kalau di great western",2
"hari ini tgl 4 Maret 2026 gojek cepat, komunikatif 👍👍👍",5
perbaiki lgi jelek bngt g bsa msk g bsa bikin akun mertivikasi salah trss pdhl udh bener sesuai panduan makin jlk aka apk,1
cara batalin pemesanan gojek gimana sih. masa bru buka lngsung mesen,2
sangat menyenangkan dan memberi harapan baru,5
tarif ga ngotak,1
sangat membantu sekali,5
Pilih Goride Hemat... Kesannya Nyiksa Drivernya juga Nyiksa Pihakk Pemesan... Buset kasian tuh driver GoHemat. Udah Titik Lokasi Selalu Jauuuh..,2
kebanyakan error,3
sarana pemesanan sangat praktis dan cepat,5
sangat membantu,5
Gojek Ramah dan Aman,5
"mau bayar qris pakek aplikasi gojek pas tadi abis makan sahur, loadingnya Llllllaaamaaaaaaaa bangetttt padahal internet lancar, akhirnya saya jadi ngutang sama pengelola warteg😡",1
KEMBALIKAN FITUR BANTUAN CHAT DENGAN CS YANG BUKAN BOT. LAPOR LEWAT EMAIL TIDAK BISA. LEWAT APLIKASI JUGA TIDAK ADA PILIHAN.,1
lumayan,4
good,5
"driver ramah,nyaman di perjalanan,terima kasih..",5
saya sangat puas,4
"tolong dong segera berikan saya kode referral agar bisa mengajukan gopaylater, saya sudah lama menggunakan gojek/gopay untuk transaksi",4
Banyak membantu,5
Mantap...,1
good,5
good,5
mntav,5
"ak suka bgt gojek, gopay itu terpercaya asli..ga pernah kuatir transaksi dana pasti aman.thank you y",5
sangat bagus,5
"penanganan kendala yang sangat buruk, tidak ada solusi untuk lupa gmail dan tetap harus verifikasi kode otp dengan gmail",1
mantap,5
sngt berguna. dan inovasi bagus,5
cepat dan tepat,5
gk bisa masuk,1
pesan mobil payah dpt tolong lh di prioritas kn agek,1
semoga semakin lebih baik lagi mensejahterakan para driver,5
"aplikasi ky taeee,,sering bgt gangguan dan lemot",1
ngebantu banget sih,5
ok,5
"waktu penjemputan tepat waktu, harga terjangkau,. keamanan berkendara,.",5
bagus juga cuma Aku stress ngak cutup ruang aplikasi. 💄💄,5
"Gofood nya sekarang ga banget.... maaf aja, beli pesanan dari jam 8 malem sampe set 10.. Tokonya udh hampir 1 menit mau tutup belum di konfirmasi sampe² belum ada driver juga. 🧍🏻‍♀️🙍🏻‍♀️",2
bagus,5
seneng aja dari pada yang sebelah,5
driver nya pada aleman kebanyakan cancle,1
mantappp,5
oke,5
mantap,5
"kasih promo dan ongkir hemat ke konsumen tapi dananya ngambil dari mangkas ongkir mitranya dengan tidak wajar , seperti jarak pengataran konsumen k tujuan 5km tapi driver dibayar 9rb padahal jarak driver ke lokasi penjemputan penumpang 2 smpai 4km gimna ga tekor bensin.",1
"Mudah penggunaan aplikasi nya, sangat memudahkan",5
saldo tiba tiba hilang dan respon admin sangat buruk,1
ok,5
bangga dgn anda,5
good,5
"sopir nya baik,biar lama nunggu tapi orang nya baik🙏🙏",5
bagus,5
memudahkan dlm memesan makanan & kendaraan,4
"drivernya banyak yg ga bertanggung jawab, orderan masuk tp ga diambil sampai akhirnya dicancel resto",1
lemot bgt skrg klo pesen goride,3
"Kita pesan makanan dikasih estimasi waktu 56-66 menit untuk mendapatkan driver. Estimasi yang diberikan selama itu, sangat tidak wajar. Infonya apabila dalam waktu tersebut belum dpt driver bisa dibatalin, tapi ga wajar sekali bila menunggu lama ujung²nya tetap dibatalin. Lebih baik dari awal sudah ada fitur untuk membatalkan manual (mengajukan pembatalan). Dan anehnya di akun orang lain dapat driver pdhl lebih lama akun saya yg pesan.",1
membantu,5
sangat kecewa sekali barang statusnya sudah selesai di kirim tapi sampai saat ini barang belum sampai di tangan saya,1
update sistem menjadikan sulit penggunaan nya. sulit dapat driver,1
ok,5
ok lah,5
"tb2 ke logout sendiri, pas mau login lg susah bgt, muncul kendala teknis terus menerus.. payah lama lama",1
selalu di cancel,1
Sering bgt drivernya cancel orderan tanpa pemberitahuan/konfirmasi,3
chat nya sudah template semua dan kita tidak dikasih kebebasan untuk menuliskan keluhan yang terjadi. masak keluhan pakai template jawaban,1
aman dan lebih enak naik transformasi umum murah dan terjangkau,5
"saya pesan gojek ketika hujan, padahal milih yang tertinggi, tapi sama sekali ndak ada yang ngambil, padahal tujuan saya dekat. Dan saya tergesa-gesa saat itu untuk acara penting, tapi malah ndak dapat gojek. Pengalaman yang parah. Mohon atensinya.",1
mencari driver terlalu lama kasihan yg Uda nunggu lama tapi gak dapet²,3
dari dulu saya selalu percaya dengan gojek..gojek is the best,5
sangat membantu.,5
ga dapat dapat drivernya oon lah mana gua mau buka,1
mantap apk nya,5
Cari Goocar susah amat.,1
"Sejauh ini dapet pengemudi yang baik dan ramah bangetttt, semoga dipertahankan ya ojol yg baik dan ramah itu🫶🏻",5
transaksi pakai gopay later senilai 13rb dan 2 hari telat bayar ditagih menjadi 63rb denda 2 hari 50rb dgn nominal pembelian 13rb seram ya,1
penjemputanya lama alasan ngk sesuai maap,5
tambah ruwet,1
aplikasi yg tebaik sepanjang tahun,5
Good,5
driver nya ramah,5
keren,5
"untuk para pelanggan,yang order ke mall atau tempat pembelajaran yang ada parkiran nya,tolong ingat ada parkir,kasian driver,sdh ngambil order jauh, ongkir 5000-6000,di potong parkir 2000,sekarang Ongkir jarak 1 sampai 5 km 5000 perak",3
sangat cepat 👌👌👌,5
bagus sekaline,5
bagus banget pokoknya. walau promonya jarang,5
selalu gojek menemani kemanapun dg rasa aman,5
"tidak worth it untuk transaksi ,bisa kena blokir permanen saldo ga bisa di ambil parah gojek",1
perlu diseleksi kembali untuk drivernya,1
good,5
driver membatalkan transaksi padahal titik jemput sudah dekat CS Robot tidak ada solusi,1
NGESELIN ... DRIVER CUMA ACC ACC AJA TAPI DI DIEMIN BUAT AKHIRNYA KITA BATALIN. TOLONG LAH GOJEK JANGAN BUAT FITUR NYUSAHIN DRIVER. JD PADA NAKAL DRIVERNYA,1
ok dan sangat membantu,5
"ini saya mau beli paket kuota di aplikasi kartu perdana saya, terus saya mau bayar masa saya diarahkan sama aplikasi kartu perdananya harus download gopay, emang gak bisa satu aplikasi aja gitu? contohnya di gojek kan ada gopay juga kan, yaelah ribet amat sih kalian!",1
best experience with Gojek,5
walau jarang pakai tapi sgt butuh kalo pas bepergian,5
makasih drivernya ramah dan cepat Sampek barang aman,5
"driver gofood itu kenapa lama lama bgt ya, pdhal estimasi nya 10 menit bisa sampai 1 jam. gak kaya shopee. heran bgt knpa pada gitu sih",1
manyap,5
Gojek is the best,5
oke bngt,5
baik,5
"Gojek mantap banar dari dulu,tapi ada beberapa note yg pengen ditambahin:kalo bisa Adain lagi Goride Hemat,banyakin promo khusus tunai,Ongkir Goride dikurangin,terus kualitas telepon sih best tapi kalo bisa ditambahkan Spatial audio atau Dobly Atmos 360°,thanks you min🔥😭",5
"aplikasi yg simpel, gak ribet dan fungsional..",5
p pO p,5
Aplikasi sangat berguna sudah tanpa ribet,5
harga murah murah sering diskon juga mantabs kelas king👑👍👍👍👍,5
bagus aplikasi nya semoga banyak terus promo,5
Kasian mamang driver'nya. anter Makanan sekali 3. Cuma di tambahin 2'rb setelah anter makanan yg ke 1.full yg ke 2/ ke 3. cuma di tambahin 2'rb. 👎👎👎 yg mesen bukan dikit.,1
sangat mudah digunakan dan sll ada promo,5
tepat sampai tujuan,5
mesan makanan slalu lama dh naik asam lambung ngk sampai 2.....mending shopee foodd cpat,1
apknya bagus,5
fasilitas yang disediakan aplikasi sangat beragam dan bikin pelanggan senang dan sangat puas terhadap pelayanan yang diberikan.,5
pesen paket dari tokopedia via jasa kirim gosen pake same day dari jam 10 pagi kmrin ampe skrang belum keambil .nyesel tau gtu pake sameday anteraja jelas traking nya ini ga diambil ambil.,1
ini app eror malah ke pilih 2 drivernya. gak suka gw,1
good job,5
"trimakasih Abang gojek , semangat kerja y ya",5
"ntah knp akhir akhir ini utk dapet driver lama bangett, even da pilih yg prioritas,, khususnya di jakarta. Driver jg bnyk yg ogah ogahan kayak udh di terima trs di cancel lgi gtu trs.",2
semakin mengecewakan... banyak kejadian ga enak pake gojek 😪,1
bagus,5
Aplikasi sangat lh buruk tolong dong yg mempunyai aplikasi ini bikin orang seneng dikit Napa aplikasi sangat buruk seburuk-buruk ny,1
kenapa go pulsanya eror terus,1
mantap,5
dahlah,1
coba dulu,5
lelet bet asli,3
bagus dan murah,5
pesan gofood tapi belum dapat driver customer disuruh menunggu pembatalan otomatis sekitar 45 mnt. wow.. perut tidak dapat menunggu bung !,2
gara2 kamu slalu ngasih lokasi driver yang kejauhan saya jadi kehilangan kerja,1
"kacau bgt kalo abis ujan,gada driver yg mau ambil ordernya,dpt nyaa malah yg jauh kasian terlalu jauh",3
susah banget cari driver,2
tarifnya jg bagus dan lay fast,5
oke bagus,5
aplikasi biadab jahat jahanam. Tiap hujan pasti dikasihnya driver yg diatas 1km,1
mantaaap,5
"sebenarnya sebelum ini aplikasi sangat bagus. namun kenapa belakangan ini banyak keanehan khususnya di latanan gosend seperti : alamat rumah tidak terdeteksi malah selalu mengambil alamat lain yang berbeda, walau sudah pilih peta. kemudian kl memilih lokasi juga sulit. ketika kita back, tidak segera kembali ke layar sebelumnya, hanya bertanya simpan draft atau tdk usah. ketika dipilih, tidak kembali, sehingga kesulitan mengatur alamat bila ada perubahan",2
gojek binjai ramah ramah,5
masa nyari driver aja bisa sampe 10 menit,2
membantu,5
"bayar later lupa, saldo padahal ada udah di topup, telat 1 hari dendanya 50. belanja di atas 100 sedikit dendanya gila2an. kalo ga karna lupa mencet bayar abis topup udah gua lunasin itu. kapok2.",1
"setiap mau pergi dikasih driver yang jauh, selalu membuat terlambat",1
Kalo ga mau di ambil tinggal di cancel si gausah sampe buang² waktu orang buat nunggu tapi ujung² nya malah ga jalan .,1
"aplikasi cacat, lama bat nyari gojek, ngomong dri kapan nyari ampe kapan, batesin aja tuh mendingan yang ngegojek klo bgtu, di tunggu malah ga jelass, dinaikin harga malah aneh, ett di butuhin malah bgtu",5
"tiap mau pesen goride selalu lama dan jauh dapet drivernya,ntah mungkin jaraknya deket karna ongkos gasesuai yg diaplikasi atau aplikasinya yg makin lama makin teler bukan nambah bagus hadeh..",1
"kalo order gojek selalu dapet driver yang jauh mulu, jadi di cancel lalu jadi telat pergi ke lokasi yang dituju😢",4
"gojek sekarang sering banget bekuin akun, padahal ngga ngapa ngapain juga",4
sangat baik,5
cepat dan nyaman,5
memudah kan transportasi,5
"coin aku sering tidak masuk, tolong perbaiki gopay/gojeknya",3
aplikasi merugikan konsumen,1
rata rata supir mobil atau motornya kaya g butuh penumpang semena mena,1
jadi udah ga begitu menarik coin nya membosankan,1
"KECEWA BERAT sebagai langganan, mesen Express dijanjiin Jam 04.16 sampe, jam 04.19 belum jadi makanannya dan belum pengantaran? udah hampir 1 JAM, TELAT SAHUR jadinya, kalau emang gabisa express ngapain ada fitur express? Tau gitu mending order pengantaran biasa aja tadi.",1
MAKINPARAH GOJEK..ONGKOS KIRIM MAKANAN JARAK 3 KM BIAYA RP 23RB BELUM LAGI ONGKOS LAIN...DIAPLIKASI LAIN ONGKOS KIRIM HANYA RP 2000!!! MAU BANGKRUT ATAU GIMANA GA NGERTI..YANG PASTI DILUAR AKAL BIAYA ONGKIR,1
"Saya pesan makanan utk sahur, restoran tidak menyiapkan pesanan sampe 1 jam tidak dianter2, tidak ada menu penilaian ke resto nakal seperti itu.",1
Ok terimakasi,5
kembalikan lagi bonus buat driver 80rrb ..Biar semakin semngat driver y,5
good,5
oke banget,5
suka gojek dr dlu,5
sangat membantu 👍🏻,5
riwayat top up masuk. tapi saldonya gak masuk.. 😫😭😒,1
saldo saya sampe sekarang hilang parah gak tanggung jawab cs nya setelah ditanyakan malah cs gak bales lagi bilang kalo mau bangkrut,1
"gofood, kenapa ga bisa chat resto? knp hrs klo ada masala di pesanan baru bisa di chat? ini nyusahin klo salah2 input pesanan dan ingin edit ulang, tlol.",1
mantap,5
"aplikasi bagus, sangat bagus cuma lebih dan lebih lagi perhatian sama para drivernya",5
saya suka saya suka,5
Telp nya susah di pencet,5
lumayan,4
"mantap dan terlengkap aplikasinya,rekomen lah pokok nya",5
pembayaran nya gak ada via dana,1
Dendi Ahmadl,5
"saya ga ada pesan gofood, tiba2 yg dikeranjang terakhir saya kecheck out. parah banget gojek. saya rugi banget2.",1
"Aplikasinya kurang normal. Kurang mampu melayani masyarakat kecil. gopaylaternya gx fungsi! Sdh 10 tahun lbih gx fungsi! Aplikasi ini tdk saya gunakan, masih banyak aplikasi yg bisa melayani masyarakat.",1
tolong untuk para driver nya mempunyai kembalian agar tidak merepotkan pembeli,3
baguuss,5
👍,5
"saran aja, bersaing sih bersaing, tapi kalau buat argo itu jangan terlalu murah, kasian driver nya, kalo argo murah di tanggung sama gojek ya gak masalah, tapi ini driver yg nanggung, sehingga pelayanan driver pun berkurang,",2
mantap sukses selalu,5
driver Rapi dan bersih motor yang di tumpangi nyaman di perjalanan.,5
baik,5
good aplikasi,5
selalu muncul iklan di hp yg sangat menggangu,1
drivernya klau hujan GK mau order GK membantu bdhl klau hujan sngat dibutuhkan,3
sangat membantu dan memuaskan,5
ngga ada fitur hapus chat. jadi ketika typo nggak bisa diedit ataupun dihapus🤦‍♂️ perbaiki lagi deh sistemnya,1
"aplikasinya makin lama makin ribet. driverpun banyak yang belagu tidak mau ambil orderan. saya pesan gofood setiap kali harus tunggu 1 jam dan itupun ujung ujungnya cancel karena ga dapat driver. solusinya dong gimana? jadi nyusahin customer kalau begini. aplikasi harusnya lebih efisien ini malah sama sekali tidak efisien!! kejadian bukan sekali dua kali, tapi berkali kali selalu begini padahal jarak restoran dan tujuan sangat dekat",2
mantap,5
sex,1
respon cepat,5
buset mau naik haji kali ya mahal amat gofood nya,1
responnya lama,1
suka karena ada banyan promo,5
"pesen ojeg online,kalau abis ujan harga naik. mana jemput jauh. udah ditungguin,malah dicancel. kalau ga niat narik,ga usah narik",1
"driver pada kemana dah, males amat ambil orderan, udah kaya kali ya",3
bravo...,5
ga ah ga mau lagi,1
"sudah tau penjemputan jau ambil orderan food malah sudah deket 50m di batalkan sistem,tau dari tadi tak cancel aja,ambil orderan jau macet atau hujan malah di cancel sistem bodohnya IT gojek nih",1
ok,5
"saya cari driver 1 jam gak nemu nemu, katanya bakal dikasih voucher kalo 15 menit lebih ga nemu driver buktinya mana saya ga dapet apa apa",1
bintang NOLLL,1
"tolong difix dong ini kalo hujan kalo mendunh dpt jauh terus capek nunggunya, kasian jg drivernya udh jauh jauh cape cape tp ga seberapa ongkosnya.",1
aplikasi josjis,4
Pelayanan baik dan memuaskan.,5
"TOLONG DI PERBAIKI , MASA ORG MESEN GOJEK DPT DRIVERNYA YG JAUH MULU GADA OTAK",1
mantap,5
"susah dapet driver, pada batalin order semua",1
"najis, paylater telat sehari doang 50k uninstall, jg diinstal! byk yang lebih murah dan bagus",1
lemot,5
amazing,5
ok banget,5
"brsan kirim gosend, cepat dan driver ramah makasih",5
kenapa tiba2 paylater dan pinjam ga bisa. n sebelumnya tidak ada riwayat apapun. mengecewakan. lama2 semua pindah apps,1
Good,5
mantap banget aplikasinya,5
"Kelakuan Drivernya jelek-jelek, gofood pinggir jalan dan sudah dikenai biaya parkir masih minta ke Customer. Ketika sampai dan sudah dikasih uang parkir mukanya jadi kesel gitu?? gak hanya 1-2x saya pesen, tapi ini sudah lebih 10x selalu minta parkir. Kita masih kasian kalo ngasih bintang 1 ke Driver, tapi kelakuannya kayak gak bersyukur.",1
keren,5
sangat membantu aplikasi ini,5
"hama lama bet nyari nya ajg, server sering down, mahal pula, sok kapitalis",1
gojek Fitur fitur lengkap Simple ga ribet Minusnya gaada pembayaran qris,5
sangat membantu,5
"baru kali ini kecewa , mau pesen tapi gak ada driver yang nyantol satu punn!!!! padahal biasaa nya cepet bgtt dan ini hampir setengah jam gak dapet driver nyaaa!!!!",1
"gopaylater telat sehari dendanya 50rebu, utang 30rebu denda disamaratakan segitu haduhhh. ada gila gilanya sih gojek.",1
tambahin dana sebagai via pembayaran lah min aku mainnya dana,4
bikin emosi,1
bagus,5
mantap,5
antar cepat makananya enak .,5
kelamaan,2
"lebih di luaskan lagi dong gojek nya, aku nyari sejam ga ketemu driver",2
Sangat Membantu Dan keren lah pokoknya 👌🏼,5
semoga semakin maju & berkembang,5
paylaterku gak bisa aktif.huhuhu,5
"makasih gojek, karna gojek aku bisa pergi kemanapun tanpa khawatir bila tak ada transportasi",5
membantu,5
cukup membantu,3
aplikasi apalah lama sekali dapat driver meskipun udah pake express biar cepet sampe malah telat,1
gampang pake nya,5
harga naik mulu! kalo pesen gofood lama banget dapet drivernya!!! pesen makan bisa sampe 1 jam cuma buat cari driver!!,2
oke bngt.. mantap...,5
sangat berguna banget,5
"telat satu hari denda 50rb, kebijakan paling gak masuk akal. aplikasi najis, lintah darat juga gak segini kejamnya. busuk",1
mobil gus,5
bagus,5
gojek bobrok,1
mantep pelayanan supir nya ramah ramah cepat nyaman khusus nya untuk yg bagian sepeda motor mantep pol,5
tepat waktu n komunikasi gampang... goood pertahankan,5
ramah dan baik,5
good,5
"wkwkwk udah upgrade gojek plus tetep aja nggaada diskon sama sekali, mahal banget, niatnya upgrade ke gojek plus buat dapetin diskon karna tiap hari naik goride, ehalah ini diskon cuma 1000.buruk banget asli",1
mantap,5
membantu,5
"kecewa nya hanya soal pinjaman saja,,, th kemarin dapat pinjaman itupun tanpa telat secuil / sedikitpun tidak pernah. lah kog sampai sekarang tidak dapat pinjaman lagi di Go.Pinjam nya..",1
"senang banget dengan aplikasi gojek,kemana mana sekarang gk ribet",5
good,5
sangat membantu,5
gercep,5
"tolong perbaiki untuk bug di bagian cuaca, masa setiap mendung atau hujan pasti mendapatkan driver dengan jarak lebih dari 1 km bahkan kalaupun saya mau pesen gocar tetep sama aja, tarif juga ber ubah2 padahal dengan tujuan yang sama",3
terimakasih,5
cepat,5
bagus hemat,5
good,5
selalu pakai gojek kemana pun pergi,5
ok,5
kurangnya kalo pake gosend ska pada ga bawa tas thermal atau tali buat kirim barang,3
lama ga pake gojek,5
"admin tolong ya kalau lagi ""mencari driver"" loadingnya jangan lama-lama hampir 10 menit dan gak ada tombol ""cancel"" soalnya lagi buru-buru dan mau order di aplikasi lain jadi nunggu sampai loading selesai, dan diaplikasi terlihat ada banyak driver tapi gak ada yang mau ambil gojek hemat 6.500, walaupun aku milih hemat tapi nanti bayarnya aku lebihin kok. terimakasih",4
"supir dtgnya lama, trs suka susah dpt ojek",1
mudah dgunakan dan sangat membantu,5
"penjemputan sampai dengan tujuan bagus semua,mksh🙏",5
ok,4
"Lama amat nyari drivernya, driver banyak nemunya lama",1
apk ngk jelas udah boking yrs udah kontakan ama driver lah kok bisa-bisanya di cancel,1
"manakala waktu kepepet utk mencapai tujuan, solusinya ya yg pasti gojek",5
gercep,5
"makin kesini makin lama dapet drivernya, lbh cepet driver di apk sebelah",3
"aplikasi nya sudah cukup bagus, cuma sayangnya terkadang jarak driver menuju titik penjemputan hilang-hilangan",4
"jangan ada double order dong,udah harga mahal malah double order ga banget lama lagi",3
"jujur kalo mau pesen gojek tuh dpt driver nya LAMMAAAAAAAAAAAA bgt bikin telat doang njir, lain kali dipercepat sistem buat dpt gojek nya, klo kaya gini ribet",1
"dapet driver, jauh terus",3
lebih murah daripada maxim maxim mahal,5
mempermudah disetiap perjalanan,5
hamaaa lama bet gilaaa,1
di manokwari gada driver gojek kah??? lagi butuh malah gada driver aplikasi apa ini weh,1
pelayanan nya sangat aman dan nyaman,5
Terima kasih mengantar kami tepat waktu,5
bagus,5
tarif jarak dekat lebih mahal dari tarif jarak jauh. jadi uninstal,1
"ayolah jangan lma udah top up dari ewallet org luar malah blom masuk, lgi butuh uyy buat cari modal malah bikin Rizki melayang mulu gitu?",1
fitur chat dan telepon nya minus alih kan ke WA aja nelpon sering gak nyambung kasihkan liat abang nya muter muter,1
Mantap,5
ada cs gojek tp nggak membantu sama sekali,1
"tolong perbaiki Lag dalam Aplikasi GO-JEK, saya sering kali mengalami LAG (internet terputus, layar kosong dll) saat di dalam aplikasi. untuk aplikasi lain lancar bahkan aplikasi game berat.",3
Mantab buat aplikasi ini lancar terusss,5
bagus,4
mantap,5
mantap,5
bermanfaat,5
mantap,5
"Saya sakit hati dan merasa seperti menjadi bahan olokan dan omongan dari kalangan driver. Selama ini ternyata ada rating dan komentar dari driver!? Hal ini sangat menjengkelkan saya, bagaimana mungkin saya diberi rating dari driver? saya bayar mereka dan saya diberi rating dan dikomentari? Kejahatan privasi macam apa ini. Saya bahkan sebagai customer tidak bisa melihat komentar dari driver yang saya naiki. Cukup sudah permainan ini, saya muak. muak. muak. saya mau berhenti pakai gojek.",1
Gojek sangat membantu.saya senang dengan Gojek.terima kasih Gojek,5
"ngebantu banget sih, tapi sayang nya loading parah masa jaringan 5G, masih dibilang internet ada mati, periksa jaringan anda, koneksi internet tidak stabil. pas buka wa, ig dan lain sebagainya ngebut ngebut aja tuh",4
sangat membantu,5
maaf saya kasi B1. krn saya mantan driver gojek yg kena Putus Mitra sepihak dlm artian tidak ada kesempatan banding di mana letak salah nya.tidak di ungkapkan secara DETAIL,1
"semoga saja bisa menjangkau area yg masih jarang/susah nyangkut driver area batang, Jawa Tengah makasih",4
mantap lah,5
aman nyaman,5
mantapp,5
Sesuai pesanan...terimakasih,5
saya senang sekali kalau mau ini tinggal pencet udah,5
Alhamdulillah sudah bisa Gojek..,5
"pembayaran yang praktis, multi fungsi, dan nyaman untuk digunakan",5
"Argo gocar bikin rugi sopir, emang aplikasi ngitung bensin mobil sama motor?",5
Good,5
bagus,5
"Tarifnya mahal dan promonya tidak menarik, harganya gak bisa bersaing.",2
Orang baik lancar terus rejekinya semangat,5
"sekarang gojek ada fitur game, tapi masih banyak.bug di game2nya. seperti di puzzle.. bug muncul.saat score diatas 3.500... sangat menjengkelkan dan bikin malas main lagi. game2 yg lain juga banyak error...",3
sangat membantu,5
lanjut,5
sangat membantu bnyk diskon,5
"kok setiap puasa atau ramadhan kyk gini ya gak diaplikasi sebelah sama aja, kukira gak pake mode hemat bisa cepet dpt driver atau sampainya ,tau telat sampai 1 jam Gonta ganti driver, sampai aku ketiduran nungguin makanan datang 1 jam karna kelaparan, 60/70 menit padahal cuman 3/4 km? aneh banget sumpah 😭 plis laa kumohon jangan gitu aku dh pake mode normal bukan diskon woi",3
"makin hari makin g ada attitude drivernya, kagak ada info apa apa tiba tiba driver tidak balas chat. ditunggu 30 menit, ditanya lagi malah di cancel. bukan pertama kali, ini udah beberapa kali",1
"aplikasi nya sudah sangat bagus, terus ringan juga dan lebih cepat dapat driver nya. saran untuk gojek, untuk bagian chat dgn driver harap diperbaiki lagi karena chat dr driver sering tidak terbaca oleh customer.",5
driver suka cancel tiba2 padahal udh nunggu lama. mohon di evaluasi lagi prihal pelayanan,1
pelayanan baik🙏,5
tolong di gojek klu cuman cek² alamat perkiraan biaya doang kadang tanpa sengaja malah jd otomatis dipesan gimna ya. suka salah mulu saya padahal gak niat pesan malah otomatis kepencet gtu²,5
semoga terus bermanfaat untuk bangsa,5
Mantaap..,5
sangat terbantu sekali untuk pengantaran atau penjemputan jarak jauh maupun dekat drivernya kebanyakan ramah2,5
Biadad Dajjal Nunggu driver di percepat tetep ga dapet apk busuk Moga bangkrut,1
"aplikasi taik tolol, aplikasi abal abal aja gak se parah GOJEK ini pending nya, ini haru 6G ya biar lancar?",1
"saya mau buka puasa, mesen sekitar 17:20, nunggu 50 menit ga masalah, tapi dari tadi sampe 18:38 driver nya gonta ganti cancel, tau gak, udah sabar nungguin malah di cancel in terus",1
puar sekali pakek gojek,5
"makanan saya ngga dapet semuanya, harusnya dapet 2 box malah dapet satu doang,drivernya di chat ngga ada respon, pusat bantuan juga harus tunggu 2-4 kelamaan, RUGI 100.000 dikira murah apa?",1
"gojek ini lama lama driver nya banyak yg nakal, orderan diterima tapi ga jalan jalan sampe 30 menit, sekolahkan LG PDA driver konsumen ga capek nunggu",1
Bagus dan murah kendaraan nya,5
nyaman naik gojek cepat sampai,5
"benerin driver lo , giliran dikasih bintang 1 pada geruduk kerja kagak ada yang bener mentang mentang ada garansi delay",1
sangat membantu,5
"kenapa si gojek ini tiap dibutuhin selalu pada sombong drivernya😠😠 tiap hujan pun sombong, pada pilih² orderan, anehh bangettt. padahal saya setia sama gojek dari saya masih sekolah, nyebelin bgttttttttt keselllllllll😠😠😠😠😠😠😠😠😠 ga profesional banget para driver-nya!!!!",5
senang ramah amanah,5
ok,5
"ghoblog bgt, masa pesen momoyo dari sore jam 5 kurang ga dapet driver, baru bisa dicancel jam 17:54 ??? GHOBLOG BGT ANJG diboongin nadiem begho lu, rugi beli gojek",1
aplikasi najis,1
susah dapat driver mobil,1
"Saya mempermasalahkan biaya Estimasi pengiriman Reguler 45-55 min dengan biaya 37k, sedangkan Express 40 min 39k. Yaitu jika pembelian customer cuma berkisar 20k-30k prakiraan biaya akhirnya 57-69k itu biaya sudah membengkak, apalagi jika customer membeli makanan ringan snack. Tapi sebenarnya untuk biaya Estimasi pengiriman seharusnya pengiriman jangan melebihi 40+min itu cukup lama. Lebih tidak whort it.",3
jadi gak ribet mau kemana2 👍,5
Mantap 👍,5
pelayanannya bgs,5
jadi lebih gampang kemana mana,5
"cari driver susah banget, apalagi kalo hujan",1
"cukup baik dalam memberikan Pelayanan Publik, Ramah dan bisa diandalkan dalam mengejar beberapa waktu penting,, Namun sangat kecewa apabila hujan tiba-tiba bagi Armada Ojolnya suka menghilang atau harus lebih extra bersabar mau menunggu lama 😪🥴😬",4
selalu on time,5
daftar aja lama banget harus nunggu satu jam,1
mantap,5
baik,5
mantap,5
ok,5
drivernya sopan,5
Aplikasi paling pelit Untuk Driver,1
mantull,5
terbaik pokok nya👍🏿👍🏿👍🏿👍🏿,5
senang bisa menggunakan gojek,5
"sangat kecewa,,beberapa bulan kmrn gopay pinjam lancar,pencairannya cpt,toh saya juga pembayarannya nggak ada yg telat.dikala membutuhkan seperti hari ini malah ditolak,pdhal sebelum²nya nggak ada masalah",2
"sangat membantu sekali, baik urusan angkutan maupun pesan2 barang or makanan",5
Ramah,5
oke,5
terimakasih selalu tepat waktu,5
Mantap.,5
sangat ramah,5
terbaik,5
banyak driver yg gak ramah,1
tolol tiket krl g bisa diedit tujuannya,1
"ribet kali orang mau daftar aja, sama kayak pemerintah lu",1
sangat membantu. tidak perlu khawatir bepergian,5
selalu menolong disaat kepepet. trimakasih gojek,5
pelayanan yg sangat memuaskan,5
ok,5
murah cepat,5
good,5
sangat membantu,5
pokoknya semuanya ok,5
tambah lama tambah mahal gilaaa!!!! tiap hari naik gojek pulang pergi kerja dari yg harganya 16ribu jadi 28ribu WHAT!!!!!,1
gimana sih masa saya pesan grab car sudah sejam tidak bergerak? dichat hanya dibaca tidak dijawab,3
terimakasih,5
terbaik,5
mantap,5
dalam kondisi apapun klu ada gojek segalanya lebih mudah,5
senang,5
mantap,5
tidak memberikan solusi kektika butuh bantuan,1
banyak promoo menarikk,5
baik,5
murah dan cepat,5
baik banget,5
mantab,5
murah aman dan drivernya baik hati,5
penjemputan cepat,5
ok,5
pegawai gojek suka ambil barang orang,1
puas,5
mantap,5
amanah,5
bagus,5
aplikasi tambah lama tambah tidak jelas ini,2
sllu tepat waktu dan ramah pelayanannya..,5
bagus,5
"Buat admin di Fitur Chat!, belum ada menu untuk hapus chat2 lama.",5
Aplikasi yang sangat membantu untuk kegiatan sehari hari,5
cepat,5
"pesan go food sering kurang lengkap, pesan beef burger deluxe tapi ga ada burgernya, tanggapan cs kurang memuaskan, bukan sekali ini dah beberapa kali kurang pesanan ga diganti , malas pake gojek lebih baik aplikasi Laen ...bye gojek jelek",1
sangat berguna di kalangan gen z,5
okkkkkkke,5
"suka banget sama gojek, driver nya ramah ramah sejauh ini, kalau ada keluhan bisa di ganti keren sih",5
bagus,5
good,5
mantap,5
kalo bisa ganti syimbol jemput Antar yang jelas jangan membingungkan,1
Good,5
"In this economy, its great choice for ur day.",5
mudah dan menyenangkan,5
the best,5
ok,5
ok,5
oke,5
ok,5
sangat membantu aplikasi GO-JEK ini,5
scam buat investasi emas non fisik,1
oke,5
gojek emang terpecay,5
ok,5
banyak promo,5
percuma diskon 50% pun kalau ongkir food harga nya se harga food itu sendiri...sudah di diskon harga tetap juga segitu diskoNTOL kali...-5,1
godd nice,5
Nice,5
terima kasih,5
"Tolong klo pilihin driver itu yg dekat klo tidak pakai hemat, ini udh gk pake hemat nunggunya sma kyak pakai hemat. Sangat sangat buruk pelayananmu",1
"Pelayanan Gojek sekarang sangat sangat buruk, klo ada pemberian bintang min, saya akan kasih bintang min. masa nunggu driver yg gk paket hemat 10 menit, kita cancel dikasih makin mahal tarifnya. sangat sangat buruk, klo pemerintah Indonesia benar-benar membuat transportasi umum yg memadai, gojek goridemu itu gk laku, paling yg laku gosend.",1
ok,5
kebanyakan iklan,3
okelah,5
Gojek Keren,5
mantapp,5
good,5
tepat waktu,5
"tolong ini mah, driver mobil kenapa pada mager buat ke lokasinya, 995 meter bilangnya jauh, mending kalo boleh saran untuk driver yang mungkin belum siap untuk ambil user jangan di aktifkan dulu aplikasinya, ini dapet driver yang tidak terlalu jauh jaraknya pada gg ada respon",2
Alhamdulillah sudah nyampe rumah enak santai kok ya,5
bagus aplikasinya pokoknya good,1
bagus,5
sangat nyaman dan menyenangkan,5
menu gofood eror jaringan padahal buka app lain bisa,1
sopan,5
oke,5
trmksh gojek,5
sangat membantu perjalanan,5
"TERLALU MAHAL ONGKIR GOFOOD, PADAHAL JARAK TIDAK SAMPAI 1 KM, ONGKIR BISA 17RB - 20RB, VOUCHER ONGKIR DAN MAKANAN TIDAK BISA DIGABUNG, DAN VOUCHER DISKON TERLALU PELIT",1
mudah,5
tolong review lagi driver yang kurang ajar dan menghabiskan waktu orang. sudah lebih dari 5 kali saya menunggu lebih dari setengah jam tetapi tidak dijemput bahkan pesan tidak dibalas. Penumpang diberi rating jelek karena terpaksa meng cancel tetapi penumpang tidak tau rating nya dan tidak bisa membela diri. benar2 jelek servisnya. tolong diperbaiki jika mau gojek bertahan.,1
mantap the best,5
kalau pesan go jek TDK banyak masalah. tetapi kalau go car supirnya lelet kan tampak di pantauan. dan TDK mau muter alamat rumah diportal jadi harus mutar.,5
memudahkan segala urusan,5
mantaf,5
praktis,5
ok,5
bepergian jadi lebih mudah,5
"kalau gak terlalu perlu jgn download, karena sekali no hp/ atau email lupa terus ganti hp, udah gak bisa lagi masuk, seperti saya padahal udah masuk kode dari no hp, ih malah di minta lagi kode dari email, sedang emailnya udah gak ada lagi, akhirnya uang di gojik ya gak bisa lagi di ambil, jadi kan rugi",1
good service,5
sesuai harapan,5
mantap. sukses selalu,5
Good luck,5
Jooos,5
Kenapa sekarang kalo cari driver lama banget? mau gojek mau gofood sama aja lamaaaa,1
ok bgt,5
terbantu sekali,5
pada belagu,1
"masa iya order food dapat drivernya harus nunggu 60-70menit , belum ditambah waktu pengantaran dari drivernya. ditambah mau cancel juga harus nunggu 60-70menit juga . keburu kelaparan",1
"napa sih, kalau ga ada driver disekitar resto, kita malah dipaksa nunggu buat sampe ada drivernya, napa gak bjsa cancel? disuruh nunggu banget sampe ketemu?. kecewa gua unsistall aja, lebih bagus gua langganan shope food dari pada apk, mengecewakan",1
"Gercep kerjanya, satset tindakannya.",5
gojeekk ini bener bener apk berguna sihh♡,5
udh langganan goplus malah tambah bobrok ini gojek,1
ok,5
Dengan gojek semua jadi mudah,5
"Parah transaksi gofood gagal tapi saldo bank ga dikembalikan, minta bantuan CS sama saja ga ada solusi",3
aplikasi paling membantu semua kegiatan..thankyou gojek!,4
bagus gaada masalah,5
"sangat membantu bagi yg membutuhkan transportasi, saling menguntungkan saling membantu semoga kedepannya semakin lebih baik.",5
sangat membantu,5
Good very good,5
sudah berapa kali tidak dapat driver,1
👍👍,5
sllu tepat dan sngt membantu,5
"bnyk promo nyaa, mungkin lebih happy klo tambah bnyk lg promo nya",5
apk yang sangat membantu dan banyak promo,5
lebih mending shopy si kalo pesen makanan diskon gede + gratis ongkir,1
sangat bagus,5
"aneh sih liat komen komen yang komplain dsini.. kok kalimatnya kek mengarah buat cari celah agar costumer yang buat orderan fiktif makin merajalela aja ya? sorry, alasannya kek kurang masuk akal aja sih kebanyakan alasannya kebanyakan seperti.. ""gmn caranya biar apk makin mempermudah untuk cancel order bagi costumer"" aja ya.. yg komplain gitu kek bau bau dari driver apk sebelah wkwk",5
"aplikator sampah, gk ada cs yg bisa di hubungi.",1
"terima kasih penjemputan cepet, driver nya ramah",5
sukses selalu,5
Aplikasi yg sangat membantu sekali....,5
Setiap pesan gojek pasti lawan arah semua,1
"aplikasi sudah bagus, tetapi anggota gojek nya sendiri jelek, mulai dari penanganan barang costumer, tidak Ada sopan santun, dll, meskipun tetap Ada berapa gojek yang bagus tetapi sisanya jelek",2
sangat baik,5
mantap oke sekali,5
"System keuangan disini buruk banget apalagi paylaternya idih jebakan setan ! Gegara aplikasi lu yang suka eror jadi ada keterlambatan sudah dibayar tapi di system masih ada tunggakan , menjijikan",1
keren,5
baik,5
mau daftar gabisa disuruh nunggu 30 jam stress,1
mantap,5
"Gojek Ride, the best online ride apps",5
"bisakah mendaftar jadi premium di permudah? saya sudah coba berkali kali daftar foto KTP foto selfie tidak pernah di ACC, sampai ada keterangan terlalu sering coba lagi nanti tapi saya sudah malas dan meninggalkan pendaftaran selama 4minggu tapi saat saya coba lagi tetap ditolak dengan alasan tidak masuk akal yaitu terlalu sering coba lagi nanti saya tdiak mau ribet ingin premium secepatnya karena ingin saya sambungkan ke bank jago",1
mudah dan murah,5
Go-jek the best,5
ok,5
"saya tidak bisa login, layanan sangat lambat",1
"drivernya sangat sabar, Terima kasih sangat puas dg pelayanan beliau. Maaf lupa nama",5
Lebih terjangkau,5
selalu bagus,5
good,5
pengantaran cepat,5
kren...,5
"Padahal saldo udah di nol-in, eh goplus masih aja aktif ngambil dari paylater. Padahal paylater bukan pembayaran utama.. Pas gw cek resto yg biasa gw pesen ga ada satupun yg bisa nerima goplus, ga kepake akhirnya. Sekarang gojek segitunya banget nyari pengen untung 🤣",1
👍,5
sangat membantu,4
👍👍👍👍👍,5
"membantu disaat mendesak,",4
menolong banget buat aku yang mageran.. wkwkwk,5
mantapp,5
"pliss gojek. saya memesan untuk luar kota jangan di batasi, dari pekanbaru ke bangkinang masa iya gak bisa. mohon didengar yaa gojek 🙏🙏",5
mantaaf,5
mempermudah perjalanan,5
jos jis bolo,5
mudah dan praktis,4
sangat baik dan membantu untuk kamu semuah,5
memudahkan segala urusan,5
untuk konsumen yang Budiman mending pindah layanan ojol nya ke aplikasi whuush di sini mah aplikasinya sudah kaga jelas,1
"pelayanan cukup baik dan memuaskan ,terimakasih 🙏",5
sopan nyaman d perjalanan,5
mudah,5
sangat bermanfaat,5
"gojek adalah satu satunya solusi dikala aku tak bisa lakukan semuanya sendiri.. semoga makin sukses, banyak promo dan selalu murah tarifnya",5
"Gak pernah ngelakuin aneh aneh, hp resmi, gak di root, satu hp satu akun tapi dikatain ada aktivitas mencurigakan yg ngebuat gak dpt cashback. tolong lah sblon ngelakuin keputusan itu cek dulu bener apa kagak, merugikan konsumen aja",1
drivernya baik selama saya menggunakan aplikasi gojek,5
Semua yg ada di dlm gopay sangat mmbntu.. tp sy kecewa sering pakai gopay pinjam tp tidak dpt hadiah apapun 😭jd males pake gopay lg,3
"Cukup reliabel. Namun, penyesuaian tarifnya sulit diprediksi, terutama ketika traffic padat.",4
bagus apalagi kalau banyak promo,5
terimakasih pelayanan baik,5
"so far so good, helpfully",4
"pengemudi bbrp membahayakan penumpang, ambil order tapi tdk dijemput dll",3
terima kasih,5
App keren,5
sangat membantu,5
gojek terjangkau,5
aplikasi ok,5
"aplikasi gojek sangat membantu, ga ysah macet2an belanja, tinggal orde dan pesanan diantar ke rumah, makasih ya bt gojek",5
tepat waktu,5
good app,5
"Aplikasi kalian banyak yg bangke drivernya. Gue sengaja pake apk ini meski lebih mahal daripada apk lain, pikir gue kirain driver di sini punya adab dikit lah, eh malah lebih parah. Ya mending pake aplikasi lain aja yg jelas lebih murah.",1
lumayan loh kmna mana misalkan GK punya kendaraan bisa pesan go jek anter sampe tujuan cepet lagi,5
ok,2
udh nunggu hampir setengah jam malah di batalin entah Ama drivernya atau sellernya. kecewa. saya mau coba apk lain aja semoga ga ngalamin kejadian ga mengenakan kyk gini lagia,1
pesan nunggu hampir satu jam baru sampai,1
mantap,5
sangat terbantu,5
Gojek mantul ( mantap betul ) terus maju membangun negeri.,5
terbayarkan dengan sempurna,5
pas semua,4
Astaga 3 hari ini bikin terlambat bgt. satu2 nya aplikasi yg lemot dan sllu loading di HP gua cuman gojek. Mana saldo Gopay gua udh diisi gede bgt lagi. asli buruk bgt.,1
"Pihak Gojek sialan, akun gopay sy di blokir secara sepihak.",1
ok,5
ojek online terbaik,5
mantap bener. komplen salah makanan yg dateng langsung di konfirmasi dan di retur uang tanpa babibu nunggu waktu. ishhh dabest deh skrg gojek. tengkyu yaahhh,5
sangat membantu,5
kocak gak bisa login mana harus nunggu 30 jam,1
mantap,5
mntap,4
ok,5
mempermudah bagi orang yang membutuhkan,5
"susah dapet driver untuk gofood, pas udah nunggu sejam gak dapat driver tiba2 dibatalin sepihak gak ada menu batalin untuk pembeli, harus nunggu habis waktu tunggu yg satu jam lebih",1
"pesan makan dikasih estimasi 30-45 menit, ngga bisa dibatalin, minta bantuan sama cs ttep ngga bisa, cari driver susah tapi estimasi lama ngga bisa auto batal",1
cepat.ndak rewel.,5
puas,5
sangat membantu,5
Good,5
"1 menit setara 3 atau 4 menit tau gak, gk sesuai dengan waktu yang di tentukan,ku hitung pakai stop watch ""tiba dalam 45 menit"" gitu di hitung 1 jam 27 menit sampai nya, gak sesuai",2
"benerin dong sistem aplikasinya, lagi butuh banget malah ga nagkep sinyal. Sering loh sinyal bya 5G ga dapet sinyal, heran deh...",2
ganti email gabisa dipersulit padahal nomer hp juga dipegang diri sendiri aneh,1
"sistem outobid ,,,jemputan jauh2 susah dapet driver dicancel ,klu ga ngancel ya dicancel ,tolong hilangkan outobid driver ,nyusahin penumpang",1
"driver pemalas, mau minta antar atau pesan makanan masa nunggunya hampir 2 jam?",1
gak bagus,1
semuanya udh lumayan bagus tapi ketika hujan orderan ga nyangkut nyangkut ke driver udh nunggu sejam masih ga dapet dapet sekali dapet di cancel,2
"sumpah respect banget sama gojek di kecamatan saya tadi ada ular cobra dirumah. Terus kebetulan ada gojek, saya dan ibu saya minta tolong sama mas gojek buat minta bantuan buat bun** si ular , dan masnya mau terus habis bun ** saya kasih tip 50k dan mas nya bilang ""ga usah bu saya iklas bantu "" .. saya ga tau lagi kalau ga ada mas nya yang lewat soalnya di situ bapa bapa lagi pada tarawih🩷🩷🩷🙏🏻🙏🏻",5
mantap,5
jaman sekarang hrs setiap org mempunyai aplikasi tranportasi ini.membantu mempermudah mencari kendaraan di setiap kebutuhan kita untuk bebergian d setiap waktu.👍,5
aplikasi yg sangat membantu 👍👍,5
Ok,5
sangat membantu kalau bawa anak2,5
make jasa instan kok kaya samday ya kurir nya muter muter terus,3
NUNGGU DRIVERNYA LAMA PADAHAL UDAH YANG EXPRESS🤬,2
Daging nya empuk bgt,5
"bug delay nya lamaaaaaa udh top up saldo ga update"",, mana buru"" sial.... tolong dong app udh d update masi aj blm nambah"" ini saldo, masa iya harus install uninstall.. 😣",1
cepet dn ramah,5
Sangat membantu,5
good,5
banyak bug di apk nya saat memesan gofood tertera tulisan dimasak eh ternyata makan sedang diantar driver kita tidak menerima telepon dan pesan dari driver padahal driver mengirim pesan,1
ok,5
terburuk,1
"sejam nunggu driver doangg lama banget,dapet di cancel,dapet di cancel gokil apk sampah",1
"saya harus nunggu orderan lebih dari 1 jam padahal resto kerumah saya hanya berjarak 2km, semakin buruk aja layanannya gojek ini",1
"makin mahal, susah dapet driver padahal driver disekitar banyak, heran",2
"Gabisa login, baru sekali coba malah disuruh tunggu 30 jam lagi, kekk???",1
"Aplikasi ini, banyak memudahkan urusan saya. Transaksinya gak ribet dan banyak ragamnya. Salut untuk Gojek",4
nice,4
good,5
sistem informasi pelacakan alamat pembeli dan lokasi belanja di gofood perlu di perbaiki dan di perhatikan saya pernah mengalami pembelian antara lokasi titik jemput makanan dan antar ke alamat sangat jauh buat informasi ui agar pengguna bisa lebih jelas dan mudah agar tau informasi alamat merchant kasian driver yg bertugas 🙏,3
Gojek LBH mudah dan sering dpt diskon,5
LAMBAT NYARI DRIVER WAKTU HUJAN BUANG BUANG WAKTU,1
good,5
bintang ini akan sy rubah menjadi 5 apabila setiap x sy ngorder goride mendapatkan driver terdekat tanpa alasan apapun. terimakasih.,1
"aplikasinya payah drivernya selalu melewati titik jemputnya, selain itu map ga jelas banget drivernya dmn di mapnya ditempat lain",1
bagus sekali,5
driver suka cancel sesuka hati,1
Susah bgt dapet drivernya. Udah sering bgt kaya gini.,2
Alhamdulillah,5
"kalau gak mau ambil, ya langsung bilang jangan nunggu lama udh di peta jalan tapi pas baru chat bilang posisi saya jauh. tolong dong gojek, udh nunggu lama malah gak jalan lagi. buang buang waktu. udh sering banget kaya gini",3
terbaik,5
"mantap sih, pergi pulang jadi nyaman dan gampang",5
ok deh walaupun dapat driver agak lama,5
sampah,1
waktu hujan gocar kayak gak niat narik orderan..... payah,1
"aplikasinya bagus, tapi sayang bangett butuh sinyall gede, hujan dikit trouble",3
"sangat membantu, tapi kadang"" sering gak dapat ojek di wilayah lombok tengah",5
sangat membantu 🙏,5
banyak driver yg tidak mau cancle dan membuat rugi customer,1
good,5
kenapa jadi aplikasi yang sangat menyebalkan lemotnya minta ampun dan mau ubah metode pembayaran dari tunai ke cashless ngga bisa di perbaiki dong bikin sebel aja,1
"aplikasinya bagus sebenernya, cuma suka kesel kalo pesen yang comfort karena lagi bawa tas gede, yang dateng malah beat atau scoopy. ujung2nya kan susah bawanya. udah mana bayar lebih, yg dateng motornya bohong ga sesuai sama di aplikasi, mohon dipertegas lagi ya buat para drivernya biar kendaraannya sesuai sama pemesanan kita.",4
ok bgt aplikasinya membantu sy pas lg lapar skrg ini,5
"aku udah ke sekian kali ga sengaja ke order, tapi dari apk ga langsung muncul arahan ""batalkan pesanan"" jadi loding nya lama banget, aku harus buang layar dulu dan masuk ulang ke aplikasi GO-JEK baru deh tuh muncul ""batalkan pesanan "" tapi mana sempat ya keburu di Terima sama pihak resto. tolong min di perbaiki di bagian itu, biar klo ga sengaja order tuh masi sempat membatalkan,jan kelamaan loading, rugi nih. klo yg ga sengaja oke order sampe ratusan gimana coba.",3
sangat membantu,5
good,5
all very2 goodjob,5
guna,5
sangat bagus,5
mudah digunakan,5
"pesen makanan tapi di batalin sma pihak gojeknya gtu aja, padahal sudah dapat driver dan driver pun sudah sampai restoran. pihak restoran pun bingung karna katanya sudah di batalkan pihak gojeknya tapi pesanan di saya masi berjalan. gopay saya kepotong gtu aja. buruk sangat buruk",1
ini driver nya ga bener nih saya mau anter barang sudah bayar tiba tiba sama driver di batalin jadi transaksi offline dan saya ga bisa dapet invoice dan tidak bisa di rembes biaya nya tolong gojek di perbarui sistem nya mau siapa pun yg batalin ada riwayat nya baik customer ataupun driver,1
"sering terjadi adanya delay chat antara driver dan user, map yang kurang akurat dalam menyampaikan posisi, dan juga alamat yang terkadang tidak terbaca oleh aplikasi...",3
saya bingung IT gojek di komplen bukan di benerin tuh aplikasi malah di diemin aplikasi gagal jgn di paksakan donk,1
selalu ada saat dibutuhkan,5
ok lah,5
udah 2x kejadian dapat driver double pdhal pesan cuman 1x tapi driver yg datang 2....kasian salah satu drivernye KLO gini,1
kshebennshdveb,5
ok,5
mantab abangnya,5
bagus,4
Banyak diskonnya,5
"Aplikasinya nyaman, fiturnya oke. Tapi soal biaya admin, rasanya seperti beli kopi susu tapi sedotannya dijual terpisah. Bintang 1 untuk semut kecil yang namanya biaya admin.",1
apk gojek setelah di update tidak bisa dibuka. sungguh mengecewakan.,1
"saya kasih 3 ya, karena saat saya buat akun, tapi kenapa yang muncul akun orang lain tetapi makai nomor saya",5
sangat membantu untuk keperluan mendadak,5
bagus dan enak di pakai,5
lebih baik,5
mayan,5
Saya senang ada aplikasi go-jek jadi memudahkan semua orang untuk memesan kendaraan go-jek bagi yng ga punya motor atau mobil x lagi trima kasih,5
proses transaksi berjalan lancar,5
driver perlu diperhatikan kesehatan dan keselamatannya,5
mempermudah banyak hal,5
Mantul banget dah,5
"tolong diperbaiki lokasi mobilnya tidak akurat di aplikasi belum sampai, sedangkan realnya sudah sampai",5
"bagus dan sangat membantu dalam transportasi. tapi tolong untuk driver , kdng terjadi seperti SUDAH AMBIL ORDERAN, SAYA SUDAH MENUNGGU LAMA. DAN LOKASI TITIK DRIVER MALAH MAKIN JAUH JUGA. TANPA KONFIRMASI, DAN BALASAN UNTUK CHAT SAYA, BISA UNTUK JEMPUT ATAU TIDAK, SEOLAH MENUNGGU UNTUK PEMBATALAN DARI SAYA. . KLO PUN TAK BISA, GPP SAYA BATALKAN . SAYA TIDAK KEBERATAN. ETIKA YANG BAIK, SALING MENGHORMATI, SAYA LEBIH MENGHARGAI ITU. DARIPADA KABUR DAN TAK MENGHARGAI WAKTU SESEORANG. terimakasih",4
"kebanyakan voucher dari bank, semoga ke depan voucher utk gopay lebih banyak lagi",4
aman nyaman,5
"mantap, sangat membantu",5
Aplikasi makin lama bukannya makin bagus performancenya yang ada makin lemot loadingnya,1
gojek semakin bagus,5
mantap,5
"drivernya banyak yg aneh, tiba2 batalin sepihak. iya mksdnya, kalau gak maunnarik ya jangan ngidupin aplikasi. coba aja byangin kalau misa yanh pesan lagi butuh banget, nunggu lama, pas dapat dibatalin. kacau emang!!",1
maaf ya aku bingung mau kasih jawaban apa 🙂😐,5
ini apk kenapa gw kasih bintang 5 kok malah ga bener map dan pergerakan drivernya? belom lagi driver yg tiba2 cancel tanpa ijin dulu...bikin org bingung... padahal dari awal download update ga pernah ketinggalan.,4
👌Oke,5
mantap. sangat membantu,5
"ubah email gmn ga berubah""?",5
ini saya kok tiba2 Ndak bisa login...,1
"driver nya jauh jauh , sekali nya dapat pada lama masa nunggu lebih dari 10 menit",1
lama banget,2
membantu,5
mksh pak gojek penyelamat dipagi ini . bs sampai di sekolah dgn aman semangat trs para ojol,5
bagus dan cepat jadi nilai nya bagus,5
good,5
"klo ujan jujur harganya jadi berlipat ganda, udah gitu ojolnya ga nongol nongol padahal kondisi lagi buru buru",1
Yang itu,5
Layanan Sangat memuaskan,5
Bagus,5
aplikasi gojek y sangat keren saya suka,5
👍👍👍,5
"bintang 1 nyari driver nya kelamaan , padahal lagi buru buru , malah di kasih yang jauh ujung ujung nya di cancel",1
ok,5
semoga makin sukses,5
ongkir nya gak masuk di akal mahal² semua,1
ok yes,5
di Sagaranten kabupaten Sukabumi driver gojek nya sedikit sekali,5
semoga kedepannya bisa lebih baik.,5
baik,5
top deh aplikasinya,5
Aplikasi good,5
aplikasi ga berguna,1
pelayanan ramah dan cepat,5
cekat ceket bngt,5
sangat nyaman,5
maaf sudah ga respect sama driver gojek sekarang,1
"Bagus,Sangat membantu bisa gofood atau ngirim apapun deh the best banget👌🏻",5
bagus,5
smuanya ok..,5
the best no 1 lah gojek diskon pasti ada apa lagi langganan tambah banyak dah diskon,5
bintang 1 cukup,1
"aplikasi mantap, ngga ada yg aneh"" , sukses selalu goto indonesia",5
muantaap,5
"meskipun suka dapat driver yang sedikit mengecewakan tapi tetap bikin perjalanan nyaman tinggal duduk sampai ... dan tetap aki kasih bintan 5 , terimakasih sudah diantar smp tujuan",5
"driver di sini pada sombong, kadang ga ngerespon, tiba² minta cancle karna kejauhan, harus nya dari awal aja jangan di terima atau konfirmasi di awal, ini sering di diemin sampe 5+ menit,.. lebih baik aplikasi sbelah, diver nya fast respon, kemanapun di angkut, kalau gojek aku udah sering ngasih tip juga tetep aja selalu kecewa",1
memuaskan,5
👍,5
sering membatalkan pesanan gofood pdahal sudah menunggu lama satu jam,1
sangat membantu saat jauh dr hiruk pikuk keramaian,5
the best,5
oke lah tapi satu catatan knpa pas arah pergi harga murah pas pulang harga 3x lipat padhl jarak sama ajah,5
sat set,5
Mantap,5
kenapa di aplikasi ini banyak sekali driver yang menolak mengantar makanan?. kalo ga niat nganter ga usah nyusahin orang.,1
baguz,5
suka error kalau hujan,4
murah meriah,5
penemuan solusi tepat & banyak diskon,5
oke banget 👍,5
Good,5
gojek semangat terus yaa,5
"suka batalin pesanan, padahal udah nunggu",1
adminya aplikasi gopay seorang penipu. jangan mau pada download aplikasi gopay nanti kena imbasnya seperti saya.,1
"sistem hemat tidak manfaat bagi customer, driver dikasih jauh jauh sampai saya telat meeting, iklan tidak sesuai dengan kenyataan, sistem gojek buruk sekali beda dengan sistem grab dan maxim, ayo semua pindah ganti selain gojek",1
cepat tepat,5
driver ngeyel,1
"pelayanan prima waktu nganternya cepat, temukan alamatnya tepat. tmks",5
aps andalan kalo butuh apa apa🤩🤩,5
"hati2 kalian yg bersangkutan di gopay pinjam, telat dikit foto kita di sebar, di buat kita maling sepeda motor, INI PENCEMARAN NAMA BAIK, SAYA AKAN TUNTUT PIHAK GOJEK, SAYA UDAH SIMPAN BUKTI2",1
apk ya bagus mudah untuk beli barang dibeda tempat.,5
memuaskan,5
good,5
"over all good, thank you so much 🙏👌👍👍👍",5
mantabbbbb,5
membantu banget selagi mager males nganter dan mau beli makan dan belanja online,5
"uang saya kesedot 35 k, walau cuma segitu tapi bagi anak rantau itu berharga. udah saya lapor tapi gak pernah selesai"" diprosesnya",1
"baik, ramah",5
👍👍👍,5
good job,5
bener bener ngebantu banget🥹♥️♥️♥️💌,5
mantap,5
terbaik,5
sudah 6 tahun berlangganan..tapi tiap mau order driver sulit dan sering di cancel....,1
ok,5
"mitra lu kebanyakan masalah yg daerah waru, nabrak org aja dri kmrn",2
"Aplikasinya sangat bermanfaat untuk pesanan tranportasi juga untuk memesan makanan ""trmksh"" 🙏",5
"terbaik,cepat,akurat",5
"Sangat sangat membantu, pokoknya mantap",5
Gojek salah satu transport yg bisa diandalkan saat kita butuh pergi dekat ataupun jauh dan terpercaya,5
"bagus bgt aku suka,trs ojek nya juga ramah bgt:)",5
sangat memuaskan,5
perfecto,5
untuk saat ini bagus,4
luar biasa,5
"baik, lanjutkan",5
mantap,5
Saldo mencukupi bukannya otomatis pakai Gopay malah tetap Tunai,1
"Gojek sangat membantu, kemarin saya pesan makanan buat sahur, saya nunggu 40menitan, pas driver nya nyampe di t4 makan ehh malah udh tutup dari jam 1🥲Alhasil mintol ke driver nya buat beliin makanan yang lain, dan alhamdulillah driver nya mau hehe terimakasih Bpk driver🫶Tapi ini untuk gofood ya untuk gojek motor takut ah, takut kaya yang lagi viral driver nolak penumpang anak SMP yang badannya agak gemuk dengan alesan motornya kecil , soalnya badan saya juga gemuk hehe:)",4
Sangat membantu,5
mantap,5
kenapa tarif gojek belakangan ini mahal? biasanya mahal kalau hujan saja,3
ok banget deh,5
☺️,5
boking dr semalam utk pagi. tapi respon pembatalan nya melebihi jam yg saya order. merugikan sekali. padahal saya langganan tetap,1
murah dan tepat waktu,5
mantap,5
"Terima Kasih, Sehat dan Sukses Selalu",5
sangat membantu,5
"mau nyari driver lamanya bukan main. kalo pun dapat, posisi drivernya jauh",3
good,5
sangat mempermudah,5
"Potongan driver besar, tarif mahal, pengalaman mengecewakan.",1
sangat puas,5
tarif perjalanan yang gak masuk akal makin sini makin gk bersahabat,2
wow keren sekali,5
pemadam kelaparan disaat lapar,5
"tolong dong pemerataan driver nya, ini saya nunggu orderan goride 20menit gak dapet dapet, sampe saya terlambat sekolah.",1
sering muncul iklan mengganggu,2
membantu di saat ada keperluan mendadak,5
terlalu sering diabaikan oleh driver gojek,1
gojek tuh tarifnya mahal banget ya?!,3
mantap,5
baik bange,5
"punya gojek masa harus download gopay buat unlock fitur. mirip apk oren, ga ah.",2
baik,5
ok,4
sangat membantu..semoga harga masih terjangkau..,5
memudahkan..,5
ONGKIR MAHAL,1
lebih memudahkan dalam melakukan perjalanan dll disaat sibuk,5
ok,5
gojek layanan on line terbaik,5
mantap..👍,5
Enak sekali,5
lo ada masalah dg telkomsel jek??,1
promo nya gjls suka cepet bgt berubah padahal jarak dari rumah ke tempat kerjaan ga terlalu jauh dan udh langganan naik gojek tapi selalu dapet harga mahal bgt pas pulang malem,1
ga bisa ganti nmer udah di ikutin petunjuk nya malah di tolak kebanyakan alesan. mau lewat email lewat apa juga sama aja. udah tau akun gua masih ada saldo nya bilang aja ga mau ganti ke nmer baru. korup,1
mantap,5
nyaman dan ramah,5
sangat membantu apabila pepergian jarak dekat serta pelayanan sangat baik.,5
kenapa di setiap jam sibuk saya selalu lama dapet driver nya kadang² saya bisa nunggu 1 jam baru dapat driver,1
matap,5
aplikasi sangat2 berguna sekaliiii,5
sejauh ini pake gojek alhamdulillah aman smg kedepannya makin amanah lagi ya kak ☺,5
saya kecewa padahal saya gk pernah telat di saat minjem lg kgk bisa kecewa bangget,1
bagus aplikasinya,5
semuanya ok,5
"jangan salahkan driver salah penyedia jasa siapa suruh... mesen gofood ke driver cuma 5rb...kadang kita ada diskon besar tp potongan pd apk sama dengan harga yg ada diapk,dan ongkos kirim 15rb jd kesimpulannya dri cs dpt, dri resto dpt, driver disiksa hanya 5rb jd ongkos yg kita kasih pun dipotong...untuk pemesan gofood perhatikan bill yg tertera ketika kalian beli makanan dan tanya ke driver berpa yg dia dpt belum terpotong parkir wajar klo bnyk yg cancel",1
Mantap,5
ramah dan sopan,5
bagus banget,5
sangat cepat dan bagus pesen makanan nganternya cepet trs drivernya cepet mahamin lokasi,5
helpfull,5
"saya udah beberapa bulan ini ngegojek gak ada yang serius, malah menjauhi lokasi gojeknya, gk serius gojek ini, tolong diperbaiki dong",1
sangat puas,5
"Aplikasi gak jelas.... Udah lama pake GOJEK...Limit Gopay later masih ada Setengah pas mau dipake Tiba2 Diblokir tanpa pemberitahuan... udah di Bayar Lunas masih Terblokir juga,, Gak Pernah Telat Bayar.. Gak usah kasih limit ke orang kalau Gopay later Bangkrut... gak jelas GO-JEK sekarang... mending pake aplikasi online yg lain...",1
enk pake ini cuyy,5
"Pesanan saya di e-commerce dengan gosend instan tidak ada kurir, sudah nunggu hampir 4jam tidak ada solusi pengirimannya. Kalau GOJEK tidak bisa menyediakan driver, gak usah sok-sokan kerja sama. Nyusahin customer. Payah👎",1
bisa membantu saya karna untuk antar jemput,5
mantap,5
kenapa saat aku mau pesan makanan tidak bisa padahal jaringan ku bagus,3
membantu banget,5
mantap,5
sangat membantu..dan mudah digunakan,5
kalian sengaja isi saldo gopay saya 1 rupiah supaya saya nggak bisa menghapus akun,1
ok bange,5
mantap,5
knp ga bisa buat akun baru?,1
terimakasih untuk layanan csnya yg begitu baik,1
sangat bermanfaat,5
terbaik👍,5
cepet respons positif,5
sangat ramah,5
"semua jadi mudah, thanks",5
"sangat membantu dalam segala hal dari perjalanan, buat mesen makan kirim barang oke",5
Ok mantabs,5
"ramah, cepat dan savety",5
oke,5
banyakin promo diskon donk,5
pertahankan keramahan kepada pelanggan dan fast respons saat mengalami kendala dg driver yg menjengkelkan..,5
gojek lebih baik dari pada maxim,5
mantap,5
baik,5
sangat membantu,5
"Dulu sya seneng dengan ini aplikasi sekarang malah males buat pake apk ini lgi masa voucher saya tiba tiba ilang,padahal masa aktifnya masih lama,mission nya jga gatau kemana aneh,rudet mau beli pulsa aja susahnya minta ampun gada internet mulu padahal barusan buat aplikasi ini aja cepet banget nih internet gw",1
sya sllu dpt gratiss ongkirr bbrpa hr ini mksih .. beri truss yaa vouchernya biar blnja truss,5
mapsnya sangat akurat dan terus terupdate,5
"sumpah ya mau tf saldo dari gopay ke shopeepay aja susah banget, padahal udah upgrade ke gopay plus, udah update aplikasi juga, udah hapus cache, tapi e-wallet nya ga muncul-muncul padahal lagi buat kepentingan",1
good,5
aman lancar dan ramah,5
bgus bgt GK susah cari gojek 👍,5
memudahkan segalanya untuk pesan makanan dan transportasi,5
topppp,5
seru,5
mntap,5
"Penyakitnya dari dulu ""gerimis dikit ngeblas.."" dan seperti gak ada perbaikan sistem.. Beda sama aplikasi sebelah, bebas drama ""ngeblas"" ... gak bisa diperbaiki kah??",3
aplikasi stress,1
ngasih lokasi driver ga ngotak,1
"baru pertama kali kecewa sama aplikasi ini.. pesan grabmart tapi kata merchatnya ndk ada masuk order nya, mau batalin tp ndk bisa, udah tanya di pusat bantuan tp slow respon banget, kasihan sm ojolnya harus nunggu lama kepastiannya, akhirnya aku suruh ojolnya selesaikan aja, entah apa dana ovo aku bisa kembali atau tidak.. pada pihak aplikasi grab mohon perbaiki lagi dong layanannya, jangan smpai trjadi hal kayak gini lagi, soalnya ngerugiin orang, kalau bisa fast respon klo ada masalah kyk gini",2
Memberikan pekerjaan yang fleksibel🤩,5
trimaksih,5
keren,5
mantap,5
"really helps me, when I'm hungry and gofood is always there, excellent service",5
terima kasih sdh memudahkan,5
mending grab ga ada pinjol nya,1
ok,5
sangat bagus habis itu cepet lagi,5
seru,4
oke,5
jadi mudah pepergian,5
👍👍👍👍👍,5
"pemberian rating ke driver tidak anonym, berisiko di gebukin",1
Sangat membantu sekali,5
"gojek sekarang ongkosnya gak kira2 masa dari rmh ke seklh ank yg jaraknya gak sampe sekilo ongkosnya 34rb,yg bener aja 34rb itu katanya udh promo asli!nya 36-37rb udh kyk jaraknya berkilo2 aja,udh gak guna pake gojek mending balik ke grab",1
oke semua,5
"alhamdulillah driver komunikatif,barang sampai tepat waktu.",5
ok,5
good job,5
"saya kasih bintang 5 kalau akun saya gacor، , terimagajih",3
"tiap pesan goride pagi pagi dapet drivernya jauh banget ini gimana sih aplikasi aneh banget, ga kasian sama drivernya apa?",1
👍,5
good,5
sangat baik,5
pelayanannya baik,5
terbaik,5
cepet sampai,5
"bagus banget pelayanannya, ada keluhan juga cs nya cpt tanggap bgtt🫰",5
Terima kasih gojek nyaman dan cepat,5
"sistem gajelas,mesen lama sekali dapet gojek ga gerak bales cht juga kaga,pengguna rame gajelas",2
lumayan bagus,5
ok,5
"saya pengguna lama, tetapi kenapa banyak driver yang minta cansel terus, setiap saya pesan Gocar pasti minta di cansel.. padahal lagi urgent sekali.. mau bawa ortu ke Rs.. huft.. sangat tidak recommend 🥹 tolong di perbaiki lagi kak admin.. thanks 🙏",3
jelek banget,1
Bagus meungeumudinya rapih,5
luar biasa,5
"cari driver gofood lama bener sampe 1 jam, mana nggak bisa dibatalin, keburu subuh lah ini, nggak jadi sahur. harusnya kalau 15 menit ga dapet driver otomatis batal aja, atau customer bisa batalin, atauuu bisa chat restonya lah minimal.",1
bagus,5
mantap,5
mantap,4
aplikasi bodoh. pesen gofood gak dapat dapat driver tapi pesanan gak bisa dibatalkan suruh nunggu sejam sampe waktu sahur habis. harusnya costumer berhak menuntut aplikasi model begini,1
"""Pasti Ada Jalan"". GoRide (motor), GoCar (mobil), GoSend (kurir instan/sameday). GoFood (pesan antar makanan), GoMart (belanja kebutuhan harian). GoPay (dompet digital), GoBiz (aplikasi mitra usaha). ""Pesanan diantar oleh [Nama Driver]"", ""Menuju lokasi penjemputan"", ""Selesai"", ""Rating"", ""Chat driver"".",5
bagus,5
Terimakasih gojek sangat membantu,5
gojek bagus bagi saya kemana mana terasa mudah dan murah,5
Nice apllication thank's Go Jek 🙏,4
Karya anak bangsa guys,5
ok,5
kenapa sekarang gojek lemot banget loading terus loh,1
Aplikator tidak menghargai & menjajah MITRA demi keuntungan. BACA TUH KOMENTAR DI APLIKASI DRIVER. Semoga manager cepat mendapat ADZAB,1
good,5
sangat membantu aktivitas sehari-hari,5
"udah mulai pilih"" area jauh dikit gk mau ngambil apa lagi klo udah ambil paket hemat, behh aneh, udah pda kaya gojek nih,",3
mantapp,5
gokil(mines nya kalo pagi jarang ada yang ambil ),5
"otw hapus instalasi,, lama lama bikin tambah gak nyaman aja kalo pesen dikasih yang jauh jauh pdhalat liat d petanya banyak yg lebih Deket , drivernya juga jadi minta batal batalin trs akhirnya jdi nunggu lama susah dapat nya jdi males lagi pake aplikasi ini",3
mantep poll,5
"ok banget, mdh2an ada rezeki takjil. Aamiin",5
tolong dong gojek ada fitur bersihin rumah🙏🙏,5
bermanfaat bgt,5
baik dan terpercaya,5
memuaskan,5
baik,5
kurir ramah dan jujur... sukak sekali..,5
bagus,5
sering terjadinya double order pada customer...kasian drivernya Ida jauh2 jemput e...penumpangnya dicambil driver Laen...SISTEMNYA KEBANYAKAN DI UTAK ATIK,1
apk gila siksa driver,1
baik,5
ok,5
👍,5
terima kasih goJek sudah mendengar kan keluh kesah saya,5
baik dan ceoat,5
sangat membantu sekalii,5
notif ga penting muncul terus co mana pas lagi maen game lagi nge ganggu bet ah,1
sangat membantu di saat ngejar waktu,5
"lebih bagus grab, cepat. disini cari grab saja 1 jam mau batalkan pesanan tidak bisa😡😡",1
ok banget,5
bagus,5
makasih yaa,5
cepat sekali pelayanannya dan juga ramah dan ada diskon yng unik dll,5
"pengiriman dan penyiapan lama, setelah pemesanan yang tidak disengaja tidak bisa di batalkan, sedangkan pesanan harus ditunggu setelah sekian lama baru bisa di batalkan, tolong sistem nya di perbaiki lagi, jika memang tidak bisa menerima pesanan dari awal seharusnya batalkan saja.",1
bagus,5
sangat membantu,5
lemot lemott apk lemot banget,1
"ESTIMASI WAKTU NYA UNTUK MENCARI DRIVER TERLALU LAMA !!!!!! INI TERAKHIR KALI SAYA PESAN MAKANAN LEWAT GOFOOD, GAK MAU LAGI, TOBATT!!!!",1
KAPITALIS BUAT MITRA,1
"kok semenjak update malah loadingnya lama pesan makanan aja jadi susah, sinyal juga tiba-tiba down jadi lag sampai ga respon²",4
Sangat bermanfaat untuk kebutuhan sehari-hari dalam mobilitas dan makan,5
sorri kasih bintang satu soalnya akun gocarnya kena pm dan semua ber bau gojek wajib bintang 1,1
memuaskan,5
sangat membantu👍,5
bagus 👍👍👍,5
selama ini cukup,4
"driver gocar, cenderung pilih-pilih job, & sengaja buat konsumen menunggu lama, agar orderan yg dianggap kurang bagus dicancel konsumen. tolong management gojek untuk mengevaluasi performance driver2 tersebut, krn merugikan konsumen",2
findaya sangat mengganggu,1
drivernya pada gak jelas aneh mending pake apk lain,1
mantul,5
responsif . cepat . ramah,5
baru log in doang suruh nunggu 30 jam. keburu ketinggalan,1
Mantap,5
"Terimakasih, gojek sangat membantu, Terbaik selalu,aman dan nyaman.",5
bagusss,5
Sangat membantu,5
Really help me a lot! Makasiiihh GOJEK andalan kesayanganku❤️❤️,5
kepada mitranya gocar wajib tempel sticker Gocar di unitnya.,4
ok mantap,5
sangat membantu,5
"aplikasi berat,kadang gps gk jalan,padahal driver sdh jalan jauh",3
kasihan drivernya,1
bagus,5
Cara merubah atau menghapus daftar rekening bagaimana pak?,5
mudah banget buat kemana mana,5
tambah lagi kerja samanya dengan tabungan lainnya..sulit kalau cuma menggandalka Gopay,5
sangat mengecewakan. gak akan lagi pake aplikasi ini. sampe kapanpun gak akan ikhlas saldo saya tdk kembali walaupun gak seberapa,1
Bagus,5
Maaf kok d perbarui malah gak bisa,5
mantaaapp gojek gocar harganya terjangkau,5
"Lg kaga butuh ditawarin pinjeman... pas butuh ditolak terus 😵‍💫,kaga jelas",5
Mantabbbbb,5
jadi lebih enak kalo mau keluar tapi ga ada kendaraan atau mau beli makan tapi males keluar aplikasi ini membantu banget deehh luvv🤭,5
baik,5
driver di bali banyak gofood bisa sampe 3 jam bejirrrrr....naik gojek aja sering driver sering ngeluh sepi pea,1
Mantap,5
pesanan cepat di terima,5
penyiksa driver,1
mudah digunakan,5
mantap,5
Okee...Semangattt!!!,5
selalu menemani kemanapun dibutuhkan,5
sangat mambantu,5
"Nyari resto terdekat tampilkan yg terdekat, bukan yg ikut promo gojek. Mau kirim makanan susah bgt cari resto langganan. sampai Scroll kebawah. padahal restonya ramai(layanan prima) dan ratingnya 4,9. ketik nama resto juga ngga keluar, malah tampil yg lain. Pakai aplikasi lain langsung nongol.",1
on time,5
mantab,5
"Jangan lupa, bonus hari raya (lebaran) , buat para driver.",5
Nice,5
driver nya baik,5
"ongkir mahal, dapet driver harus nunggu 1 jam",1
Good apps,5
sangat baik,5
tanggap dan fast response👌,5
baik ramah sopan dan aman,5
"lamaaa banget nyari gocarrr ,saya sampe telat kerja gara gara gocar, padahal udah pilih gocar prioritas",1
good,5
👍🏻👍🏻,5
sip dan terpecsys,5
tolong yah gojek hilangin progam layanan gacor..saya kasian liat driver yang sengsara..costumer yang hemat enak dan argo hemat itu dari driver yang argonya dipotong buat layanan hemat..bukan dari biaya kantorkan?...saya tidak bisa merubah rating bintang saya sebelum dirubah sistemnya..,1
bgus,4
mudah sangat membantu,5
"Sering salah titik, pengaturan titik jemput dan titik tujuan sharing kebalik bikin ribet, pengoperasian aplikasinya agak aneh atau ribet banget",1
drivernya jauh jauh.hilangkan orderan hemat,1
"tolong dong gopay coins jangan otomatis terpakai transaksi, sering banget saya mau bayar via gojek atau pun naik goride gopay coins otomatis terpakai. abistu ojeknya masih Nerima uang utuh lagi, gak di kurangin tarif dari gopay coins",1
aplikasi yang bagus.. cukup bantu kita2 orang... nuhun GoJek,5
"pembuatan dan pendaftaran akun yang menggunakan nomor telepon dan google sangat menyusahkan, kode otp masih dikirimkan ke alamat email yang sudah tidak aktif.",1
masalah perpindahan log in dari hp yg lama ke hp baru padahal udah mengikuti petunjuk tp tetap gagal....ga ada solusi...sudah buat email tp ga ada kejelasannya malah robot sepertinya yg balas.....padahal nomer masih sama hanya perangkat saja yg berbeda...,1
susah digunakan. tidak ramah user pemula. masih enakan pake grab aja. cara pilihnya antar jemput bikin bingung,1
eh tolong nya gojek ubah lagi konsepnya cari driver dulu baru disiapin resto ini aku pesen tunggu resto nya siapin makanan dlu baru cari driver ini juga udh nunggu lama ga dpt' drivernya jdi makin lamaaa,1
"mengapa tidak ada fitur membatalkan pesanan jika lama ,,, buat gofood,,, kalo pesan sahur ,, telat sampai hitungan jam ,,, kalo keterima setelah imsak ga bisa d makan , bagaimana tanggapannya",1
"bnyak yang menjual makanan,makanan yang enak dan murahh",5
"Makin kesini sering makin lambat, udh pesen gofood pakai prioritas telat mulu, jangan mentang2 ngasih voucher kalo pengiriman telat.. TUMAN",1
memudahkan traveling,5
gojek makin parah... pesen makan pakai layanan expres tapi telat terus....,1
"jujur... terlalu lama sekali ambil drivernya padahal dekat sekali ji jaraknya terus Tdk bisa dibatalkan padahal SDH nunggu 1 jam... dibandingkan dengan rivalnya, rivalnya lebih cepat proses orderannya",1
mantul,5
"pesanannya kadang lama banget diambil sama driver, bisa ditingkatkan lagi mungkin fiturnya agar driver terdekat segera menerima orderan",3
luar biasa,5
bagus bgt,5
good job,5
"AKAR POHON BERINGIN SDH MENJALAR KE SELURUH BIDANG, HINGGA BISNIS TUKANG OJOLPUN DI DLMNYA BYK HEWAN² YG BEKERJA DI DLM KANTOR OJOL JG TEGA UTK MENJALANKAN WARISAN TRADISI KORUPSI TRSBUT. MOTONYA : SUDAH TRADISI...",1
👍,5
ok,5
good,5
oke bagus,4
"BUAT YG FITUR GOFOOD.. KALAU EMANG TIDAK BISA NERIMA ORDERAN DI JAM MALAM ALASAN KARNA HUJAN, TUTUP AJA FITUR GOFOOD NYA.. TIAP2 PESEN GOFOOD SELALU SUSAH CARI DRIVER.. JUSTRU HARUS DENGAN POSISI INI LAH MEREKA MENDAPATKAN OMSET KAN",1
gercep,5
Good,5
ok banget,5
mantap. GOTOPED selalu menemaniku,5
"membantu,klao misalnya gaada mkanan bisa langsnung ngomong gojek yukk... kqlo transportasi oke si,tapi kadang kadang dapetnya lama bngeet,apalahi kalo hujan..",4
"okeeehh bgt mba nya, mksh yaa",5
"selalu ada dimanapun,kapanpun welah pokonamah .. well🤘",5
cukup terbantu,5
sangat memuaskan dan nyaman bgt deh,5
sangat baik,5
suka skeg JD bnyk diskon,5
banyakin promonya hehe,5
sangat membantu👍,5
syaa sebagai customer merasa kecewa dengan gojek skrng sering dapet driver jauh2 kalo dapet suka di cancel oleh driver dengan alasan jauh kalo engga karena pesan hemat goride,1
Sangat Bagus Gojek Makin Lama.,5
oke,5
Tarif nya diturunin diam2 bonus sudah tidak ada harga kebutuhan naik bagaimana bisa driver sejahtera?,1
Respon cepat saat ada aduan dan langsung ada solusi pada hari yang sama,5
"maaf ya hari ini aku kecewa banget pesen go food sampe 3 × di batalin sepihak sm aplikasi nya kecewa banget,alasan dr sistem gangguan😡 😏😏🙄",1
aplikasi sangat membantu sehari hari,5
Terkadang dpt driver nya lelet,1
bagus,5
bagus sekali aplikasi gojek,5
good,5
jangan mau gadai bpkb di sini cairnya gak langsung tapi besoknya aplikasi gak mutu,1
Gojek Tilil... Orang pesen makanan sebelum Magrib. Dateng habis isya. . . Kalau gk ada driver. . . Mending di matiin aja pesanan gofood. . . Dikira buka puasa Isya pahala nya nambah kali. . .,1
"aplikasi yang bener lah kalo kasih fitur uang tip ke driver, ada aja driver nakal yang minta uang parkir lewat tip lalu dia cancel setelah di beri tip saya tidak merasa di rugikan karna uang tip yang ga seberapa itu tapi menurut saya itu kurang ajar, saya merasa di kerjain tolong di ubah sistem tip setelah selesai transaksi saja, posisi nya dia memaksa saya dan sampai spam telfon.",1
bgs.,5
tidak sangat membantu untuk penjemputan driver terlalu jauh kalau kita mesan yg dapet voucher murah lebih bagus saya mesan yg reguler driver tidak terlalu jauh tolong hapus untuk fitur penjemputan driver yg jauh apalagi yg dapet voucher,1
leb8h tingkatkan layanannya,5
selagi ada gojek....ngapain repot repot hidup terasa seperti raja,5
ntappp,5
good,5
ok,5
Perjalanan jadi lancar,5
jugador bingitz,5
PENCARIAN driver lama banget banget banget,1
enak banget pokoknya diaku sangat cocok,5
bermanfaat Semoga banyak promo,5
aplikasi terlemot terlelet terbodoh yang pernah saya download,1
Terimakasih Atas Konfirmasi dan Vertipikasinya,5
"Order barang di aplikasi Oren, jasa kirim instan pake gojek ngga ada sama sekali yang mau pickup",1
mantab sangat membantu,5
tepat waktu,5
"hari ini Senin, 23 Feb 2026. gw pesan jasa antar barang melalui aplikasi Gojek.. abangnya ramah. Dgn HP terpampang di atur motornya, iseng gw tanya.. Bang.. ongkos kirim yg Abang terima sama gak dgn yg gw bayar.. ternyata jauh banget bedanya yaa... gw bayar Rp 41.000,-.. abangnya terima Rp 23.400,-... kasian drivernya bila dipotong Ampe 40%an utk jasa aplikasi dll kayaknya... kira² kebesaran gak potongannya ya.. semoga gw salah liat ya..",2
"Aplikasinya sudah bagus meski terkadang ada bug di mana lokasi kita berdiri beda dengan yg di aplikasi. Ketika aplikasi lagi di 'Kami lagi cari driver' dan gk ketemu, mungkin sebaiknya tambahkan tombol untuk cancel di sana. Karena walau sudah keluar apk, ternyata pesanan masih diproses padahal pelanggan sudah tidak mau lagi naik gojek, terimakasih",2
kenapa ini aplikasi gojek lama bener di bukanya padahal jaringan internet bagus,2
sering lama dapet driver!,1
"aplikasi asu ,,kalou pake promo ongkir di gofood selalu di batalin padahal sdh nunggu lama ,,eh dasar aplikasi jengkol",1
gabisa order tiba2,1
"setiap hari pakai, tapi minusnya kalo cuaca hujan mau pesan lama dapet",5
"naik motor lebih enak, ga perlu sambung menyambung kaya angkot sekali naik langsung sampai tujuan",5
tepat waktu,5
bagus sangat membantu mudah d gunakan kapan saja,5
good job,5
pekayanan nya bagus sopan amanah,5
ok,5
membatu adanya gojek,5
terimakasih. sukses selalu,5
Bagus,5
ok,5
"aplikasi kurir dan transportasi cuma gojek yg terpercaya, saya sebagai pemakai jasa gojek selama 10thn tidak pernah kecewa",5
"sumpah nyebelin banget sekaranggg, masa order gojek lamaaa banget dapat drivernya, harus daftar gojek plus dulu masaa, plus sekarang mahalll bangett voucher juga jaranggg",2
"alah gua udah pencet pembayaran tunai malah ke gopay, gua udah kasih uang cash juga lagi😤",2
Bersyukur bngt dngan Ada'y gojek jd mempermudah smua Urusan...Baik Transportasi Atw Kuliner,5
kenapa kita pesan makanan ada tulisan api 👎☹👎 apk nya sangat buruk,1
ok,5
suka karena banyak promo . lumayan 👍🏻,5
"pelayanan orng oficenya kurang bagus,nggak memuaskan,mohon agar di latih tata krama yg bagus",1
good,5
the best aplikasi,5
"kok sekarang harus verif wajah?sebelumnya kan engga,hp saya baru kereset dan mau login harus verif wajah dan gagal terus,apa apaan ini mana ada saldonya lagi hadehh",1
ini nomor cs nya mana sih bot semua anjir,1
mantab,5
"Aneh pake banget, Gopinjam yang awal nya bisa dan pembayaran TIDAK PERNAH TELAT SEKALIPUN, tiba-tiba pas pinjaman ke 3x nya setelah sudah LUNAS malah GAGAL, sampai detik ini udah nunggu 2x percobaan dan nunggu nya pun lama sebulan baru bisa coba lagi, dan Hasil nya GAGAL lg padahal setiap cicilan TIDAK PERNAH TELAT SEKALIPUN, dan lucu nya LIMIT TIDAK PERNAH NAIK WALAUPUN PEMBAYARAN BAGUS TANPA TELAT, CUMA DI KASIH 200.000 DOANG DARI AWAL, jadi inti nya MAU KALIAN BAYAR BAGUS ATAU TELAT SAMA AJA",1
sangat bgs,5
"kalau masih dikota bandung, gojek sangat bersahabat tapi pas di jakarta, waduh beda banget. driver sukanya pas lihat tarif tinggi baru ambil, kalau masih rendah suka batalin sepihak tanpa memberi kabar, kita nunggu lama. gak taunya zonk. tolong di perhatikan ya pihak gojek. makasih 🙏",5
keren,5
is the best,5
"jelek, semakin banyak driver yg kasar karna di batalin padahal drivernya sendiri yang lama banget dan bnyk bug",1
Sagat bagus dan menguntungkan,5
Membantu saat urgent,5
Gojek murah sekarang,5
mantap,5
sangat membantu sekali. jos jisss,5
mantap👍👍,5
sangat membantu,5
bagus banyak diskon sangat murah untuk pelajar,4
bagus dan semua pelayanan nya keren waktu itu mama saya sakit saya pesen gocar yang bawa sigap banget salut liat nya respect buat omnya juga dan trimakasih buat gojek,5
nyaman dan gak ngebut,5
susah kalii nyari driverr,2
oke bgt,5
mantap,5
bagus👍,5
aplikasi yang sangat membantu. terus tingkatkan ya 😊,5
"bagus sih lengkap dengan alamat detail sampai depan rmh, cuman, sebenarnya baru novon sama gojek tadinya susah dengan metode pembayaran tunai dan apk kurang kompetibel dengan ponselku",5
Recommended buat kalian semua guessss,5
oke,5
aplikasi GO-JEK sangat membantu sekali.,5
bagus pokonya terbantu banget,5
saya kasi bintang 5 . tolong untuk ke depan nya seleksi driver ny kebanyakan ga punya attitude .. bilang ny gojek paling murah . tp ketika kita pilih paling hemat driver PD cancel pesanan . khuntul,5
cepat dan tangap,5
sumpahhh berbelit Belit laporan di gojekk perkara pengembalian dana sudah jelas kasi bukti tapi tetep tidak memuaskan cara penyelesaian dan dana tidak balik kocakkk,1
selalu ketemu driver baik,5
"jelek bngt map gojeknya, nama desa gw salah bahkan msih di rt yang sama pun tiba-tiba nama desa ganti ke desa sebelah pdhl jauh bngt, gabisa isi alamat manual, hrus bngt pake map gojek tpi mapnya salah bngt bahkan klo pake gps otomatis dan presisi kerumah pun nama desanya ttp salah di gojeknya",1
selalu puas pke gojek,5
okey,5
"lelet bnget sumpah nyusahin di pke QR kreta ngga mau muncul"" pdhal udah mau kluar stasiun di tunggu smpe 15 mnit ngga nongol"" smpe di update juga ngga bisa alasan lokasinya ngga idup pdhal udah di idupin dr awal masuk stasiun lokasi gdi matiin parahhhhhhh",2
ok lah,5
"untuk pemesanan gocar kalo kondisi macet driver selalu cancel/tidak mengabari kalau tidak ambil orderan, sedangkan saya harus nunggu lama dari driver 1 ke driver lainnya, pengalaman ini bukan sekali dua kali saja. jujur pengalaman ini menyedihkan khusus gocar",1
"alamat sudah jelas, tapi gak sampai",1
pelayanan cukup memuaskan,5
"Mo bayar paylater aja sulit sekalinya telat dikasih dendan no cs ga transparant cape bgt, sekarang ditambah lagi drivernya gaib katanya mitra terpercaya di tunggu udh sampe tapi malah menjauh",1
lemot. gk bisa blacklist. pas urgen gk konelll,1
monopoli harga gila,1
dngn driver yg ramah,5
pesan gofood lewat gojek banyak untung nya..... ayo ?,5
aplikasi sering crash...close sendiri,1
Terima Kasih Banyak Go-Jek. memudahkan dalam Kehidupan Sehari-hari untuk beraktivitas. God Bless to you Go-Jek.,5
"sekarang makin susah cari driver apalagi setelah hujan lama banget ngk ada yg mau ambil , tolong di tingkat kan untuk pelayanan driver nya",3
"awal nya takut buat saya sebagai ortu nyuruh anak naik gojek, karna baru kls 4 SD umur 9 tahun, krn kondisinya tidak memungkin kan saya buat anterin si kakak alhasil saya gojekin walapun masih hati ini cemas, Alhamdulillah anak saya udh sampai sekolah dan minta fotoin sama driver nya, Alhamdulillah driver nya baik, sukses terus buat driver dan gojek semoga amanah selalu",5
sangat membantu terimakasih,5
gojek ajg,1
ok semua,5
top,5
mantap,4
bagus,5
sangat membantu,5
baik semua,5
mantap lah,5
ini aplikasinya bagus banget,5
baik sekali,5
nyaman dan cepat sampai,5
mantap,5
puas,5
the best,5
good job,5
Great,5
aplikasi bagus dan bermanfaat,5
Bagus& terus tingkatkan pelayanan prima nya,5
driver nya baik sekali,5
driver mu pilih pilih Cok.,1
membuat hidup jadi lebih mudah,5
good,5
oke sih,5
"susah bgt dapet driver, padahal udah pake pencarian cepat, bayar biaya tambahan. tetep gk nemu. masih siang loh padahal",2
pelayanan sangat baik,5
ni aplikasi pa??pesen go food uwda hampir nunggu 1 jam gak dapt driver juga mana gak bisa dibatalin ni ..hadewh ... apkikasiiii apaaan ni???,5
lumayan,5
"selalu ragu pesen go food disini semakin lama semakin zonk, pic sama deskripsi nya wah, makanan yang sampai ga pernah lebih dari 50% nya. dah ongkir kemahalan ga ngotak, harga makanan ga pernah sesuai sama kualitas yg di kecil kecilin terus. berani tipu kustomer terus pakai pic bagus hasil zonk, udah deh ya makan aja tuh duit haram, jangan heran banyak korupsi nya nih negara kalau soal delivery aja dah tipu tipu mulu di apps ini",1
"pesen go car berkali kali tidak ada respon dan sudah menunggu lama, pelayanan semakin buruk",1
mantap,5
sangat membantu di saat mendesak,4
"kalo gaada driver hrs nunggu 1 jam pembatalan orderan, keburu mati kelaperan",2
sangat membantu,5
HEMAT DRIVER JAUH,1
kalo hujan susah sekali cari driver. pdhala banyak ijo2 d sekitaran d kasih yg jauh2.. huhft,4
pelayanan baik,5
"lama ih nunggu dapet driver nya udah laper juga yang pertama dibatalkan karna gak dapet driver terus dicoba lagi karna takut udah dimasak sama pihak restonya, jadinya kan saya kasian udah dimasakin eh gak dapet driver buat nganter terus otomatis batal pesanan nya",2
kocak voucher gratis ongkir sama voucher potongan go food ga bisa di pake barengan ga kaya shopee food,1
"TOLONG YA KALAU SEMISAL MEMANG TIDAK ADA DRIVER, KONSUMEN TUH GAUSAH NUNGGU LAMA LANGSUNG BATALKAN SAJA MASA HARUS MENUNGGU SATU JAM, SAYA SIH GA MASALAH YG MASALAH ITU YG LAPAR, MASA HARUS NUNGGU SATU JAM BARU BISA DIBATALKAN TOLONG SEKALI, KALAU MEMANG SULIT LANGSUNG BATALKAN TOLONG YAAAAA. TERIMA KASIH",1
"orderan gofood tidak bisa dicancel setelah pending satu jam tiba2 makanan dikirim, sangat merugikan saya. perbaiki sistemmu !",1
"KALO EMANG GADA MOTOR DRIVER YANG GAK MENDUKUNG, GAUSAH DIADAIN FITUR COMFORT. UDAH GITU PADA AMBILNYA OFFLINE SEMUA TANPA APK",1
"tolong ya untuk memperbaiki sistem gofoodnya lagi, saya pesan makanan lebih dari 2 jam dengan alasan telat, sampai coba berkali kalipun dengan cabang yang berbeda hasilnya sama saja.",1
"apalah saya nggojek buat buka puasa gak Dateng² padahal saya Makai express sampai habis sholat terawih tetep gak Dateng terus driver beralasan sibuk padahal tulisan nya 17 menit sampai. saya belibuat buka puasa dan akhir nya saya gak jadi makan kalo mau pesen lagi harus nunggu 55 menit ayolah tolong kalau cari driver tuh yang bener mana di rumah nggak ada makanan akhir nya saya makan di warteg untung nya aja dekat rumah ada warteg, sekali lagi kalau cari driver buat anter makanan itu yang pasti",1
ongkir e larang,2
bagus sih sangat membantu tp sayang makin lama makin banyak yg gak jelas drivernya. orderan uda d ambil tp gak gerak2 sampek nunggu hampir 30menit lebih(suda terjadi berkali2) apalagi kalo gerimis dikit ajah sulit dapat driver tolong lah kalo mau rekrut driver lebih d seleksi lg. kalo memang gak niat kerja lebih baik d OFF kan aja akunnya. biar gak ngecewain catemer,5
driver saat hujan tidak mau terima orderan.,1
good,5
"kalau lagi hujan drivernya kayak apa gitu, tiap kali hujan gak ada yang mau mbil orderan, maupun gerimis atau keras. udah 2jam loh aku nunggu udah gitu ga bisa di batalin lagi!!!",1
drivernya udah dekat ngantarnya di bayar dlu pulak malah di cancel bikin sebel aja,3
"gojek parah banget, jangankan hujan deras hujan gerimis aja susah cari driver. apalagi go food. sampai nunggu 1½jam. ternyata g dapat driver",1
👍pk,5
"promo sedikit, sama susah banget dapet driver",1
"bagus krn biaya tambahan seperti tol, parkir, dll masuk dalam struck",5
"3× pesen makan ga pernah dtg tepat waktu,👎",1
ok,5
"Jujur muak juga lama-lama, waktu gofood udah berkali-kali lama/gak tepat waktu karena gak ada driver. Tolong ini kenapa ya? Saya sejam nungguin gak ada driver sama sekali",1
"untuk aplikasinya si membantu . v qlo untuk gocar sangat tidak membantu , terlalu kebanyakan d tolak qlo MW pesen gocar , sya sering d tolak sampe 10 x MW pesen gocar PDA d tolak, dengan alasan kejauhan jemputnya, pdahal cuma 1 kilo jarak jemputnya . coba tolong d perbaiki lgh buat driver gocarnya . trimakasih",3
"Estimasi pencarian driver-nya terlalu lama, bahkan sampai 45 menit saat pesan go food, dan pesanan tidak bisa dibatalkan. Padahal dalam waktu tsb, customer bisa saja memilih beli makanan sendiri. Kalau SOP nya seperti ini, pihak customer yang dirugikan.",1
bagus aman dan ramah,5
👌,5
sangat membantu sekali untuk saya yang males keluar rumah.pelatananya cepat driver jg baik2 ..thank alot buat gojek,5
seruuseru drivernya,5
trmksh gojek membatu pekerjaan kami lebih mudah,5
matap,5
aplikasi penjajahah,1
gofood ga sesuai waktu,1
jeklin ga bisa dichat gmn,4
sangat membantu,5
mantap,5
waktu itu hujan dan gadapet driver lamaa banget giliran di cancle gabisaa padahal pembayaran gopay,3
keren,4
Lama cari driver,1
"Tolong diperbaiki fitur gofoodnya, masa gabisa batalin pesenan sampe ketemu driver. Mana nunggunya 1 jam lebih.",3
manttappp...,5
cepat,5
aplikasi berguna untuk trasportasi,5
oke,5
thanks cs gojek fast respon tanggapin laporan,5
drivernya suka batalin psanan secara sepihak tnpa alasan yg jelas,2
"mohon maaf saya kasih bintang 1, dan ini baru pertama kali rating bintang 1 karena udah kecewa bangett, beberapa kali pesen gofood yg mengharuskan nunggu dapet driver lama bgt, sekalinya dapet otomatis dibatalin drivernya, endingnya harus nunggu lama lagi. Kalo emang gaada driver 10mnt an mending lgsg cancel aja se pesanan nya customer. yg paling parah ya pesanan yg barusan, posisi lagi hamil jadi tiba2 bgt lapernya, nunggu driver lama, sekali nya dpt dicancel, sorry ya aku mau unistall aja.",1
puas,5
bagus,5
bagus lumayan baguss segini mhA,3
oke,5
Membantu,5
ter the best,5
mantap,4
sangat membantu,5
memuaskan,5
sangat Membantu,5
KEMAHALAN.,1
terbaik,5
ok,5
ok bgt,5
Sangat bermanfaat 😁,5
lebih muda mau kemanapun,5
senang sekali,5
nice,5
Bagus sangat membantu disaat kita butuh angkutan dan jasa kurir,5
"tidak suka dengan driver yang pilih""",1
mantap terima kasih,5
komunikasi dan pelayanan bagus,5
"Kebanyakan driver gocar kalau jarak nya dekat kelihatan jutek nya, gk ada ramah2 nya....",5
memudahkan jika mager tapi pengen makan..,5
"Sorry banget, tolong sistem aplikasi di tingkatkan lagi, hampir setiap pesan gojek mau gofood atau goride maps, chat dan telpon tidak masuk semuanya ke akun saya serta tidak sesuai titik awal dan ujungnya driver komplain ke saya dan driver ga pernah mau tau alasannya. Sorry memang saya pengguna gojek tapi tolong di utamakan juga kenyamanan pemakaian aplikasi gojek bukan aplikasi drive aja. Karena semakin kesini kok jadi kurang.Lumayan kesal karena selalu begini dan jumpa dengan driver yang batu.",2
good,5
sangat membantu dan melayani,5
bagus dan menggunakan nya mudah sakeli.....,5
bagus,5
good,5
sangat membantu dan sangat suka dengan aplikasi gojek ini sudah murah,5
"Saya tidak ingin merubah bintang, untuk driver gosend sekarang banyak yg manja dan bukan jiwa petarung seperti dulu, ada yg cuma kerja ingin yg aman2 aja, kadang blm liat brg nya udah cancel duluan, klo penerima blm jawab malah barang dibalikin, retur, akhirnya bolak balik, coba klo driver pada sabar menunggu , rezeki jg g akan kmna",5
cepat,5
Terlambat pembayaran Ikut di blockir semua padahal penaltynya saya tetap bayar ..! Gopay di blokir ya otomatis tidak pakai Gojek selamanya gua pakai indrive aja atau grab,5
"cepet sat set, sangat membantu dimana saja",5
oke,5
GOOD,5
luar biasa,5
ok,5
nice,5
ok bagus sngat mmbantu,5
keren,5
"sekarang modus driver gocar klo gk mau jemput itu pura pura gk ada balasan dan gk ada respon, nungguin sampe customer yg batalin sendiri, driver bisa sangat lama diem di lokasi nungguin customer, gk ada respon",1
amanah cepat,5
kenapa ya saya mau order gojek tapi GK bisa,3
ok driver juga customer juga,5
lebih nyaman,5
layanan cepat driver ramah2,5
"rating bintang 1000 deh buat management gojek,pesananku hariini ada kurang dan ga sesuai deskripsi. di deskripsi di tulis dapet 3 sundukan untuk bubur ayam seharga sekitar 16.000 aku pesen dua . setelah ngerasa ada yg kurang aku bikin laporan untuk ditinjau gercep bgt dan saldoku di balikin full seharga makanan itu❤️💕😍. jadi cuma bayar ongkir aja itupun dapet diskon🤭.",5
"Tidak mengurangi bintang,saya pengguna APK ini dari tahun 2020 makin lama kok makin menurun pelayanannya,driver bnyak yg gak menangkap orderan padahal posisi sangat dekat apalagi kalo harinnya hujan hampir 1 jam baru dapat itupun posisi driver sangat jauh dari titik penjemputan.Jangan salahkan kalo saya mendua d Logo Kuning cepat dan lebih murah 🙏",5
sangat membantu,5
tolong aplikasi chat dll report ada kolom penjelasan. oknum driver membiarkan saya menunggu hampir 50 menit tanpa pemberitahuan atau chat balasan. ketika mengajukan chat dg gojek balasan tidak bisa diketik. hanya pilihan jawaban yg bukan menjadi keluhan. tolong diperbaiki. terimakasih,3
baik,5
terima kasih,5
sangat membantu,5
bagus,5
baik,5
aplikasi mudah digunakan,5
baik cepat waktu jemput pelanggan...👍👍,5
kenapa gojek tidak bekerja sama lagi dengan green,5
good,5
mantap 👍,5
drivernya susah. kl tidak mau ambil diam saja dan tidak konfirmasi. jd membuat menunggu lama. dan selalu begitu. hampir semua driver sama.,3
bagus,5
buruk,1
mantap dah,5
mantab,5
good,5
senang nyaman,5
mantapp,5
Baik,5
on Time..,5
"APASIH ORDER AYAM DOANG 1KM DARI RUMAH AJA LEBIH DARI SATU JAM, TOLONG KEBIJAKANNYA KEPADA PARA DRIVERNYA, JANGAN DABLEG",1
"mitra juara+ikut lancor,sehari cuma dikasih 5-9 orderan,on bid juga konsisten dari jam 6 pagi,sebelum puasa normal,mulai masuk puasa malah orderannya gajelas gini",5
"sangat bagus , bisa memudahkan tranpotasi ok,,,,",5
selalu ada diskon mantap tingkat kan terus,5
dark mode nya mana min?,4
sip tepat waktu,5
mantap,5
"dari th 2019 sampai 2026 aku masih berlangganan gojek,aku pakai gojek saat berbergian jauh terimakasih gojek sudah menemani perjalananku selama ini.",5
top,5
sangat buruk 🤮,1
nice,5
okey,5
"Bagus. sangat terbantu. Tolong dipermudah driver/rider ganti motor/mobil, demi keamanan dan kenyamanan semua",5
top,5
Sangat Bagus.,5
"mantap, terima kasih",5
bagus,5
"gojek kenapa tipnya sekarang paling kecil 5k, padahal tip yg dulu juga udah ok, kan pengguna gojek juga ada yg pas²an, kalo ngasih 5k berat padahal bisa buat jajan anak sendiri, tp kalo 2,500 masih ok dan kalo mas gojek dapet 2,500 10 kali udh 20k, jd biar sama² enak",5
aplikasi serbaguna,5
menurut saya jangan terlalu banyak omongan apa bila lagi berkendaraan nanti jadi gak fokus,5
sangat puas membantu klu lagih butuh dadakan,5
mantap selalu jadi andalan gojek ini,5
"Gojek itu beneran ngebantu banget buat aktivitas sehari-hari. Mulai dari pesan ojek, beli makanan, kirim barang, sampai bayar-bayar, semuanya bisa lewat satu aplikasi. Pakenya juga gampang, tampilannya simpel, jadi ngga bikin ribet. Pelayanannya cukup cepet dan praktis, apalagi kalo lagi butuh sesuatu secara mendadak. Kesimpulannya, Gojek itu aplikasi yang bagus dan membantu banget. Cuma, bakal lebih enak lagi kalau tarifnya bisa sedikit diturunin supaya makin ramah di kantong.",5
good ok,5
good job,5
tingkatkan,5
beberapa kali pesanan gofood saya ujung2 nya di cancel karena ngk ada driver mana kita harus nunggu sekitar 1 jam baru bisa di cancel.,3
good,5
Gojek Mantap,5
Bagus mantap 👏👏👍👍,5
"driver driver kalian di perhatikan lagi, saya pesan sudah lama tidak ada yang konfirmasi bagaimana ini",2
kalo di lagi posisi mendesak alpikasi nya ga bisa bangget nolong maaf bintang 1 🙏,1
"Terima Kasih, sdh mempermudah pekerjaan kami🙏🙏🙏",5
tolong adakan fitur sanksi jika driver tidak bergerak setelah pemesanan agar pihak pemesan yang membatalkan. saya udah kena banyak sekali kasus seperti ini.,1
ok....,5
"mudah menggunakannya, banyak promonya dan Deket sekutar",5
sak jos e,5
peta gojek kurang spesifik.. peta grab jauh lebih detail dibandingkan dengan peta gojek.. tolong diperbaiki lagi petanya.. terima kasih..,2
"aplikasi ini sangat memudahkan perjalanan, memesan makanan dan mengantar barang. yang perlu dibenahi adalah kualitas drivernya, tidak semua punya standard yang baik, walaupun lebih banyak yang bagus menurut saya tetapi ada yg bermasalah juga. Dan utk gofood, kalau mau komplain barang kurang atau salah proseduralnya masih nggak friendly user, mudah2an bisa ditingkatkan",5
mantap pokoknya.,5
ini saya titik nya sudah benar ya dan aplikasi nya sudah terbaru tapi masih saja tidak ada perubahan,1
"Sekrg biaya admin y makin gila ,ongkir wlpun Deket aselole mhal ampun ,emng bbm naik tpi mcam tak masuk akal🤣",1
"dear gojek, saya kecewa sama sistem pelayanan untuk menghubungi cs gojek terlalu ribet dan tidak ada solusi. mau jadi driver mau jadi custamer, ketika membutuhkan cs selalu dibales dengat bot atau lewat artikel artikel yang tidak menjadi solusi. tolong perbaiki sistem cs, adain call center 24jam untuk berbicara dengan manusia. bukan bot",2
untuk pembelian token pulsa tidak rekomendasi di gopay... lama masuk nya.. CS tidak cepat menanggapi...not rekomendasi,1
ok,5
"daftar doang susah banget, udah pake email, pake no tlp, ttp aja susah, nyusahin",1
cepat dan Akurat Banget bangga dengan gojek dah,5
pas nonton ytb iklan gojek muncul sendiri ga maau berhenti keulang ulang kyk spam itu knapa ya,4
terlalu mahal,1
"Saya sudah sering menggunakan aplikasi dengan harga yang ditawarkan bervariasi, namun kualitas aplikasi sangat jarang bermasalah. Selain itu, para drivernya juga memberikan pelayanan yang rata-rata sangat memuaskan meskipun masih ada driver yang mungkin mengabaikan soal keramahan dalam pelayanan. 😊",5
mudah dan cepat,5
"ongkir gojek makin ga jelas, kasihan driver di bayar murah banget, dimana hati nurani bos2 gojek",1
terimakasih banyak. sangat membantu🙏,5
ok,5
bagus,5
ok,5
sistem di rubah-rubah..ada driver dekat malah nyari driver yg jauh..pake hemat biar ekonomis cepat malah tiap hari hrs nunggu karna posisi driver jauh..dah gitu bnyk yg ngeluhin soal pembayaran..nah lo...gwa bayar full napa kyk customer yg disalahin sering pake promo lah..ini lah itu lah..klo gini terus gwa pindah apk sebelah dah..kacau..,3
all good,5
mudah di pakek respon cepet,5
"aplikasi apaan ini ,sy sdh jd pelanggan lama,malah pesan gak ada yg nyangkut 2 x sy cancel,giliran ganti ke go car prioritas malah langsung nyangkut,ini mah pilih2 drivernya,udah gtu gak datang2 lg,masak d maps gak bergerak tp gak bs d cancel...pokok gojek flop skrg...tiwas malah keujanan...smoga ada perbaikan klo tdk pasti banyak yg beralih",1
"makin buruk pelayanan nya, drivernya pada jorok dan tdk patuhi SOP",1
mantap,5
driver ramah,5
bagus...,5
wah gojek kayanya parah saya sudah lama menjadi konsumennya. dan dari history nya juga banyak pake jasa transport gojek maupun gocar. bukan dikasih harga bagus malah saya rasakan mahal sekali. sekarang saya pakenya kalau dicek mahal tidak jadi.,2
"cepat, dan aman",4
mengemudi sangat safety dan hati2.top dahsafetyvdriving nya,5
"mana nih permainan nya, malah ga bisa di mainin terus, ga seru jadi ga dapet bonus2, saya ganti nanti rating nya kalo permainan nya bisa berjalan kembali",1
tingkatkan,5
kenapa pinjaman saya selalu di tolak,5
sejauh ini lumayan bagus,5
"biarpun ada aplikasi lain,dr dulu setia SM gojek",5
memudahkan untuk kemana aja untuk orang yang malas seperti saya,5
"driver gojek rata² pada arogan kenapa ya,padahal bayar nya juga nggak murah,driver nya kelakuan nya pada minim attitude!!!!",1
mudah untuk pemakaiannya,5
"saya pernah pinjem 200 malah cair 10 jt , apk aneh, dengan sadar saya ketik 200 tiba tiba dinganti ,, apk gk jelas !!",1
nyaman aman dan murah sukses selalu,5
baik pelayanan nya tpi harus hati-hati setiap bawa penumpang...,4
"GOJEK MAKIN HARI MAKIN BURUK PELAYANAN DAN FITUR NYAA , MASA SKRNG FITUR ONGKIR HEMAT REGULER GAADA TERUS ONGKIR NYA NAIK SEKARANGG...",1
good,5
sangat2 mmbantu perjalan kemana ajh,5
oke mudah di gunakan nya,5
makin buruk pelayanan,1
gojek sekarang makin jelek pelayanannya..bukanya peta yg ditunjukin malah gambar gak jelas..parah..parah..,1
lagi butuh susah nya minta ampun dapet 1 driver juga,1
"Buat Customer yang bawel bawel,,kalo bayar pakai mode hemat gausah banyak maunya. harga menentukan kecepatan, terutama go food. Lo pada tau ga kalo driver gofood dibayar cuma 5 rb perak per pengiriman. sekalipun kalian bayar mahal di aplikasi juga sama aja ongkir yg masuk ke driver cuma 5 rb. jadi jgn bawel dan titik pengantaran disamakan sama lokasi antar kalian. jgn korupsi jarak",1
memudahkan saya pergi kemana-mana,5
"asik buat pesen2 makanan, ojol dan anter anter. langganan. khusus makanan coba di sidak kali beberapaa resto yg ngeselin . hehehe. tapi banyak juga resto yg asik. masuk list langganan.",5
good,5
sangat membantu,5
tolong premium kan gojek saya saya ratu gundoruo dan saya pemilik dunia ini.,5
driver menurunkan saya dipinggir jalan (dg alasan hp tertinggal) disaat hujan dan pergi begitu saja lalu membatalkan pesanan saya tp saya tidak bisa melaporkan ketidak profesionalan driver,1
baik,5
"kalau masih punya fikiran.masih ada otak.tolong di pakai kasian driver argo 6000 antar Makanan 3.7km.enga semua orang mau kasih tips driver.di kasih bonus kalau tembus.tpi di kasih Trak jauh.pakai otak lah.klu enga mampu ngurus apk.ga usah di buat aneh""...",1
cukup membantu,5
aplikasi bagus mantapp,5
20.02.26 21.00 apk tidak bisa di download. Berhenti di 13% Makin kacau aja sistem aplikasinya...,1
"dari tahun 2007 pake gojek, mohon maaf saya putuskan memberi rating buruk utk apk saat ini. terlalu banyak kekecewaan saya sebagai pengguna layanan gojek dalam 1 tahun terakhir ini",1
DRIVER SEKARANG PADA BANYAK NGIBUL!! DAN PADA MINTA UANG LEBIH. SUDAH TDK NYAMAN PAKAI GOJEK,2
bagus,5
driver skrng bnyk yg ngk jls. aplikasi on TPI ngk mau pick up atau cancel. padahal mereka ngk respon. tolong dong ada opsi buat report driver ngk jls terimakasih,1
"sangat membantu sekali,,,",5
jozz,5
adik saya pesan minuman 37.500 gak bisa di batal kan,1
Alhamdulillah,5
membantu dalam darurat,5
selalu membantu,5
mantap,5
"adain fitur fotoin kalau bnr d anter lgsg ke customer baru bisa d selesaikan yah!! saya pesen gofood emg g seberapa uangnya, tapi buat saya yang anak kost uang sgitu lumayan bngt, lagi bulan puasa loh ini, bisa² nya dpt driver kek gt, orderan selesai tapi g nympe sama sekali ke customer, seleksi lagi dah tuhh driver² nyaaa atau g perbaiki fitur² d aplikasi nya buat driver nya!!!!. kecewa bngt demi apapun org lagi laperrrrr",1
Mantap.,5
cocok untuk kondisi darurat,4
lelet,1
Noob. Lama dalam ngejemput. Sengaja di lama lamain. Padahal udh di acc nunggu sekitar 5 menit gk ada pergerakan juga orng buru buru jdi makin telat. Klo gk mau acc orderin bilang harusnya atau batalin aja. Jgn kaya gtu,5
sudah mantap gais,5
aplikasi nya emang sangat membantu buat beli makanan tp jarang dapet voucher harga murah ongkir nya mahal dan untuk grab kenapa kalo di kampung/desa sangat sulit/susah buat dapetin driver nya lama banget buat mesen grab sering gagal trs tolong di perbaiki ya ini membantu bgt buat yang gak punya mobil 🙏🙏🙏,4
driver tidak ramah,1
Aplikasi yang sangat membantu. terimakasih...,5
sangat membantu,5
DRIVERNYA BELAGU SEMUA!!! GAMAU JEMPUT YANG JAUH-JAUH. 2 JEM GW NUNGGU GA DAPET-DAPET!!!!,1
mantap,5
aplikasi transportasi online mantap promo nya,5
aneh kesalahan sistem jdi pelanggan yng harus nanggung tolol memang,1
ongkirnya makin mahal,5
daerah monas sampe kota tua goride nya pada gak mau duit. pesen yang goride hemat gak ada yg nerima sama sekali. sementara goride biasanya 21ribu,5
"Udah nunggu lama sampe 30 mnt di cancel dan ini ga sekali 🥲 Padahal saya mau cancel juga izin driver dulu. Misal driver tidak mau pickup karena satu dan lain hal, mohon infoin jadi customer bisa cari solusi transportasi lain. Giliran saya minta tolong gojek nya tunggu 5 mnt doang marah marah dibilang tidak menghargai.",1
mantul,5
gojek nya ga kena dan lama cari grab,1
sangat membantu,5
siiiiii paling leleeeeett sekarang.... Beginilah keserakahan yg membuatnya bangkrut,1
good,5
terima kasih sudah mempermudah kami dalam melakukan perjalanan jauh..dan semoga kedepannya lancar dan sukses selalu..,5
"kenapa jadi double pesanan ? udah dirumah, ada lg gojek yg mau jemput. padahal ga pencet apa²",1
sangat membantu sekali,5
"cepet dan aman,,, makasih gojek",5
Mantap,5
"Driver ojol lebih banyak yang cemberut dari pada yang ramah, mengemudi lambat padahal customer butuh cepat sampai. performa gojek makin buruk.",3
tolong kasih orderan ke driver yang terdekat jang driver yg jauh posisi jemput nya,1
baik,5
good,5
jos jis,5
"Para drivernya khusus gocar selalu minta di cancel kalau lagi hujan ditambah susah terdeteksi titik jemput. Saya jadi sering cancel karena para driver tidak mau menjemput. Well, rating saya sbg costumer jadi buruk dan aplikasi anda jauh lebih buruk lagi kalau masih begini kualitasnya.",1
good,5
udh pernah daftar gojek waktu ada goparner datfarnya udah d terima datanya tunggu selama 3 tahun tapi hilang gtu aja,1
barang saya hilang di bawa driver,1
layanan cepat dan aman 👍,5
Sangat bermanfaat pokoknyaa apalagi waktu urgent,5
tepat saat diperlukan,5
"sekarang GOJEK,tarip nya selangit,dari St batu ceper ke St rawa buaya 53 RB,lebih murah maxim cuma 23,400 perak",3
pokoknya top markotop,5
oke tepatv,5
dibuatkan bisa share perjalanan soalny digrab bisa share perjalanan buat melihat keamanan perjalanan saudara atau keluarga,3
sudah baik pelayanannya,5
baik,4
"Kenapa order perjalanan gak masuk masuk? Katanya mencari tapi bolak balik aja mencari driver terus gak dapat dapat. Error atau bagaimana? Gak jelas gojek. Jangan terlalu sering update, malah bosok.",2
lumayan bagus,4
Enak bgt makenya,5
ok,5
"heran banget mau langganan gojek plus ga bisa, trus knp sama akun lain beda2 promo, aku selalu ga ada promo",2
map seallu ga sama .,2
gop pinjam parah nggk prnah telat 2 kali sdh .yg ke tiga di tolak ..,1
salah kirim gopay ke no yg gak aktif tetep berhasil aneh hrsnya no yg gak aktif lg gak bisa nerima gopay...hilang duit gw...,1
aplikasi keren,5
sekarang cari driver susah banget. dan aplikasi jg ga jdi nyariin ganti cepet. driver bisa seenaknya cancel. lebih baik aplikasi sebelah. drivernya ga sembarangan cancel dan ga lama cariin. not recommended,1
"lelet banget nyari drivernya, atau emang drivernya yg malas, ngga mau nerima promo.. kalah sama si kuning, yg cepet kalau cari driver",1
cepat,5
"mesen GO-RIDE kelamaan dptnya jauh² mulu deket sama tujuan akhir, bukan deket titik penjemputan, terus dh 20 menit mesen gk ada yg mau ngambil padahal dh dimahalin sampe 25k, tiap naik gojek padahal selalu ngasih bintang 5 terus walapun pernah gojeknya nabrak penggendara lain perkara ngantuk sampe saya jatoh tapi tetep saya kasih bintang 5",3
mantap,5
mantap akurat terpercaya,5
top,5
"orang klo ga niat kerja gausah kerja, 2 jam nunggu di cancel trs, kalo gamau nerima ada komunikasi, orang pada jutek semua bisa bisanya, dikit dikit cancel cape yang nunggu jg, kalo ada buru buru gimana itu",1
jam 8 pagi engga ada yang mau ambil???? MENDING YANG PEMALAS DI BLOCK AJA ENGGA UDAH NGE DRIVE,1
"sebel bgt sm gojek, suka lama bgt nyariin driver smpe bermenit-menit pdhl ada driver yg deket tp yg di pilih driver yang jauh",2
saya puas dengan pelayanan gojek,5
apk jelek,1
kocak,1
"drivernya ramah, sopan, tarifnya murah.",5
bagus,5
driver ga pilih pilih hujan badai trabas,5
Benerin sistem chat dengan drivernya. saya mau chat driver aja sering ga masuk. cuma centang 1. bisa bikin miskom sama driver.,2
pelayanan memuaskan..ramah bersih tpt waktu👍👍👍,5
jawabannya selalu dusta. driver di sekitar banyak sekali tapi yang dapet selalu dtiver jauh. BOHONG KALO JAWABAN PERMINTAAN LAGI PENUH. NYATANYA PESAN TIDAK PERNAH DAPAT PADAHAL BANYAK DRIVER DI KIRI KANAN SAYA. MEMANG APL INI SELALU NIPU,1
"gojek sekarang mengecewakan klo cari driver di saat gerimis aj susah...berangkat krja jdi ga bisa...udh itu dpt driver suka ngeluh jauh lh banjir lh,harga ga seberapa ngomong ke penumpang bgtu....gmna ga kecewa denger nya kebanyakan ngeluh.....",1
"Pesen gofood dari jam 3.10wib sampe jam 4.21 wib gak dpt2 driver, driver skrng pd males2 sama seenaknya sendiri. Udh gk dpt kompensasi juga gk jdi sahur",1
problem customer lama solusinya. cs main tutup chat padahal problem blm solved!!!!,1
"driver di bandung pada lebay,KLO malem pada GK ambil KLO siang"" ujan jg susah",1
apk tolol,1
pesan makanan lama padahal jarak dekat.! hampir gk sahur gojek gk guna,1
11#12 APK sama driver udah jual mahal,2
"aplikasi ini makin kesini, makin sulit dapat driver, disejahterakan driver agar tidak sulit dapat driver, karena sangat membuat kecewa pengguna aplikasi",1
Lokasi detail di dalam Map sering bergeser... Menimbulkan konflik antar Kurir dengan konsumen...! Perbaiki kembali...!,1
ok,5
"gofood lu benerin, nyangkutin driver biar gabisa di batalin pesanan gua,kalo emang ga ada driver biar gua beli sendiri, bikin peraturan berat sebelah, ngerugiin customer doang lu, nyuntik ulasan biar app bagus bisa, budget buat benerin app masa iya ga ada si?ngegantung customer doang lu lawak.",1
sangat membantu bagi kami yg sibuk bekerja,5
mantap,5
aplikasi gak bermutu,1
good thanks,5
"puas,dan cepat",5
mantap pokoknya,5
"gila bgt sejam lebih nunggu, uda smpe lebih dri 10 driver cancel mulu",1
Sangat keren.,5
"Aplikasi SAMPAH! SUNGGUH2 MENZOLIMI CUSTOMER, DRIVER DAN RESTO PESAN GO FOOD DISURUH TUNGGU 1,5 JAM, BARU BISA CANCEL. DI KOMPLAIN KE CS JG GA ADA TANGGAPAN. AKHIRNYA PAS UD LAMA, BARU DRIVER MAU ANTAR, KITA GA MAU TERIMA LAGI, JADI BERANTEM SAMA DRIVER, JUJUR SAYA JG KASIAN SAMA DRIVER NYA. ALASAN RESTO UD SIAPKAN, SAYA CEK SENDIRI KE RESTO, GA ADA ORDERAN MASUK, SAYA ADA BUKTI FOTO MESIN GOJEK NYA, TIDAK ADA ORDER MASUK! CS NYA ALASAN RESTO UD PROSES MAKANAN NYA, PDHL TIDAK ADA SAMA SEKALI",1
udh aku download daftar udh masukin nmr hp terus di suruh masukin kode verifikasi salah2 Mulu padahal bener kode verifikasi nya aneh,1
mesen makanan gak ada yang mau ambil orderan nya padahal pakai pengantaran cepat,2
aplikasi yang sangat membantu,5
transaksi sangat membantu kami untuk kebutuhan sehari,5
"harus dikasih bintang 1 ini. kita pesan makanan dikasih estimasi waktu 35-45 menit, utk menunggu dapat driver. estimasi yg diberikan lwt sistem se-lama itu, sangat tidak wajar. Mengajukan pembtalanpun se susah itu juga, dengan alasan template. Jangan pasangkan kami estimasi yg lama, kalo emang susah dpt driver, percepat estimasinya biar auto batal, atau permudah kami ajukan pembatalan",1
bagus sekali 👌,5
"saya tadi pesan gojek,kenapa untuk Drive sudah di terima TPI di tolak dengan alasan penjemputan terlalu jauh dan untuk ongkosnya terlalu sedikit,padahal untuk ongkosnya sesuai dengan aplikasi yang sudah di tentukan",4
salah pesanan makanan nya tidak bisa di cancel mohon maaf.. aku jadi bayar mahal mohon di sediakan tempat cancel nya..,1
"Sering banget dapet driver yang gamau jemput , udah nunggu lama lama malah menjauh dari titik tanpa konfirmasi ! di training lagi ya driver nya minimal customer kasih kepastian !!",1
sangat membantu,5
mantap,5
Sangat membantu untuk kebutuhan transportasi dan kebutuhan lainnya.,5
"tau2 tarif dinaikkan, emang gila lama2 ni aplikasi",1
pesan makan lama,1
Aplikasi nya enak banget bisa buat antar jemput dan bisa pesan makan makasih ya kak,5
pengirim buruk sekali saya tadi person makan nunggu 1 jam kelaparan sekali Dan pas tinggal 16 menit malah nge stuck Dan akhirnya dibatalin sendiri pas Mau person lagi promonya udah gak Ada saya emosi bangett pokoknya gak terima banget padahal udah nunggu se jam udah kelaparan banget malah di batalin anjg,1
perhankan...tetap semangat dalam melayani costumer,5
Sesuai dg Kecepatan dan ketepatan. paket sampai dengan aman dan baik. mksh gojek.,5
"driver ditelpon ga bisa dichat ga dibaca susah dihubungi, mau dikasih penjelesan biar mudah jemputnyaa !!!!, udah hubungi CS via telpon tujuan sederhana saya mau kasih saran dan komplain, malah disuruh daftar bank jago, gopay pinjam ga logis anjirr",1
Beberapa kali driver kurang sopan dan sering terlambat. Saat pesanan sudah sangat telat pun tidak bisa dibatalkan. Ketika hujan juga sulit dapat driver dan menunggu sangat lama. Mohon perbaikan sistem dan kualitas pelayanan.,1
kasih bintang 1 aja gak pantas,1
mantap,5
"GO FOOD PAYAH GABISA CANCEL ORDERAN, PADAHAL SUDAH JELAS RESTO GABISA DAPAT DRIVER, MASA SAYA HARUS TUNGGU 2 JAM LEBIH HANYA UNTUK AYAM GORENG SIAP SAJI? UDAH GITU CS NYA SAMA SEKALI GA MEMBANTU, YANG JAWAB CUMA BOT TANPA KASIH SOLUSI SAMA SEKALI",1
"sering mendapatkan tindakan yg kurang menyenangkan apalagi kalo mesan gofood, susah dapet driver mohon maaf sepertinya harus uninstall",1
walau hujan...pengiriman tetep cepat...sat set wat wet😁😁,5
"Aplikasi Gojek sangat user-friendly, pesan ojek atau makanan jadi lebih cepat dan mudah hanya dalam hitungan detik."" ""Pengalaman menggunakan Gojek sangat memuaskan, drivernya ramah-ramah dan profesional."" ""Fitur GoPay di aplikasi sangat membantu transaksi menjadi aman dan cepat, terutama untuk pembayaran non-tunai."" ""Aplikasi andalan saat darurat, customer service cepat tanggap jika ada kendala dengan orderan."" ""Gojek membuat hidup lebih mudah; dari kirim barang, beli makan, sampai jemputan 👍👍",5
"tolong buat aplikasi gojek sistem nya di bagusin dikit,karna tadi pagi aku mesan gojek dari jam 5 subuh, kebetulan hujan dan gojeknya susah di dapat setelah aku memutuskan jalan kaki aplikasi gojek saya nonatif pencarian,pas aku udah mau nyampe tujuan saya di jam 5:30 subuh saya di telpon sama tukang gojek aku kaget perasaan aku gk mesan perbedaan 30 mnt dan aku juga tidak enak sama tukang gojek yg jemput saya soalnya kasihan dia jemput aku pagi2 apa lagi situasi hujan",1
MantapLah👍👌👍,5
sangat cepat menanggapi komplain cust dan selesai. terima kasih Gojek🥰🥰,5
"ini apa si gabisa batalin order gofood, aku 1 jam lebih nunggu ga dapat driver al hasil, aku mo batalin, karena dh mo buka puasa, eeeh gabisa jir maan gua dh laper karena lagi puasa tolong lah perbaiki ini, udh lah tu gofood buat buka puasa, nunggu driver 1 jam ga dapet di tambah gabisa batalin, sialan",1
"Kalo pilihan goride hemat sering di hindarin para driver, sama aja menyusahkan customer, toh saya juga bukan pengguna baru di aplikasi ini, driver driver tolol milih milih rejeki",2
"tolonglah walaupun udh dikonfirmasi pesenan makanannya sama resto tetap bisa di batalin, saya mau pesen buat berbuka.. gada driver yg mau nerima jadi lama saya menunggu tolong adain fitur batal pesanan walaupun sudah di konfirmasi dari pihak resto. Kalo gini terus saya gamau lagi pesen makanan dari gojek.",1
ok mantap,4
berguna banget sumpah,5
gak ada solusi sama sekali,1
cepat dan tepat dan ramah,5
"Makin ke depan makin pelit voucher, dulu banyak dapat potongan, skr mlh promosi Bank, udah itu ongkir nya mahal kalau pesan makan. Pesan makan di ngojek 35rb lebih, dan di grab cuma 20rb. sama2 pengiriman standar dan sama tempat saya pesan. Di Grab mlh dapat potongan 30rb lebih lagi. Makin gila ngojek.. lama² jarang orang pakai.",1
josss,5
good,5
"Saya mau order layanan goclean, tapi layanan nya kok sudah tidak ada lagi di gojek",1
"SUKA HERAN SAMA OJOL SKRNG, SLALU AJA DIEM DULU LAMA BANGET GA GERAK², PADAHAL JARAK GA JAUH JUGA, PADA GA BUTUH JOB APA GIMANA? UDH TAU PESEN GOJEK PASTI BUAT BURU², MALAH PADA SEPELEIN.",1
"woi pelayananmu lebih buruk ketimbang shopee,, shopee bisa dibatalkan pembelian yang tidak di sengaja.. kau pelayananmu jelek karna pembelian tdk disengaja langsung kau kunci dengan si penjual",1
good,5
semoga berkah bos gojek,5
ok mantap,5
"semakin lama aplikasi ini semakin parah, ongkos mahal nunggu pesanan lama dulu aku selalu pakai gojek sekarang kalo order aku sering bandingkan dengan aplikasi sebelah kadang ongkos berbeda jauh murah aplikasi sebelah kalo order jauh kadang selisih 20 sampai 15 ribu , kadang apk sebelah ongkos murah cepat lagi aku kalo order gojek pas ada diskon besar aja , untung sekarang banyak pilihan aplikasi, cocok gas bisa pilih pilih mana yang pas😂😂",1
Good,5
asli nih aplikasi.makin lemot aja.apalagi pas hujan..pesen go'food.nyari drivernya lama.setengah jam lebih.sekalinya dapat driver.yg 1.sudah di chat & dibaca.tanpa balas.ditunggu.10 menit lebih.main cancel aja tuh driver.pas dapat yg baru.di chat jg.malah nggk masuk2 tuh chat ke driver.tetep centang 1.sampe setengah jam an...mau makan aja.harus nunggu 1 jam lebih....dr jam 14:06 sampe jam 15:15.,2
"mau pembelian ekspress, reguler, sama ajaa telat mulu. pas orderan udah selesai dengan enaknya bilang ""pesananmu diantar tepat waktu"" halah 🤯",1
bagus,5
bagus pelayanan dan banyak promo,5
"tolonglah jaket driver Gojeknya jangan ada lagi yang buluk bahkan sobek seperti iklan Bang Komeng, mereka kan nganter Makanan dan orang juga tolong dipahami keluhan customernya.",3
Alhamdulillah. akhirnya dikota ku sdh ada gojek. sangat membantu. tp perlu ditambah lg,5
makasih,5
sangat membantu,5
fitur one tap yg mengganggu,3
"tolong pihak gojek lebih diseleksi lagi pihak gocar, belum jemput penumpang sudah klik menjemput dan menyelesaikan orderan, padahal belum dijemput dan penumpang masih dilokasi, saldo ketarik dan proses kembalian dana nya lama. saya sudah 3 kali ada kendala seperti ini dipihak gocarnya, merugikan waktu saja. kalau driver tidak mau menjemput tidak usah terima. bikin tidak nyaman atas pelayanan kayak gini berkali kali.",2
mantaps ramah,5
siiip,5
good,5
tepat waktu,5
"kecewa sih. selalu tepat waktu dalam pembayaran Gopaylater dan udah bertahun, malah dicurigai dan sekarang diblokir gopaylater saya. dimana tindak mencurigakannya? padahal 1 hari bukan hanya sekali pakai jasa aplikasi ini. sekarang saya beralih ke aplikasi sebelah lebih konsisten juga dalam promonya. bye !!!!",2
ok,5
kemudahan dalam penjemputan,5
By the way its oke👌,4
gacor,5
like,5
"aplikasi yang sangat membatu sekali disaat butuh kendaraan untuk transportasi, pengiriman barang, maupun membeli makanan..mohon ditingkatkan untuk keamanan kedepannya",5
drivernya baik dan ramah,5
"Aplikasi ini sangat membantu untuk bepergian dan memesan makanan dengan cepat. Drivernya ramah dan pesanan makanan biasanya sampai dalam kondisi baik. Namun terkadang ada jeda sedikit lama saat memuat halaman pada jam sibuk. Secara keseluruhan, pengalaman menggunakan Gojek cukup memuaskan!",5
lebih murah gercepp jugaa.. aplikasinyaa mantulllll,5
"secara umum aplikasinya sngt bagus,renponsif,cepat juga!!!semisal driver kena macet dan lama bs segera dicari solusi driver lainnya...sangat membantu...baik goCar atau goJek...",5
kenapa drivernya pada matiin aplikasi? biar bisa matok harga sendiri? jujur kurang ajar driver2 yg begitu,1
"GAJELAS KALO UJAN GAK MAU NERIMA PENUMPANG KOCAK, DRIVERNYA GAK ADA YANG MAU AMBIL",1
"gimana sih, diadain fitur HEMAT tapi ga berkualitas, udah dapet tiba tiba di cancel. kalo ga ikhlas gausah di adain fitur HEMAT. TOLONG",1
"tolong diganti selogan kalian bukan selalu ada jalan,tapa selalu nyari jalan",1
sangat senang,4
"mending pesan si kuning gak pake lama nunggu driver, klo gojek drivernya jauh amat",1
Aplikasi macam 💩,1
Bagus👍👍👍👍👍,5
ok,5
kalau mlm sulit dapat driver,3
😊,5
kecewa masa tdk bisa byr mke gopay🥺,1
lebih cpt lah drpd sebelah,5
oke,5
SARAN KALO DI BULAN PUASA TOLONG DURASI PEMBATALAN DI KURANGIN DARI JAM 2.53 SAMPAI JAM 4.39 KURANG MASUK AKAL,1
"sangat buruk, orderan gak jelas",1
cuman sayang beli es jeruk 1 aja 40 menit mahalan ongkir pada harag,3
bagus respon cpat dan terjangkau,5
"Bintang 1. Lagi sahur, pesan makanan dari jam 03.49 tapi sampai hampir Subuh tidak dapat driver. Disuruh tunggu sampai 04.53 baru bisa batalin, padahal waktu Subuh 04.50. Sistemnya nggak manusiawi sama sekali. Kalau memang tidak ada driver, kenapa tidak otomatis dibatalkan? Jangan bikin orang nunggu di waktu sesempit sahur seperti ini. Sangat mengecewakan.",1
batal sahur gara gara telat gofood nya,1
"nunggu makanan 2 jam kalo ga ada driver, jangan dipaksa pelanggan buat nunggu Sediakan tombol Cancel ya pelanggan dirugikan driver anda dirugikan",1
mantab,5
👍👍👍,5
"BUAT PARA CUSTUMER KALAU MELIHAT ULASAN SAYA, MENDING JGN PILIH ARGO HEMAT, KASIHAN DRIVERNYA , AKIBAT KEBIJAKAN APLIKASI YG NGASIH KEBIJAKAN SEWENANGNYA ,MAKANYA ORDERANYA PUN JARANG DIAMBIL KARENA TERLALU MURAH, YG GORIDE KALAU PILIH HEMAT SAMA AJA MEMERAS PARA DRIVERNYA MENDING PILIH ARGO YG NORMAL AJA,",2
sangat ramah,5
ok sangat membatu keperluan mendadak,5
"ramah bapaknya ujan"" tetep semangat.. sehat"" ya pak..",5
the best all,5
SANGAT SEMNGAT BUAT BELI BUKA PUASA PALING MURAH DAN GRATIS ONGKIR PESAN 2 Makananya!!,5
serba mudah ....,5
alamatnya agak sulit ditemukan,5
lama banget batalin pesanannya padahal driver gak dpat² . bikin capek nunggu aja,1
mantap pelayanan dan Joss,5
Okeeeee boskuuuuuuhhh⭐️⭐️⭐️⭐️⭐️,5
sangat buruk,1
bagus,5
good,5
"Nyari driver ga dapet"" harus nunggu sejam lebih dulu baru bisa di cancel. sangat mengecewakan",1
"pengiriman cepet, animasi lucu, thebestttttttt",5
"pelayanan cs lu jelek bgt asli, yg bales bot, disuruh ceritain detail tapi abis itu gabisa ngetik, anehhhhh",1
bagusss,5
"sekarang makin bertingkah driver yang ada disini,begitu pula sistem gojeknya juga lemot dalam mencari driver,terutama saat go food waktu sehabis hujan,hujan sudah lama berhenti tapi lelet banget nyari drivernya,kalo hujan masih deras saya maklumin,ini hujan sudah berhenti sejam lalu,tapi masih saja bertingkah ketika saya pesan gofood",4
"kecewa sama apk ini saya pesan makanan sampai 2jam lebih terus menunggu.. muncul notif dri resto makanan anda suda di siapkan saya tunggu"" trus eh tiba"" Uda lama menunggu, muncul lagi notif makanan anda habis, sial kali ngak itu, Udalah lapar sabar menunggu, eh begini di buat sama gojek ny",1
2 x dibuat batalin pesanan karena gak dapat2 driver,1
"aplikasi dongo harga harus sesuai bos jangan seenaknya pikiran kita panas hujan di jln, lu enak diem d kantor nunggin duit dari driver lain ngga panas2 hujan2an,",1
"assalamualaikum aflikasi gojek luar biasa gues,,jaya selalu gojek",5
udah laper ga dapet yang ngantar hadeh,1
bagus,5
menyenangkan dan aman naik gocar,5
KECEWA BANGET SAYA PESEN GOFOOD UDAH BAYAR PAKE GOPAY MALAH DRIVER SALAH KIRIM ALAMAT DAN GA ADA PENYELESAIAN LEBIH LANJUT BUANG-BUANG UANG,1
"KALO BISA SERVERNYA DIBENERIN LAGI,KENAP SETIAP UJAN SUSAH BANGET DAPETNYA APALAGI KALO UDA DAPET TITIK DRIVERNYA GA GERAK GERAK",2
bagus,5
lama drivernya kebanyakan ga jalan posisi driver padahal kalo ga niat jangan ngambil ordernya udah saya tungguin lama lama tapi tetep ga dapet vocer 5k itu,1
"baru kali ini ku kasih bintang di apk bener2 di buat lama mencari driver sampe 1jam g dapet2 apa lgi kalo malem susah nya minta ampunn 10/20menit oke lh ini dari jam 8 saya pesan driver ga nemu"" sesulit itu kahh bener2 ni apk",2
"nyari driver lama bnr, gjdi mood makan gegara kelamaan nyari driver, perbaiki lah, awalnya laper bgt tiba2 jdi g mood, nyari driver 1 dekade anying",1
"apa""an nunggu bisa batalin pesanan nunggu 1 jam dulu gara"" susah cari driver. KENAPA HARUS NUNGGU 1 JAM DULU !!",1
Manthaaaap.....puas sekali dengan attensinya...,5
"bagus,sangat membantu",5
pelayanan oke hari ini memuaskan saya,5
senang ada Gojek... perjalanan jadi cepat dam mudah,5
"biasanya pake aplikasi ini cepat dan mudah, tapi gatau knp ahir ahir ini driver nya gampang banget buat cancel, dan susah bgt dpt driver",4
trimakasih sudah mempermudah kamu menuju lokasi yang kita tentukan. tapi mohon maaf sedikit sarang alangkah lebih mudah kalo pembayaran bisa lewat ewalet dana lebih murah,5
loading apk lama,2
"sumpah gak banget masak gak hujan aja gak dapet driver terus, ini apa gak bisa diatur supaya konsumen yang pakai juga jadi mau pakai. soalnya kalau dapet driver atau mau ke tempat lain bener bener lama sekali dapet drivernya",1
mantap banget,5
"cari driver susah bos,",1
"ada komplain ga membantu sama sekali, sampah",1
oke bangetgt,5
puas,5
sangat memuaskan... Trima kasih,5
kok susah ya nyari driver ntah go ride atau go send lama gitu lebih dari sejam ada pdhal lagi ga hujan,4
mantap,5
"developer plenger, gw dah pesen gojek 10 mnt an gak dpt2 driver samsek mengecewakan",1
GO paylater bunga lu ga ngotak udah bayar pokok malah bayar denda sampe 6bulan karna telat seminggu pdhal sisanya cuma 27.500,1
"pesan gofood disaat cuaca cerah ok lah.tp ketika cuaca hujan,mikir dua kali lg deh.sudah sering kejadian pesan makanan pas hujan ga dpt driver dan disuruh tunggu sampai 1jam baru bisa dibatalin.chat ke cs hanya dijawab sama sistem tanpa bisa memberikan solusi yg membantu.",3
sangat terbantu,5
pelayanannya baik ramah dan cepat,5
Aplikasi transportasi dan pemesanan makanan yang bagus 👍🏻,5
"belakangan ini pesen gofood susahh banget dapet drivernya, kalau ga ada drivernya tutup aja gofood nya, iklan aja banyak dimana mana tapi kualitas menurun, kalau engga berubah ubah kaya dulu lagi, jadi bintang 1",2
"mau nunggu berapa lamapun atau coba berkali-kali, driver pada kolusi ga ambil orderan penumpang gara-gara perusahaan membuat kebijakan yang menyusahkan driver.",1
"sangat membantu, tepat dan cepat dlm melayani customer",5
"Kelamaan saya lihat ini aplikasi makin aneh, saya kasih rating 1, bukan karna apa. Ketika lagi terburu-buru malah dapat driver yang jauh. Tolong lah perbaiki systemnya pilihkan driver jangan jauh2. kasihan driver dengan tarif yg tidak seberapa harus menjemput 9 - 15 menit. Padahal banyak driver yg deket2 <200m pada nganggur.",1
"gajelas gw nunggu pake Goridehemat dah lama di cencel Mulu apansi, dah ah males make gojek mending gw jalan kaki sekalian😠",1
aplikasinya sangat bagus dan semuanya pengemudinya sangat ramah2,5
"klo hujan kenapa susah bangett , terus mahal",1
"pengunaan transportasi oke,tapi saat menunggu dengan harga standar sedikit lama,nah saya beralih ke yg cepet walaupun nambah harga tetep saja tidak ada,meski klo dilihat map juga ramai driver yg di sekitar, kadang malah di cancel malah nambah lama lagi mana pernah nunggu 1jam berdiri mana tidak ada buat laporan/bantuan hanya pesan cepat doang",4
terlalu lama untuk mencari driver gofood dan pembatalannya,1
sangat membantu...dan slalu tepat waktu,5
"tolong untuk apk ini segera diperbaiki, saya selaku kasir yg bekerja ditempat sy sering mendapati complement krna makanan yg sudah jadi berjam² tetapi tdk mendapat driver, berujung kita nombok untuk mengganti makanan tsb, seharusnya ada fitur cancel otomatis apabila 15-30 menit tdk dapat driver",1
menurut ku tarif gojek terlalu murah sy duduk spai pantas panas lumayan jauh ..naik kan tarif nya sedikit biar driver ada lebih nya,5
aplikasi lemot nyariin driver aja gak jelas orang buru2 ngejar jadwal malah lama dasar sampah,1
"Dengan adanya gojek terutama gofood, saya JD terbantu jajan enak dengan harga promo.",5
tolong lah kalo emang gamau ngasih promo gausah di Adain !!! susah banget nyari driver !! sekali nya dapet jauh apk gajelassss lama lama !! udah sering banget kaya gini !!,1
kebanyakan notif promo ga penting,1
"aplikasi ini ngebantu banget apalagi lagi mager kemana-mana cari makanan,dan pengantaran pun cepat",5
gilaaaa sejam gda yg ngambil pada gk butuh duit x ya,1
"Saat saya melakukan pemesanan yang tidak di sengaja , saya tidak dapat membatalkan (cancel) pesanan. Selain itu, ketika saya menekan tombol checkout, pesanan langsung berhasil diproses tanpa adanya permintaan memasukkan PIN terlebih dahulu. dan ongkir dan biaya peranannya yang tidak masuk akal ini saya seperti membeli ongkir dari pada membeli produk nya!!! saya sudah menghubungi Customer Service tapi tidak ada solusi",1
selalu memuaskan,5
bgus,5
mantap,5
"Aku tiap hari pakai gojek, tiap hari ada promo hemat.. tapi percuma gak bisa dipakai, driver gak ad yang mau ambil.. gak usah lah diadain hemat hemat itu gak jelas",1
tambah lemoottt,3
"jelekk bgt, gapernah ada promo. mending aplikasi sebelah",1
"aplikasi cacat ga mudah bat make ginian complain ke customer service ribet bener perkara makanan kurang di bales nya lama malah disuruh fotoin ulang, lah aneh bener ni gojek kocak udh gua fotoin lu suruh foto lagi setelah 4 jam lu bales chat gua apk kocak udh gua makan la gblog itu apaan yang gua foto pertama?kurang bukti pepek makanan kurang ko kurang bukti tanggung jawab Ama resto jg la malah customer yang ribet gblog",1
kenapa sih gojek kalau persen suka di kasih yang jauh pdhl yang Deket banyak . kan kasihan ke drivernya kalau di cancel kalau ga di cancel jauh bisa kesiangan kalau berangkat kerja kaya gitu. belum macet di jalan nunggu gojek lama. kalau di kasih yang jauh mamang gojek pun kejebak macet makin lama lah nyampe ke konsumen. d situ d tulis 5 menit nunggu pada kenyataan nya nunggu 15 menit,4
"driver nya ga jelas anjir, Uda nunggu puluhan menit tiba tiba ga gerak, terus kadang tiba tiba di cancel, pengemudi nya ga ramah samsek",1
keren,5
bagus,5
mempermudah kalo lg laper 🤤🤤🤤,5
Jangan download. MAHAL biaya perjalanan nya. mending GRABB lebih murah. cuma 5000. kalo gojek 10.000. 10.000 bisa bulak balik tuh kalo GRABB,1
bagussss aku tinggal cobain gojeknyaaaaaaaaaaaaaaaa my fav apps,5
"klo gw mesen makanan digojek ya lama bgt prosesnya pling susah itu nyari drivernya kek gw dikucil in gtu sengaja g ada yg mau nganterin klo apk oren cpet blom smpe 5 mnit udh dpt drivernya🤣🤣🤣 gw terpaksa mesen disini karena yg gw pngen adanya di gojek bukan di apk oren tpi ya gtu susah bener dpt driver ,apa gra2 gw g ngasi tip kah ? bukanya bayarnya sesuai aplikasi masalahnya gini iya smua orng yg order itu g smuanya punya duit lebih klo punyanya 50 masa kembaliannya gw disuruh ngasih smua ha",1
ok,5
ok,5
"aplikasi mantap ,sukses trs buat kita semua 👍👍👍",5
sangat membantu,5
mantap,5
"Good application for every thing that we need, easy to use",5
selalu langganan dengan gojek dlm hal apapun,5
Kasih promo an bener² sedikit,2
Ok Deh,5
good,5
bagus,5
"aplikasi mudah digunakan, terimakasih sangat membantu sekali dalam keseharian berbelanja dan antar kemana mana",5
Gojek Sitimewa,5
"🤩🤩🤩syg gojek best, amann",5
sangat membantu,5
mantap,5
keren,5
apik,5
mantap .....diskonya besar,5
aplikasi sering error,1
ok,5
"LEMOT jarak resto cuma setengah jam Nyari driver 1 jam, nunggu resto mateng 1 jam kapok banget pesen pake goofod semoga ada perbaikan",1
Alhamdulillah makasih banyak ya 😃🙏,5
"Tolong dong di perbaiki lagi bagian management driver nya, driver di jalan sering sesuka hati mengambil jalan secara tiba tiba tanpa melihat sekeliling and tolong driver nya btul² hrus di jamin yg memiliki SIM mengemudi dan di tes cara mengemudi nya gmn kalau udah orang lain celaka kn pengendara lain rugi waktu dll. saya hbis tabrakan dgn salah satu driver gojek yg memaksakan masuk secara tiba² tanpa mempertimbangkan pengendara lain dan Al hasil ya saya korban",1
mantap,5
"Cari driver lamanya , padahal ada yang dekat , hadeh",1
satset,5
"gojek di daerahku banyakk bisa""nya nunggu sejam lebih buat cari gojek disekitar,",1
👍🏾👍🏾👍🏾,5
males banget di apk estimasinya 30 menit eh malah hampir satu jam nunggu sering bgt kyk gitu heran,2
bagus Alhamdulillah selama ini dapat driver yg profesional banget nggak ada drama,5
masak pesen udh 2 kali tidak dapat driver di wilayah kabupaten Batang,1
gojek!!! stop iklan nya iklan mu selalu muncul di hp ku berhanti iklanmu aku sangat marah😡😡😡😡😡😡,1
ok,5
"hapuskan layanan hemat, kasihan para driverm",1
sangat membantu sekali,5
tidak ada gofood,1
okpisan,5
"sering x pesanan kurang, ntah itu gofood atau gomart, kadang heran 2 pihak yang terkait itu TOKO dan DRIVER apa ga cross check? sosialisasi kan dong min ke drivernya sbg tangan terakhir yang nerima barang, bantu cek lg gtu apakah sudah lengkap semua atau belum. makasi",1
"gapernah dpt driver, udh pake prioritas masih lama juga",1
layanan memuaskan bersahbat,5
ok..tks,5
berguna buat saya,5
"sedikit ada bug , walupun pesen gocar xl dateng malah 2 mobil dengan uk yang berbeda, tapi tetap terbaik untuk gocar",4
drivernya terlalu banyak minta cancel,1
gg min,5
"selama ini, lancar dan aman",5
"Aplikasi ga guna bikin ribet pengguna dari mulai saldo ke potong, ga bisa di pakai dan terkunci",1
nunggu dapat driver sejam lebih. bikin bete dan keroncongan.,3
mudah dalam pemesanan...lokasi penjemputan dan tujuan akurat...murah,5
ok,5
sangat membantu,5
the bestt gojekk,5
mantaap,5
ok,5
Mantaplah pokonya gk ribet,5
saya tidak akan membatalkan pesanan jika tidak benar2 lama penjemputannya,4
ok,5
cs lama duit saya ga balik !!!!,1
"tampilin bintang user sama ojek yang ngasih rating. driver lu banyak ngelunjak sekarang. resto engga ada parkir pakai segala chat ""maaf resto ada parkirnya"". bukan masalah parkir cuma 2rb nya tapi mau kasih bintang jelek karena ga jujur ntar konsumen kasih ☆3 driver kasih nya cuma ☆1. driver najis sampahh",1
Aplikasi sangat Bagus..mohon di cek secara Berkala..,5
"Selalu langganan Gojek Plus,beli makanan dll..Nemu drivernya gampang dan cepat",5
membantu sekali,5
ok bgt,5
"mantap joos, ramah ramah driver nya",5
Sangat membantu sekali dengan adanya aplikasi ini,5
"Lengkap dan Banyak fiturnya, seperti Go Transit dan Go Box. Jadi pesannya lebih simple",5
pakai paket hemat di apps ini udah 30 menit ngga dapet driver. di apps sebelah baru 3 menit langsung dapet. mana duit gue banyak gw topup di gojek.,1
"diskon nya banyak bngt, cinta deh❤",5
oke,5
mempermudah keinginan(ngidam) di saat aku ngga bisa keluar karena terbatasnya tidak ada speda motor / kendaraan lain terimakasih,5
sangat membantu .,5
mantap,5
Sangat membantu.,5
senang krn pilih rute yg cepat...ngejar jam KA,5
lebih efisien waktu,5
"customer udah pada pindah aplikasi, dikarenakan yg ini sering banget gangguan, jika dengan sistem yg sekarang terus d jalan kan makin banyak lgi customer yg beralih ke aplikasi lain. terutama saya pengguna GO-RIDE.",1
komunikatif,5
suka Banget selalu ada Promo dan juga drivernya selalu ada selalu bisa,5
NUNGGU LAMA BANGET 50 MENITAN DENGAN POSISI GATAU DIMANA POSISI GOJEKNYA (shelter palmerah),1
"mohon dipermidah lahi penggunaannya,sprti meminimalkan pengguna dobel order.",4
mantaaappp,5
oke,5
di saya selama beberapa tahun ini pakai gojek tidak ada kendala sama sekali,5
driver nya pada lemot ya sekarang banyak alesan dan pencariannya juga lama banget sampe 5/10 menit pencariannya! bnr' kecewa,2
rumah bekasi sering kena cancel atau ghosting driver. jd pengen punya mobil sendiri aj,3
promo nya gede bngt😁😋,1
nggak bisa dipencet untuk permainannya,2
ok,5
knpa kalau pake gojek hemat suka jauh banget sapetnya males saya jadinya,1
"ini gojek konsepnya gmn sih, driver sama user di adu domba, driver nyatut parkiran user laporan langsung di banned, user di teror sama driver. driver udah kaya budak digital salah dikit di banned, user yang di salah2in sama driver.",1
aplikasi parah driver nya di potong juga .klw mau mengadakan program go ride hemat tolong drivernya jangan di potong juga. pantas layanan goride biasanya Harga nya di naikan biar pindah ke layanan goride hemat yang nyekek driver nya.....aplikasi parah masih makan keringet drivernya sendiri...parahhhhhhhhhhhhh,1
keren,5
bagus dalam komunikasi..sopan dan ramah,5
mantap si udah jam 2.30 masi ada driver buat gofood cocok bnget buat gw yang suka begadang smpe laper tenga mlam tinggal mesen,5
"pengajuan di tolak mulu,, pdhl tdk punya riwayat angsuran jelk.. notif aja gencer,, tiap hari.. gliran mau pengajuan d tolak mulu..",1
"gojek food nya tidak professional 2 Kali pesanan di batalin gak dapet driver, di batalin sensitive ga visa giliran udah nunggu Lama makanannya malah di batalin aplikasi Bintang 1",1
okelah bnyak diskonan juga,5
ga bisa di tfff klo dah mlm,1
woke,5
mantap,5
Oke,5
"tapi gojek kalau sdh di daerah sepi susah di dapat yg jauh dari kota, jadi agak susah, berjam2 gak akan dapat, tapi soal pelayanan bagus, harga terjangkau juga, kenapa di tempat aku sdh jarang gojek, padahal diskon nya gede2 loh",5
tolong perbaiki lagi aplikasinya dan permudah,1
nice,5
"kasiham drivernya untuk gocar dengan tampilan baru map sering tidak akurat. Navigasi yg saya alami sering hilang arahannya apalagi ditempat tujuan yang belum saya kunjungi, driver coba sentuh map nya lgsung loncat sana sini dan hilang fokus hampir nyerempet kendaraan lain. Membahayakan bgt kalau belum siap jgn realise dulu! kasihan driver nya!",1
berkah semua segalanya selamanya,5
ok,5
makasihh buat gojek yang kali mau kemana mana nad gapunya kendaraan tinggal mesen harganya rata rata kokk ga terlalu mahal asal ga tiap hari pake nya,5
"nyaman banget asli, tetep jadi yg terbaik yaa gojek 😁🙏",5
aplikasi ini sangat membantu luar bias a,5
3X ini order makanan hampir 1 jam ngga dapet driver mana ngga bisa di batalin....,1
lama penjemputan,2
"buruk sekali pelayanan nya susah dapet driver, mau di batalin ga bisa lama banget nunggu driver bintang 0 kalo bisa saya kasi pelayanan nya",1
nyaman,5
bestttt,5
sangat membantu saya,5
sekarang lebih seneng pesen gofood digojek soalnya banyak diskon nya..,5
bnyk event palsu,1
keren,5
aman,5
nice,5
Gojek melanggar aturan lalu lintas. Pengemudi tidak mematuhi rambu/aturan jalan sehingga membahayakan pengguna jalan lain. Kejadian ini menunjukkan kurangnya kedisiplinan dan pengawasan terhadap keselamatan berkendara.,1
"akun tidak bisa lagi terlihat seperti dulu kala...dan pas waktu melihat driver atau akun pribadi selalu berada di JKT,padahal saya tidak di JKT 🤦🤦🤦🤔🤔🤔🤔",1
banyakin diskon nya ya?:),5
"suka pke gojek ,aman ,nyaman ,cepet ,",5
hapus sistem slot (aceng),1
HAPUS LAYANAN GO-RIDE HEMAT WOY,1
sangat mengesankan sekali.,5
recomended,5
"aplikasinya mulai jelek, masa pesan GO-MART lama bangett, trus gabisa edit lokasi klo misal salah titik",1
kenyamanan dalam berkendara oke,5
hutang saya gak seberapa paling 300k. tapi cara nagih nya kasar banget kayak aku punya hutang milyaran rupiah. kacau bos,1
baguss,5
"Bagus banget buat mesen driver, makanan, tapi iklannya bikin risih lama-lama, gak dipencet langsung ke apk Gojeknya. Tolong perbaikin",5
driver ny srng cancel orderan.,1
enjoy,5
"memudahkan masyarakat beraktivitas, sampai saya ingin menjadi driver gojek",5
"aplikasi yg sangat membantu umat manusia, khususnya Indonesia. pantas mendapatkan achievement dari pemerintah indonesia & global",5
Alhamdulillah,5
"aplikasi yang sangat membantu dimanapun berada,tambahin fitur yang mempermudah dapat pesankan driver untuk orang lain dong,ortu sudah tua gk bisa pakai aplikasi gojek,jd bisa pesankan dr jauh wlpn ditempat rame bravo gojek",5
"sy top up gopay, sudah 3 hari berlalu smpe sekarang belum masuk",1
ok,4
"buat booking driver car susah, sekalinya dapet lama bener bisa nunggu 1/2 jam,gila sih lama lelet.",1
Sangat membantu disetiap momen 🙏,5
kenapa goput selama itu,5
good,5
Pelayanannya bagus meski sedang hujan.,5
nice,5
sangat membantu sekali,5
lawak driver ganti tiba2. lucu lu hapus aja,1
mantap drever ramah,5
trimakasih,5
tolong kalo gak ada driver tuh pesanan gak usah masuk langsung dibatalkan dari pihak gojeknya kan bisa? jadi gak bikin konsumen nunggu lama sampai berjam jam karena tidak ada driver apalagi gak bisa batalin pesanan.,1
Saya sangat senang menggunakan aplikasi ini. Sangat membantu dan banyak promonya,5
"Jaya Selalu Di Darat,Laut & Udara Gojek..Mantab",5
uang aku masuk ke gojek atas nama tersebut tidak di kembalikan,1
"kecewa sama driver ny. niat ny pas hujan pengen gofood. pas pesen kaga ada yang mau ambil pesenan ny, ditungguin sampe hujan redah baru di ambil, udh g mood makan, ini driver ny pada g sedia mantel apa?",1
ok👍👍👍,5
cepat pelayanannya dan drivernya ramah- ramah.,5
saya merasa bahwa fitur langganan gojek plus sudah bagus akan tetapi menurut saya gojek plus harus sedikit memiliki opsi untuk memberikan pemberitahuan kepada penggunaan bahwa fitur langganan telah habis dengan opsi berhenti langganan setelah ini dan lanjut langganan setelah ini. ini sekedar saran karena bagi pengguna yang sering lupa dalam fakta bahwa mereka langganan akan tetapi belakangan tidak menggunakannya dan tiba² mereka yang merasa punya gopay lebih tiba² gopay mereka sdh habis.,2
keren mks,5
"duh berat amat app simpel gini doang 500mb (udah clear cache + clear data, murni size appnya 494mb setelah login meski di versi terbaru)",3
sangat membantu,5
makananya enak,5
mantap,5
good,4
sep dah 👍🏼,4
mantap,5
gas kh,5
mantap!,5
"iklan nya dimana mana, semua aplikasi dan maksa bgt harus d download, sampah bgt.",1
supirnya enak semoga selalu dapat yg menyenangkan,5
Mntap,5
waktu pengiriman tepat waktu,5
sangat berguna untuk bepergian,5
"senang pesan makanan di GOJEK, driver ramah dan kooperatif apalagi kalo dapat promo yg gede",5
mantap,5
"sangat membantu aku yg tidak bisa mengendarai motor,, Terima kasih GO-JEK GO-PAY jg",5
"saya tidak mengurangi Bintang,tapi tolong drivernya di seleksi banyak driver khususnya mobil gak ada attitude,kalo ga mau ambil orderan driver harusnya bilang, bukan diam aja kalo di chat tetapi posisi tidak bergerak dan ada juga makin lama makin jauh",5
harga terjangkau,5
sejauh ini sikap driver gocarnya baik2 dan ramah. terimakasih gojek.,5
bagus,5
titik lokasinya suka pilih otomatis jadi jauh dr titik asli kita,1
sangat membantu,5
terbaik,5
ok,5
mantap,5
"kendala login harus verifikasi wajah, kok error terus sampe di tengah lapangan panas terik, masih gagal juga hadeh, ribet amat, padahal dulu gak ribet kek gini loginnya, pas beda hape udah di ribetin verifikasi wajah, hadeh...",1
murah daripada tetangga nya 🙂,5
good application,5
banyak² in promo mksih,5
bagus layanan drivernya,5
luar biasa,5
baik,5
sangat membantu,5
ok mantap,4
sellu ok plyananny,5
good job,5
lumayan membantu,3
membantu banget,5
Driver nya baik hati,5
semoga sukses slalu,5
"ini saya sering order gofood jam/2 dini hari. biasanya dapet. kdang juga enggak. kalau emang gk ada driver batalin aja sih apa susahnya. kenapa kita disuruh nunggu sampek jam 3,35 dini hari. keburu lapar dan ngantuk . sulit bgt sih nih aplikasi . gk usah maksain kalau dititik itu emang nggk ada driver. gk usah maksain kita nunggu sampek hampir sejam. dan hasilnya pun ttp nihil. tolong Min admin . kalau dalam 5 menit gk bsa dapet driver, tolong berikan keleluasaan kita untuk batalin order.",1
kenapa ngk bisa di buka apk nya,4
toppp,5
"map nya benerin dong,masa jauh bgt ngelenceng nya",1
Good,5
"Ini kenapa dah pesanan gofood saya sering cancel dari sistem? TANPA NOTIFIKASI PEMBATALAN! Kasian loh driver dan resto, ada driver yang udah sempet dateng ke resto, resto juga pasti udah menyiapkan makanan kita. Saya laperrrr, ekspektasi saya jadi buyar wkwk ga nafsu lagi order ulang 🙄😒",2
sangat membantu dan bikin mudah,5
This application is full of drivers who want to blackmail you... so I'm afraid to order.,1
good app,5
sangat membantu,5
pelayanan gomart sangat tidak memuaskan,1
"ngga bagus, ngga bisa batal",1
suka bgt deh pake gojek,5
good,5
"2 hari kebelang saya,lagi sakit bener bener butuh gojek,tetapi lamaaaaaa bangeut dapetnya, padahal banyak gojek yang berkeliaran,gua sampe pusing bangeut,mohon apk nya di perbaiki lagi",1
"perjalanan pake gojek lebih cepat,respon drivernya cepat baru pesen udah datang,sipp pokoknya pake aplikasi gojek👍",5
Top,5
baik sekali,5
wess pokoke aplikasinya gojeck tiada tanding tiada banding,5
mantap,5
susah banget nentuin titiknya padahal gojekan aplikasi sudah lama tp kalah sama grab yg gampang banget nentuin alamat belum ganti tujuan bayarnya mahal banget ada tambahan lain lainua,2
Excellent Mashaallah lebih ke Gojek g pernah ke lain hati hihihi,5
mantap,5
mantap,5
dengan GOJEK semua jadi mudah,5
"banyakin lagi diskonnya,biar rambah asik belanjanya 👍🏻",5
ok,5
pelayanan baik,5
T O P,5
mantap,5
Terimakasih,5
top,5
diskon nya gedein lagi min hehe,5
"sangat membantu di saat ingin cepat nyampai,tapi kalau bisa ongkosnya agak merakyat bagi yang menenggah ke bawah.terima kasih",5
sangat memebantu,5
"suka pilih"" harga, LAMAA TRS KALO URGENT GA PERNAH BISA DI ANDALIN",1
ok,5
"pesan gofood, udah nunggu lama, drivernya juga udah di restoran tapi sama aplikasi kocak ini tiba2 dibatalin, dan itu bukan cuman sekali kejadian, uninstall dah, nyusahin",1
"susah banget nyarii driver , suka banget ada ganguan apalah ini lah itu lahh dikit dikit ganguan dikit dikit ganguan , orang lagi buru buru malah ganguan , susahhh bangett nih apk seriusss bermasalah muluuuu tiap hari pemeliharaan apaan pagi pemeliharaan malam jugaaa rusak apa gimana",1
"apk lemot, cari driver lama, estimasi nggak sesuai di apk",3
menarik dan bagus sistemnya dengan promo ny,5
mantp,5
jam 07.41 senin 16 February 2026 saya pesan Gojek di aplikasi saya tapi muncul atas nama anak saya Fajriany azzahra tujuan istri saya mau ke pangkalan jati II no 43 dari stasiun klender dan saldo saya sudah terpotong setelah gojek bawa istri saya aplikasi mendadak error tapi istri saya berhasil di antar ke tujuan dan selang beberapa jam order saya di batalkan dan terjadi refund saldo di kembalikan saya bingung gmn saya mau bayar ke driver gojek yg sudah nganter Istri saya krn tdk ada no Drivenya,5
good,5
keren,5
lama cari drivernya,1
cepat dan gampang,5
oke,5
gak pernah kecewa dr dulu..👍,5
"layanan buruk,sudah berapa kali pesan gocar kondisi lagi hujan ga ada yang terima padahal banyak yang didalam peta tapi ga ada satupun yang terima",2
well,5
"Selalu terkendala di GPS, minta aktifkan. Padahal sudah aktif. Hp xiaomi mi 8 se",5
"sangat membantu, drivernya juga baik"" semua",5
"sudah lama GK ada armada pembukaan loss menunggu dengan semggat gak taunya GK ada tindakan. dari apk yg loss pembukaan gampang, yg bakal menguasai pasaran. sering pake tapi GK bisa ikut serta di mitranya",1
"kalau hujan, susah banget dapet driver nya, driver sering cancel orderan",3
penampilan sangat bagus dan banyak promo nya,5
urusan JD lebih cepat make gojek,5
selalu sesuai,5
menyenangkat,4
banyakin promo nya min😹,5
cepat tepat,5
haha lucuu udah sampe yg ke 3x di blokir payleter sama gopay pinjam .. pas di bayar langsung gak bisa di pake lagi .. bertaun taun pake gojekk .. muak juga gak bisa liat konsumen lama atau konsumen baru .. hati hati di gojek gak ada yg nama nya konsumen prioritas walau pun riwayat kita di aplikasi dia 100℅ bagussss,1
makasih gojek selalu ada di saat aku membutuhkan 🥰,5
Mantap cuy cuman diskon saya ga pernah dapet :),5
"nyari go send dapat drivernya lama, kecewa",1
sangat terbantu sekali,5
"makin banyak diskon,kebantu bgt kalo lagi ada acara",5
driver nya ramah.. yang pasti aplikasinya sangat membantu.👍👍👍 trimakasih.,5
👍,5
"aaihhh,, Proses penyelesaian kendala teknisnya lemot..",1
jaringan apk y lemot tolong di perbaiki sering terjadi eror.,5
secara keseluruhan aplikasinya bagus tampilan memudahkan drivernya berpengalaman,5
Terima kasih gojek karena gampang login hanya make verifikasi wajah itu sangat menyelamatkan ku,5
okeee,5
aplikasi sangat penting bagi transfortasi kita semuanya,5
"saya sbgai customer kecewa di saya ongkos 24ribu tetapi saya tnya ke driver dapatnya cuma 14ribu dari kramat 7 ke Thamrin City terlalu gede ambil potongannya, driver modal motor, bensin, hp n kuato blm lagi beli spart part yg skrg sdh pada naik semua itu driver yg tanggung bukan aplikator,layanan hemat dpt drivernya jauh jauh",5
pelayanan cepat dan aman,5
good,5
mantab,5
mau daftar aja susah gak jelas,1
goboxnya andalan,5
bagus,5
saya sangat suka aplikasi ini,5
bagua sopan cepat aman,5
"Kukira dengan Prioritas Beneran bisa jemput lebih cepat, ternyata enggak juga😮‍💨",1
makin kesini gojek makin payah. tiap belanja online kiriman pake gojek instan pasi sampe 2 hari baru dapet driver. pas tanya sama drivernya juga katnya sekarang kalo kelamaan gak pick up orderan cancel sendiri. mana drivernya bawa 3 orderan sy pake instan knpa jadi nya multi jadi makan lama.GOJEK PAYAH.,1
bagus,5
sangat buruk sekali,1
Setiap hari dapat telpon spam nawarin gopaypinjam. Tolong ini sangat menggangu,1
bagus banget salalu ada promo tapi promo nya buat orang kaya aja😢,5
lebih murah,5
"ko di aplikasi ini banyak banget manusia manusia kere dan miskin yah,mau makan gratis dan gak mau bayar tapi menyelakan driver, yang jelas gak mungkin driver gak mengatar makan yang kalina pesan paling hebat orang miskin beli di bawah 100k sedangkan diatas 100k pihak gojek pasti mengkonfirmasi kebenaran ,dan ada akun atas nama dolar jalan bandung no 1 Menteng bayar kurang tapi laporan monta uang lebih ini salah satu manusia miskin",1
ongkir mahal daripada barang upil,1
id ktp saya dipake orang. mohon bantuannya min.,1
"udah pake ojek dari jaman 2017, baru sekarang nih ngerasa kecewa banget sama pelayanan ojek, 2x orderan dicancel driver, orderan selanjutnya malah dapet jemputan yang jauh, buang buang waktu banget.",1
mantul,5
Mantap,5
mantap drivernya.sat set.amanah,5
sangat menolong saat dibutuhkan,5
mantap,5
ok,5
"TUHAN YESUS Memberkati, Amin. 🙏🙂",5
aplikasi gojek tidak terhenti terus padahal penyimpanan masih kosong,5
sedikit kecewa ...saya pesen goshop bayar gopay...tapi lupa malah tambah bayar cash...gojek pun gak amanah..langsung kabur...mana ranting gak bisa saya rubah untuk kasih ranting 1....mohon bantuanya ... untuk driver atas nama ELI WAHHYUDI SETIAWAN.DENGAN PLAT NO DK 5590FBH...di nonaktifkan ...sebelum uang saya kembali,1
sangat membantu aekali,5
mantap,5
relax,5
aplikasinya sangat membantu dan mudah dipakai,5
cepat sampai,5
kemudahan dlm setiap perjalanan,4
Mayan,5
FINDAYA 👎,1
saya suka naik gojek karena mudah pesen nya dan cepat sampai nya,5
"sorry newbie, belum bisa komentar apa apa",5
"payah bgt masa saya di cancel 5 kali perkara hujan gede dan mentang2 jarak yg sy pesen deket, gmn sih!!",2
"driver yang tak jujur, dan pelayanan gojek sangat lambat",1
bisa membantu saat butuh kendaraan,5
mantap,5
mantap,5
keren hatur nuhun,5
very recommended,5
"buat apa ada program hemat kalau ga ada driver yang ambil/pick up. hapus saja, ga berguna, wasting time",1
aplikasi ok. tapi promo harus sering,5
kurang memuaskan,2
masih sering eror ketika hujan,3
😍😍😍,5
sebenarnya aplikasinya sudah bagus cuma sering kali ada bug yang bikin kurang nyaman antara penumpang dan driver tolong diperbaiki lagi ya selebihnya bagus dan aman,4
perjalanan aman dan menyenangkan sangat terbantu tapi kalau bisa yang layanan hemat ditingkatkan lagi karna terkadang sangat membutuhkan itu,5
"pesan gojek prioritas sampai gocar prioritas tetap tidak bisa, silahkan tunggu beberapa menit lagi pas dicoba tetap ga bisa padahal urgent. jadi fungsi gojek biasa/prioritas ga ada guna'nya.",1
"suka error, barusan kejadian gabisa di cancel drivernya akhirnya sampe dateng ke rumah akhirnya kita bayar, di tingkatin lagi lah aplikasinya",3
cepat respon,5
gojek nya lumayan bisa cepat sampai,5
"gak respect maaf, kenapa pas emergency malah susah nyarinya padahal di area kota besar loh, alhasil naik ojek offline.",1
"ini knp ya gojek di gopay pinjam nya gak lgsg cair. pdhl langkah nya tinggal pencairan. di keterangan 2X24 jam , ini udh 3 hari blm cair juga. padahal pengajuan hari Jumat !!",3
"maaf ya saya kasih bintang 4 selain mahal, lama",4
APLIKASI GA BISA DI PESAN. INFO RAME dan lagi padet,1
"hari ini tgl 16 februari aplikasi error dari pihak driver / customer, saya tidak bisa cancel begitupun driver tidak bisa pickup/cancel. lapor admin ig juga ga ada tanggapan gajelas",1
"gajelas segala ada fitur gabisa nerima transaksi dulu karna lagi rame rame nya, orang lagi buru buru di persulit gini, udah coba relog lagi tetep aja sama gabisa order 😒👎",1
"1setengah jam nunggu gaada driver nyantol😭 ,sampek telat kerja",4
server padat tidak bisa order,1
"biasa pake gojek aman"" aja eh pagi ini mau berangkat malah ada pemberitahuan apl sibuk ga bisa nerima transaksi,emng serame apa sii sampe ga bisa nerima customer aneh padahal driver banyak hadehh jadi telat berangkat kerja gara"" gojek",1
bagus,5
ko KL mau isi pulsa di gojek nape skr ga bisa sih tumben2 ga bisa,5
Bagus dan bermanfaat,5
semoga semakin maju,5
oke sih kalau mau d butuhkan dlm keadaan darurat jangan lh bermasalah gojek ny terimakasih,5
kesiangan se kesiangannyaaa pesen 7.30 dateng 7.45 pas mau pergi gabisa gara2 driver ga bisa geser pesanan apk mendadak eror keseeeek absen gw woy jd masalah,1
"Jujur kecewa padahal udah lama pake, aplikasi server down 30 menit, tiket kereta jadi hangus ga jadi pulang, gara gara server down. Minimal kalau tau pengguna naik di up servernya",1
ini kalo hujan drivernya emang gamau ngambil orderan apa gimana? PADAHAL ADA BENDA YG DINAMAKAN JAS HUJAN EMANG MEREKA PADA GAPUNYA APA!!?,1
blm bgtu tau,4
aplikasi tolol. eror disaat butuh.....,1
ini apaan sih APLIKASI.. masa eror koneksi bagus tpi nyari driver susah bgt. ga dapet2,1
mantap terpercaya,5
so far tidak pernah bermasalah,5
sangat membantu,5
the best,5
"susah buat dapet driver, dan selalu dikasih driver yang jauh bangett.. kalau pagi banyak driver yang ambil orderan tapi mereka ga mau jalan dan berakhir telat karena nunggu dapet driver yang bener"" mau kerja.",1
"entah kenapa tiap topup dari e wallet lain pasti nominalnya berkurang dikit, contoh topup 65.500 (plus biaya admin +999) ehh yang muncul malah cuman 64.500 yah mungkin nilai ini kecil tapi klo nilai sekecil ini dibiarin kredibilitas ni aplikasi perlu dipertanyakan",1
APLILKASI YANG PALING BERMANFA'AT dlm Hidup sy☺😎😊,5
"Ini gimana sih, tiap driver nelpon cuma masuk geter-geter doang ga ada tampilan telponnya. Drivernya banyak yang jadinya marah-marah ama kita karena ga ngangkat telpon mereka, padahal emang ga bisa, ga ada tampilan telpon yang masuk. Jelek banget deh, kalau belum siap rilis fiturnya jangan di rilis dulu. Ganggu banget.",1
semoga suk6,5
mantap,5
keren,5
"selama Saya yg pesan baik² sih, swmoga selalu hihihi",5
Ribet amat mau login regist,1
good job,5
"aplikasi mkin lama mkin gjls,buka gofood aja lemot bgt idih !! padahal jaringan bagus",1
maaf jek. skrg pindah ke maxim ato indriver dlu. penjemputan skrg dapat driver jauh mulu.,1
"apaan waktu gk berjalan minimal ada detail kelambatan kek atau gimana, udah 3 kali ini ngalamin, maaf bukan bermaksud menyalahkan driver cuman apknya seharusnya ada lah kayak update kendala apa gituuuu, gua pesan jam berapa baru dapet driver juga jam berapa, aneh juga sih gitu loh....., kalo sekiranya gk ada driver yaaa maximal yaaaa kasih 15 menit aja lah buat cancel pesanan, kasigan drivernya kalau ke acc tapi waktunya mepet",1
jadi mitra goride gimana ya,5
mantap,5
mantap,5
bagus tpi jarang make grgr ongkir mahal plus lebih enak di gofood in my bapa muach,4
Baik,5
"saat hujan gk ad yg dapat GOCARNYA, percuma dong padahal udah pesan harga yg mahal",1
bagus banget,5
harga murah standart terjangkau,5
"Aplikasi gojek ini lama-lama bikin gak nyaman,udah mah gak pernah dapet voucher diskon buat pesen makanan,udah gitu aplikasi nya loading terus sampe mau pesen aja gak bisa,padahal jaringan saya bagus malah di bilang 'Yah internet nya mati' TOLONG DI PERBAIKI LAGI DEMI KENYAMANAN CUSTOMER !!!!",1
"nyaman, cepat waktu penjemputan, tanggung jawab",5
"di kasih bintang 5 trus, makin lama nyantol nya, di kasih 1 marah"" mau nya apa si",1
lebih profesional lagi dalam pelayanan,4
baru pertama kali ini mengunakan aplikasi ini sangat memuaskan,5
"go ,gunakan gojek",5
mantab paman,5
good,5
sangat membantu sekali,5
menyenangkan,5
bgus,5
"sebenernya apk ini udh lumayan oke, tapi tolonglah di bagian alamatnya disesuai-in, masa titik alamat udh bener tp nama alamatnya salah, kan bikin bingung. jadinya ribet buat customer sm kurir/ojek (udh sering salah paham krn alamatnya ga sesuai), titik alamat yg udh tersimpan jg tiba-tiba berubah sendiri pdhl gak diedit, udh gitu tolong dibagian kolom buat ngisi nama alamatnya dibikin supaya bisa ngetik lebih banyak kata biar bisa ngetik alamat lengkap yg betul, kaya di aplikasi sebelah.",3
"aku mau cerita pengalaman aku selama pakai aplikasi kamu, aku pakai gojek pasti kena driver yang kurang ajar (driver mobil) mereka ga mau CANCEL ORDERAN JADI SENGAJA DIEM DI SATU TITIK LAMAAAA, maksa kita sebagai pengguna buat cancel, AKU SAMPAI KENA SUSPEN TAHU AKUN NYA, berkali-kali di giniin driver gojek, kalo aku keras Kepala bakalan aku tungguin ampe dia nyerah, tapi kan aku buru-buru mau kesuatu tempat, ada lagi yang kurang ajar kalo kita make hemat, tolong kasih solusi :(",1
ribet mau pesen ojek bukan mau pinjem duit pake peripikasi wajah mana gagal Mulu gatau knapah,1
orang nya ramah,5
good application,5
kecewa sama para driver kalau hujan gak mau ambil orderan. 2kali di cancel padahal saya pakai yg tercepat. dan saya pesan juga gak cuma2 pasti saya kasih fee. kecewa,3
terlalu lambat...udah 2jam pesan makanan belum juga datang.......,1
"barusan beli gojek plus, tapi malah gak dapat driver, NUNGGU 2 JAM, SAMPE 2 KALI ORDER GAK DAPAT DRIVER, gajelas bgt fitur driver pilih2 orderan, padahal mau makan udah pake gopay jg, aneh bgt",1
Saya mau daftar jadi Driver gojek tapi nggak tau caranya. saya berdomisili di Pekan baru,5
susah driver,1
aplikasi gak jelas kuota internet ada sinyal bagus tapi malah gak bisa masuk ke beranda,1
bertahun tahun menggunakan gojek tapi dikecewakan dengan gofood hampir satu jam ga dpt driver padahal bayar mahal dan pilih prioritas/ekspres bukan ongkir reguler. KECEWA..,1
"tolong la, kalau cari driver itu yanh dekat, ini dirver nya juga ga jelas muter2",1
"baru pertama kali gua diginiin padahal pakai aplikasi ini sudah beberapa tahun. gua pesen gocar di spbu shell dket mall alam sutera di cancel 7x, trus pesen gojek ga ada yg pick up sama sekali. cukup kecewa sih dengan layanannya ini",1
tolong jangan adain cancel buat driver..bikin susah pelanggan.masa di lokasi terdekat ada 5 driver ga ada yg nyahut..juga ongkos hemat hapus aja.males denger driver ngeluh.trims,2
"lama banget nyari pengemudi nya, ga dapet dapet padahal saya di wilayah bandung yang ramai banget penduduknya, 👎🏻",1
"skrg susah bgt dpt driver .. pdhal dititik apk bnyk driver dn yg kedua hr ini pesen gofood ga dpt driver dicancel juga ga bs .. disrh nggu sejam baru bs di cancel , kepusat bantuan juga sama aja ga mmbantu sm skli .. sdgkn mau chat restonya juga ga bisa .. mmg agak lain skrg gojek nie .. malas bgt pke apk ini lagi",1
Masih masalah yang sama: gofoodnya susah di saat malam hari terutama setelah hujan. Terlalu sibuk? Kurang banyak gojeknya. Tambahkan personal atau entah gimana caranya biar gak php pelanggan. Masa cuma bisa nyari makan pagi-sore aja? Apalagi bentar lagi ramadhan. Hoki-hokian banget.,2
gofood nya lama suka delay,1
"harga sering berubah tiba-tiba, awalnya murah, setelah 5 menit kemudian harga narik 5-10rb. dan juga claim 15rb gratis voucher karena telat datangnya nggak bisa. aplikasi sering scam kayak pemerintah",1
"sering di cancel sama driver gocar, kadang udah Nerima orderan tapi gak sampai² tujuan sampai nunggu nya lama, pas ditanya malah dicancel, minimal sih ada kepastian ya tolong dong gojek dibenerin lgi, udh berkali² dicancel trs",2
MASIH BANYAK DRIVER YANG TIDAK ADA DD NYA DI BELAKANG,1
masih banyak driver yang tidak ada DD nya di belakang.,1
ad apa ni gojek kok lemot bgt cari driver,2
GO-JEK naik,5
menunggu driver sangat lama saya sudah menunggu selama 2 jam lebih dan tidak ada yang datang,1
"naik gojek motor aman dan nyaman driver ramah,sehat2 y pak driver",5
ok,5
"gofood kenapa bermasalah banget.. klo emang susah nyari driver, setelah 10 menit tolong kasih opsi cancel pesanan, masa customer disuruh nunggu SEJAM untuk dapat driver, klo ga dapat baru bisa di cancel. SEJAM NGAPAIN? udah kejadian dua kali, benci banget. tolong evaluasinya mengingat gofood dipakai banyak orang",3
sangat puaasss,5
mantapp👍👍,5
membantu,5
walau hujan tetap tanggung jawab utk mengantarnya,5
sangat mudah d gunakan ketika mager kemana2,4
aman,4
"Lagi Hujan payah nya mencari driver, sampe sejam nunggu. bahkan udah dpt driver malah minta cancel!",1
ok banget,5
Bagus,5
saya sangat berhargai dengan aplikasi gojek ini bisa mau punya tujuan lainnya apa yang saya mau lakukan baik dengan benar saya akan memberi nilai 5 ini untuk aplikasi gojek satu ini demikian saya sering pakai gunakan aplikasi ini bisa bebas ongkir dan ada promo murah ini saya sangat senang karena baru kali ini saya tidak menyesal dengan gunakan aplikasi gojek ini tidak akan pernah terjadi lagi jadi saya menghormati kepada aplikasi ini saya akan mengatakan sekian terima kasih untuk aplikasi ini.,5
mantaaab,5
sangat memuaskan,5
ok,4
"driver nya baik,ramah 👍👍⭐⭐⭐⭐⭐",5
coba dlu appsnya nnti bintangnya ak tmbhin,5
tepat waktu dalam penjemputan penumpang,5
mantap,5
boleh juga,4
cepat aman & amanah,5
bagus,4
"sejak kapan saya berlangganan gojek plus, transaksi otomatis tanpa sepengetahuan pengguna saldo langsung berkurang minimal ada persetujuan dulu atau konfirmasi transaksi",1
saya tidak sengaja memesan tapi tidak bisa dibatalkan padahal tidak butuh,1
puas,5
program hemat sungguh menyengsarakan driver mauoun customer,1
"Aplikasi sering menutup sendiri, Payah !!! sebagai driver bukan di kasih kesejahteraan malah di kasih aplikasi error terus, Saya akan perbaiki jika sudah di perbaiki. saya gojek driver jakarta, tapi orderannya selalu ke bekasi, bekasi yang sering banjir pula saya di arahkan orderannya.",3
mantap,5
"tiba² dapet spam chat suruh bayar utang padahal gaada minjem, i mean ini apk gojek loh? ini data sy bocor apa gimana ya? jujur spam chat nya ganggu.",3
tepat waktu,5
setiap mesan gofood gadapat ojek,1
"aneh, akhir"" ini setiap top up selalu berkurang seribu. gw barusan top up 100k tapi yang masuk malah 99k",2
bagus sekali,5
"csnya cepat menanggapi dan nyelesain masalah, tysm gojek",5
bagus,5
bagus,5
kenapa skrang susah dapa driver sih baik buat gofood atau buat pergi,3
sangat bagus,5
nice,5
baik,5
"makin kesini makan buruk ini aplikasi udah ketinggalan jauh sama kompetitor nya! alamat tujuan udah sedetail mungkin aja masih ga kebaca sama ini aplikasi, mending pake aplikasi gojek sebelah jauh kemana mana soal kualitas",1
mantap,5
"customer ad rating dri driver, stop gunain fitur itu saya jg ada bca kmen org di apk sebelah ad driver jg sngja ksih rating rendah krn driver sring dikasih tip dari customer jadi biar driver itu lagi aj yg ambil. enk jg kalo drivernya jujur ini kbnykan yang bohong, ini juga tiba tiba saya dicancel sama driver, mau driver sekarang apa, tolong di perbaikin lagi deh. sama pas hujan jg giliran pke hemat ga ada yg ambil, giliran tnp hemat eh cpt banget di ambil, dan driver jg ga ad bwa jas ujan 1 lg.",1
ssmakin terdepan,4
jelek. tolong dong diedukasi kembali drivernya. klo emang gamau ambil penumpang yg hemat jangan diambil. merugikan penumpang klo gini. klo emang begitu caranya mending gausah ada hemat. orang pilih hemat buat yg jarak dekat salah kah?,1
mantap,5
asik,5
"apk gag jelasss sih !!! pesen gofud udh nunggu hampir sejam , tiba2 dibatalkan dari apk katanya pesanan terlalu ramai , udh langsung balik ke tampilan awal , pas udh diulang pesanannya tiba2 dpt tlp dari driver nanyain rumah pesenan udh dtg , giliran pesanan yg baru mau dicancle gag bisa udh menghubungi pusat bantuan ...",1
aman terpercaya,5
tepat waktu dan mudah pesanya,5
ada susahnya ada bagusnya,5
"kalau pesan go car prioritas selalu datangnya lama, lbh dr 10 menit, pdhl sudah pesan prioritas, dan selalu tercantum di mapsnya kurnag dr 5 menit, namun kemudian mobil tidak datang2, dan maps berubah jd diatas 10 menit. Pengemudi susah di tlf. Lalu apa bedanya layanan prioritas dengan yg biasa? komplen ke cust service pun susah",1
mantap pokoknya,5
keren,5
Pesen instan malah dikirimnya sameday ditumpuk ama pesenan laen.. kocak nih aplikasi. pesen instan biar cepet !! jangan sameday pake gimmick instan !!!,1
"Sekarang gojek mahal. Apalagi gofood, ongkir mahal padahal jarak kurang dari 1 km. Biaya ongkir+penanganan lebih mahal dari harga makanannya. Harga makanannya pun lebih mahal daripada grab dan shopee, padahal di resto yg sama. Diskonnya jg minim, jarang, dan cuma berlaku utk pembayaran pakai kartu kredit tertentu aja. Potongan komisi ke driver dan resto kelewat besar. Kasihan driver dan UMKM nya. Aplikasi karys anak bangsa yg ngisep darah dan keringat mitra sesama anak bangsanya.",3
"awalnya dapat yg murah tapi drivernya pada belagu dan nolak saya sampai saya nunggu lama sekali, intinya kalau mau cepat diantar harus pilih harga mahal, jadi kalau mau hemat jangan pakai gojek",1
gada perlindungan dan jaminan untuk customer,1
aplikasi tolol pekerja nya pada males di order ga ada yang mau ambil sekali nya ada di cancel so kaya cuih,1
mantap,5
baik,5
oke banget,5
"semua ok,semua jadi mudah",5
"2026 sekarang sudah lebih baik, jadi ku update lagi.",4
sangat membantu,5
aplikasi lemot,1
aku suka bgt mana sring bgt dpt diskon di gofood. gw yg sbgai anak kost trbntu bgt🥰🙏,5
oke aja dah,5
masukin kode otp di nomer baru aja gk bisa.. sehat,1
sangat membantu.. terima kasih,5
mantep...,5
"untuk pihak manajement gojek dan terkait, tolong drivernya di suruh mandi dulu baru ngojek, karena tiap pesan gojek rata2 saya gak kuat nahan bau badan drivernya, bau apek sekali.. mana suka merokok lagi saat dalam perjalanan.. jadi asap rokoknyo itu sangat menggangu bagi kita penumpang",5
bagus,5
Ok,5
nice,5
"Min kalo bisa ngak usah ada paket hemat la, driver bike lu kayak ngak ikhlas nganter nya ngeluh mulu, nyampe berasa dihina gua",2
bagus membantu,5
"ini aneh gopay pinjam, ga masuk akal, sudah terlunasi tapi ancaman tetap berlanjut, parah !",1
"memudahkan yg mlz keluar BS d gojek gofood ajh layanan cepat, pengiriman jg cepat🙏",5
"driver banyak pake fake GPS(tuyul) kendaraan tidak sesuai aplikasi, dekat rumah banyak driver tapi malah yg jauh dapatnya, parah bgt nih aplikasi. kecewa download aplikasi ini,,,",1
"mantap ini apk, misalnya lagi mager tapi ada duit jadi gausah gerak",5
sangat berguna,5
kenapa tiba tiba ada pesenan ga food?? aaneh banget,1
lancar,5
anakku top up robux seharga 90 ribu pake gopay jadi 99.900 giiilaaaakkkk....,1
good service,5
bagus,5
gak bisa pakai shoope pay atau dana atau ovo,1
memudahkan beli makan disaat terkendala transportasi,5
bnyk diskon,5
lemot 👎,1
sangat baik dan nyaman,5
"terimakasih banyak gojek yang senantiasa menemani saya dari kuliah, hingga bekerja. Membantu saya pergi kemana mana bahkan sebelum saya punya kendaraan sendiri, membantu saya cari makan di saat sy lelah utk keluar, sahur, dan membelikan obat saat sy tidak kuat berjalan, serta membelikan buah tangan utk dikirimkan kpd kerabat. semoga gojek semakin sejahtera dari pimpinan s/d pelaksana lapangan, aamiin",5
ok ok ajassih sejauh ini GK ada masalh,5
"kenapa saya tidak bisa melakukan metode pembayaran gopaylater,pas mau chekout pembelian di aplikasi Tokopedia, untuk pembelian angsuran cicilan bulanan di Tokopedia.",2
Sagat senang,5
dengan adanya gojek perjalanan saya jadi santay,5
kalo lama gak dapat gojeknya pastinya gak bisa pesan,1
"tepat cepat ramah aman, sukses gojek",5
"tadi saya sempat pesen go car, pesanannya muncul, tetapi di driver tidak. jadi saya harus menunggu lama.",1
nice,5
eror,3
gojek mantapp,5
"KOCAK.... GOCATSNYA KADANG GAK BISA DIAKSES, CUMA LOADING DOANG. MENDING NGGAK USAH BIKIN DARI PADA BANYAK BUGNYA. APLIKASI AMATIR SOK-SOK'AN BIKIN PERMAINAN.",1
aplikasi nya Lama suruh driver lagian driver nya gak ramah,1
maaf. layanan pengaduan di aplikasi tidak tersedia karna ada kendala/perbaikan. jadi saya buat di sini aja.. mitra dari gojek mengamuk dan membanting helm saat di suruh membuka helm untuk masuk ke instansi kami. namun driver tersebut marah2 dan tidak mau mengikuti peraturan yg ada di sini. maaf driver arogan seperti itu apakah bisa diberi sedikit teguran soal sopan dan santun. etika dalam bertamu tidak ada. padahal kami menyambut dengan ramah. plat motor BM 5149 ABO. PEKANBARU.,1
Aplikasi gojek utk semua layanan sie bagus..tp cb tolong utk layanan GOMART selalu sering salah item barang yg dibeli..kasian drivernya harus bolak balik tukerin item yg salah gara2 karyawan gomart/alfamart..cb klw drivernya gk mau tanggung jawab yg rugi kan customernya,1
pesan go food lama sekali prosesnya. ujung2nya dicancel sepihak. aplikasi tidak menyediakan fitur cancel,1
"Gofood menunggunya sampai 1 jam lebih, di kota kecil....",2
"eh gojek, tolong langsung di update ya!! gua lagi nyari gambar buat kirim ke driver tapi malah gambar lain yang ke kirim, tolong lah klo lagi milih gambar biar bisa di ceklis dulu atau ada confirm buat make sure gambar ga salah!!! lah ini sekali pencet langsung ke kirim, klo salah pencet lagi scrol ke kirim foto lain!!! tolong di updateeee",1
manstappp,5
"Terdapat di media sosial yang memperlihatkan kalau masih banyak para driver goride itu melanggar aturan lalu lintas, seperti melawan arah, naik ke trotoar, dan bahkan merokok saat berkendara. Aku menyarankan untuk memberi hukuman bagi pelanggar mungkin dengan membekukan akun selama 1 atau 2 hari. Melaporkan si driver mungkin dengan cara si customer atau bahkan warga setempat yang melihat bisa memberi laporan ke cs atau pihak yang menangani, tentunya dengan foto berisi no plat dan pelanggarannya.",2
"udh 2 kali nunggu driver gofod 1 jam ga dpt2, ga bisa di batalin, harus nunggu batalin sendiri",1
enak dan nyaman,5
terpercaya,5
"estimasi waktu antar gofood klo bisa di kurangin, masa iya udah pakai express jarak cuma dekat estimasi 30-40 menit. keburu pingsan karna lapar.",1
mantap gojek semangat,5
Sudah 5 kali cari driver susah. Padahal ada beberapa yang dekat,1
"aplikasi ojol yang masih bisa di pake dan stabil dengan hp yang kapasitas ram nya 2 gb ,mantap pokonya gojek 👍,,,kalo bisa ukurannya di turunin dan di bikin simple aja biar makin lancar buat pengguna hp berkapasitas kecil",5
"mau pake prioritas atau gak sama AJA!! pake prioritas tuh biar cepet malah sering bgt dapet driver LEMOT merasa rugi banget. tolong di training lagi driver nya, pesen makan dari jam 7 sampe jam 9 lebih baru dateng, makanan saya udah dingin, kira² masih ada selera makan apa ga kalo gtu? ya jelas nggak! rugi waktu, rugi duit!",2
"Nyari driver untuk pesanan makananku gak becus, makanan udah siap, tapi sudah 1 jam masih belum diambil. Katanya ada kendala dalam pencarian driver, namun gak bisa gitu dong. Memang uangku kembali, tapi waktu yang aku habiskan untuk menunggu tidak akan pernah kembali. Apalagi kompensasi hanya berupa voucher yang gak seberapa.",1
"gak suka, masa kalau driver sibuk harus nunggu sampe 1 jam nyari drivernya, terus gak bisa dibatalin akhirnya kelaparan nungguin makanan yg gak dtg dtg",2
Gak jelas makin parah lama nunggunya padahal driver banyak,1
lama banget dapet driver susah padahal di apk nya banyak yg Deket sekalinya dapet yang jauh,1
"bubarin aja, udh nunggu 1 jam tiba"" dibatalin",1
bagus,5
sangat memuaskan,5
oke,5
"aplikasi buruk, dicancel 2x, kalau ngga niat, jangan buka app",1
pelayanan nya cepat dan tidak.mengecewakan,5
saran untuk tim yang bersangkutan. dengan keluhan saya saat ini. dalam beberapa hari saya sering pakai gocar untuk ke RS. gila harganya gak ngotak tiap pesan 60rb di jarak 20km dri rumah saya ke Rumah Sakit. tolong di atur lagi. mungkin khusus untuk tujuan di rumah sakit harga di sesuaikan jam berapapun order entah pagi atau malam hari. dan drivernya juga jika kena promo sama sekali gk ada yang ambil hampir 1jam waktu ke buang karena gk ada yg menerima tarif promo dan promo itu hanya 1x.,2
jelek pelayanan,1
bgus,5
pengemudi sikapnya baik,5
"server sampah, penipu",1
"Makin kesini nyari driver makin susah, padahal dulu awal² gampang bgt",1
kecepatan oke,5
"akhir"" ini sulit buat dapet gojek tolong di perbaiki",3
"shopy food, klo dapat driver di daerah batam, 1 detik kita langsung dapat driver, aplikasi GO-JEK ongkir nya mahal dari shopy food, dapat driver susah, apa yg salah",1
"aplikasi nya banyak bug nih , jadi kalo pesan gofood kadang saya sama driver yang antar makanan gak bisa kirim foto saya nya gak ada tampilan nya padahal biasanya ada tapi sekarang selalu bug gak ada atau gak bisa telpon lebih parah nya jadinya saya kena dampak buruk nya dari driver nya tolong di benerin bug nya yah!!!",1
udah laganan tapi tarif/biyaya terlalu mahal beda Ama aplikasi sebelah mohon di turunkan tarif/biyaya agar tambah banyak pelanggan nya,1
"layanan ok siap sigap ,,, mohon laporan sayah tolong di perosesss makasih 🙏🙏🙏🙏",5
cari drivernya susah. giliran dapet malah di cancel.,1
Mana gojek pinjaman,5
"klo voucher gofood gak berlaku ditempat yg gak terdaftar ya udh, jgn dipersulit, tinggal dikasih tau aja gak ush dijadwal2lin segala",2
karna lama,4
oke,5
hati-hati buat semua yang ajukan gopay pinjam tahun 2026 kalau telat sehari bakal diteror kejam kata katanya luar biasa kejam mending jangan nanti kena mental lebih baik cari yang lainnya ataupun lebih baik jangan,1
"driver gada yg niat, gerimis dikitt pada off semua gada driver, telat kereta kan",1
"pelayanan baik, lebih ditingkatkan lagi 👍",5
"respon nya lambat, padahal udah pakek prioritas tetep gak dapet gojek",1
lama banget dapet drivernya. udah nunggu 30 menit gak dapet2,1
ok,5
mantap,5
"Cepat , aman & nyaman",5
sudah ga jelas aplikasi nya harga di aplikasi gini nanti kalau bayar kas lain harga.gopay lain harga.emang mau kalian apa mmg uang cash sama pakai gopay beda.hanya ingin memajukan aplikasi gopay kalian kami yg Kenak,1
"tolong aplikasi di perbaiki. alamat driver tdk sama dengan map kita.tlpn tdk bisa masuk, misscall tdk kedengeran.dari testimoni driver mareka banyak yng tdk mau narik krn macet. giliran narik, banyak ngeluh, kesal, krn macet. tlng kasih paham bawa kita sebagai penumpang juga susah klo macet, Ongkos naik dua kali lipat. juga capek, dan terlambat. klo bisa kebersihan helm lebih jaga. Kadang-kadang helm rusak luar dalam. hitam krn kotor dan basa.pokoknya makin buruk .",3
gojek memang memudahkan seglanya,5
"kenapa penjemputan kalau jauh,drivernya selalu ngomel.kalau tidak bisa atau tidak mau,di cancel saja",3
naik sekalip,5
sangat membantu memesan makanan dn mengirim kn paket.,5
ok,4
tak dapat driver teruss lama gua ke laparan 👎🏻,1
Drivernya baikk Double W in thee chatt fuuu🔥🔥🔥🔥,5
kalau pesen ojeg boleh ngga bayar nya kalau udah sampe ke tempat tujuan,4
membantu sekali aplikasi ini,5
"gatau berapa kali pesen makanan diaplikasi ini tapi kualitas makanan nya jorok2 banget, udah komplain tapi gaakan tindakan apapun, udah lebih dari 3 kali kejadian dan uang hilang gitu aja tanpa ada tanggung jawab, hubungin cs juga gaada gunanya, mending pake aplikasi oren kalo pesen makanan karna mereka punya standar kebersihan untuk makanan yang dijual dan berani tanggung jawab kalo makanan tidak sesuai SOP",1
sukses trs suka dngn aplikasi ini,5
waktu penjemputan tepat ramah,5
"padahal udah lama pakai aplikasi ini , tapi semakin lama cari driver nya bahkan sampe set jam ga dapet driver , ongkos juga lebih mahal , ga rekomendasi lagi untuk yg biasa pakai setiap hari",2
"susah atur alamat, kadang ga ke save, eror, trs sinyal ga ada padahal udh pake wifi 5G, loading terus",1
smg berkah dan lancar,5
Bisa di andalkan aplikasi ini utk pengiriman paket instan. Pertahankan mitra bagus yg serius kerja.,5
instan pengiriman tp pas sampe jauh banget dari istimasi pengiriman.,3
iklannya mengganggu banget,1
layanan memuaskan,5
susah komunikasi dengan driver. ini baru update malah ga bisa tracking,1
"Fitur² baru BIKIN RIBET, balikin apa kek biasa kita udh nyaman",1
"gampang cari driver ny,..perjalanan pun jadi nyaman..",5
puassss,5
lemot,1
mantabb,5
Paling suka kalau antar antar dokumen Paling ramah Drivernya cepet sampainya Thanks Gosend,5
sangat baguss,5
kebijakan untuk konsumen kurang fair,2
"Paling kesel ketika pesan makanan, sudah nunggu lama tiba-tiba driver batalin pesanan begitu saja, dan ini sering terjadi, padahal makanan untuk anak2",1
susah kali driver macam mana ni,2
internet eror terus kocak ni apk org gue mke wifi eror mulu stres lu,1
bro dev UI nya jelek banget tombol cancel di umpetin kudu betbya geser ke bawah dan kadang masih nyangkut kudu bet ya cancel 2 kali. hadehh...,1
"semoga sering dapet discon potongan harga ,pakai terus tapi gak pernah dapar diskon potongan harga kaya orang-orang .",5
sangat baik,5
puaslahh,5
makin jengkelin SM drivernya. klo tarifnya murah Krn dpt potongan dapat armadax susah minta ampun. padal y lokasi dekat dgn dgn penjemputan,3
"Best, banyak diskon.",5
aplikasi pelit,1
yg bener aja beli makanan biaya lain2nya sampe 20.000 mau ngerampok hadehhhh,1
"saya pelanggan setia gojek, fitur aplikasinya semakin bagus, tapi tidak dengan pelayanan2 dari driver2nya. tidak sebagus pertama kali saya menggunakan gojek, makin lama pelayanan tidak sangat mengenakan, terutama driver dan unit yg digunakan kenyamanan pun sdh berkurang",1
dapet driver yg jauh jauh terus,1
"bagus, org orgnya sopan smha",5
KNP DARI TADI DRIVER GOJEK PADA CNCEL PESANAN YA??? PADAHAL UDAH MAU SAMPE... KLU MASALAH TELP TDK DI ANGKAT.. KNP GA HUB SAYA...???,4
bermanfaat,5
"Saya beli token genshin di gojek, tapi token reedem yang di berikan malah tidak valid! terus saya tidak berikan alternatif apapun! di jelaskan disuruh hubungi layanan yang memberikan kode reedem, tapi tidak di kasih tahu layanan yang memberikan kode reedem apa!! dan juga tidak ada cs dari layanan nya! saya sudah rugi 500 ribu! tidak di berikan bantuan apapun, saya butuh kode yang valid, tolong ini gimana?!",1
sangat membantu,5
sangat membantu sekali,5
Driver gocar pd belagu² susah bgt nyari driver go car. Drivernya kadang² gak jeli baca noted. Di ksh noted gak dibaca. Nanti marah² nya sm costumer. driver go car nya minim attitude. kita bayar berasa kita yg numpang. sy lebih menghargai driver gojek ketimbang driver go car,1
kerennnnn,5
bagus untuk aplikasinya amanah,4
kelemahannya sekarang buka aplikasinya aja langsung dikasih iklan JuDOL. PARAH SI. Dlu ga pake iklan buka aplikasi,3
sejauh ini GK pernah kecewa pke gojek.☺️,5
mantap guys,5
sangat membantu,5
baik dan nyaman . trimakasih,5
"nunggu driver ga dteng"" alhasil telat .. sebelumnya naik gocar seenaknya orang gak masuk tol di kenai pembayaran tol 28rb driver juga seenaknya cancel"" kalo ga mau nyari duit gausah nyari duit ..merugikan",1
sukses pak,5
"supirnya ramah, mobilnya nyaman",5
mantap,5
baik dan mudah,5
nggak kayak dulu lagi udah males pakek fitur hemat gak ada yang mau ambil hapus aja fitur hematnya,1
sangat bagus untuk berpergian,5
Mantap,5
puas dengan layanannya,5
Drivernya banyak yg nolak saat orderan sudah masuk dengan cara diam dan tidak bergerak.,2
user fruendly,5
SANGAT MEMBANTU SAIAA HIHI,5
begitu dapat langsung berangkat 👍👍👍,5
mantap,5
saya mau buat laporan pengaduan kenapa server masih padat merayap terus sih?! tolong segera perbaiki.,1
sangat.memudahkan aktivitas,5
Oke,5
YANG BENER AJA AKU MASUK SEKOLAH JAM 6.30 MESEN GOJEK DARI JAM 6 GA DAPET DAPET SEKALINYA DAPET MALAH YANG JAUH!!!!! LOGIKANYA DIMANA? DISAMPING RUMAH SAYA JUGA ADA DRIVER GOJEKK SEBELLLLLL (aku pake gojek udah 2 thn lebih tapi makin kesini pelayanannya makin jelek),2
sangat bagus,5
mayoritas pelayanan driver nya memuaskan..,5
bagus dan oke,5
Bintang yg bicara 👍👍👍,5
"fitur gofood mohon di benahi, tiba tiba cancel sendiri, menurut resto alasan yg tertera di apk dibatalkan pelanggan, padahal customer tidak ada meng cancel, bahkan di pesan ulang pun tetap di cancel. apakah mau bikin pengguna pada kabur kah?",1
mantap,5
good,5
bagusss,5
good job,5
promo ga jelasss tiba2 ilanggg pdahal baru aja mau dipake . tambahkan pesanan ilang promo nyaaa apk stresss bagusan pake shope atau grabb,2
ok,5
"gojek ada masalah apa sih, saya pesan makanan sudah dari 1 jam yang lalu tapi belum dapat driver dan tidak dapat di batalkan jika waktu estimasi nya belum sampai, jadi saya harus nunggu kalian sendiri yang batalkan karena enggak bisa anterin pesanan saya,, dan saya harus menunggu minimal 1 jam..",1
tingkatkan lg agar lbh byk promo,5
sejauh ini terbalik dan ternyaman,5
Tarip nya ramah dikantong,5
sangat puas dengan pelayanannya,5
asik,5
Sangat membantu,5
tepat waktu promo terus,5
sangat membantu,5
goodjob,5
orang lain lgi maen game datang iklan ini iya kalo sebentar ini mah terus mnta do download ga bisa di stop sampai game di ulang dari awal . koplak ganggu ah.,2
sangat bantu,5
"SERING BANGET UDAH NUNGGU MAKANAN MALAH TIBA TIBA DI CANCEL, NUNGGUNYA 40 MENIT LOH YA!!!",1
"saya pesen gojek , setelah tau rute nya langsung di cancel dan pesanan saya juga pernah lama",1
"kecewa dikit sama goride nya, masa ya orang nya ga niat bgt.. motornya di apk ga ada tulisan nya pas dateng ternyata motor supra.. padahal saya pesan yang goride biasa bukan yg hemat.. terus orangnya ini ga pakai jaket gojek. ini bukan perkara jaket, tapi bapak ini tidak rapi dan menurut saya kurang 'bersihan'. tolong ya mimin gojek.. ini gimana solusinya buat orang' kyk gini.. ini juga demi kenyamanan yang lain.. TERIMAKASIHH",3
"makin menyusahkan. pencarian lama, kalau mau cepat tambah 5000 lagi. makin kesini apk ini makin gk jelas. sebenarnya ini untuk mempermudah atau gimna sih",1
"susah banget dapat driver semenjak ada hemat malah dapet driver jauh..padahal kita butuh waktu cepet kadang, mengecewakan sekali gojek makin lama ini. perbaiki dong tolong",5
ok punya,5
mantabllah gojek,5
lama mendapatkan driver,1
mantap,5
jossss,5
aplikasi tidak berguna dan tidak bermanfaat,1
buruk,1
ok termudahkan dlm perjalanan mndadak/ cuaca,5
"aplikasi kikir, di maps driver berjejer 12 driver tapi gak di acc sama sistem, dasar kikir, semoga kalian bangkrut, ini aku kasih bintang 5 biar orang bisa lihat komen ini dan segera menghapus gojek",5
"tolong pt goto Indonesia, program hemat di tiadakan,karena apa : 1.lokasi penjemputan terlalu jauh bisa sampai 3Km, belum drivernya mengantar sampai tujuan lokasi. 2. drivernya kesian curhat sama saya ada potongan 20rb setalah 10trip. 3.argonya sudah gojek potong by sistem dikenakan juga program yg 20rb setelah menyelesaikan 10orderan. 4.dimanakah letak hati nurani anda",1
tolong bisa ditambahkan pembayaran dengan qris,4
bagus cepat,5
sangat jelek saya tidak bisa menghapus akun saya,1
"ini sistemnya gmn yak? mentang mentang langganan tiap hari tapi tiap hari malah nambah sedikit sedikit mulai dr 500 - 1000 terus beberapa hari lg mambah lagi segitu sampe cukup mahal utk ukuran 1km harganya 21rb+ awalnya kirain mungkin lg rame atau macet lah eh ternyata di akun adik juga sama awalnya 18 lama lama naik 19 naik lg 20 naik lg 21 sampe terakhir jadi 22(waktu pulang sama)kusuruh dia donlot greb harganya 17, gelo emng semakin sering dipake kenapa jadi dimahalin dkit2 sopankah begitu",3
"tolol w susah dapat driver terus mana jauh"" sekalinya dapet.. aplikasi ga sebagus dulu .. uninstall sekeluarga",1
kenapa gak bisa login?,1
SUSAH BGT NYARI DRIVER!!!,1
"sangat memuaskan, tapi terkadang saat saya pesan dari servernya jadi pesen dua gojek, malah kedobelan yang katanya konekso saya jelek padahal koneksi saya lagi bagus bagusnya loh😔😔",4
"gak jelas bener, udah ngasih titik drop di jalan A malah di apk drivernya titik dropnya di Jalan C",2
muak,1
tambahin promonya 😬😬😬,5
sopir sangat melayani dengan baik dan ramah,5
"selamat malam gojek,,sy itu bingung padahal saya tidak pernah telat melakukan pembayaran angsuran gopay pinjam tapi kenapa setelah lunasi malah tidak bisa melakukan pinjaman LG di aplikasi tertulis bisa melakukan lagi tgl 14 April 2026,,tolong lah pihak gojek bisa lebih cermat melihat yg pembayaran angsuran benar dan tidak pernah telat semesti nya di prioritas kan,,mungkin itu saja dari saya semoga pihak gojek bisa lebih cermat melihat nya,, terimakasih",5
gue udah lama pake app ini tapi sekarang ini makin hari makin aneh. makin susah cari driver. sebelumnya skali cocol langsung nyangkut.,2
selalu tepat waktu.. perjalanan baik drivernya ramah,5
MAKIN LAMA MAKIN GOBLOG SISTEM DAN PELAYANAN. ORDER SUSAH BANGET..SEKALINYA DAPET SERING DI CANCEL...DAN JARAK DAPETNYA JAUH2 TERUS..MAKIN KESINI BUKAN MAKIN GAMPANG MALAH MAKIN TOLOL MAKIN SUSAH ORDER PAKE YG HEMAT !!!!!!!,1
"aga kecewa dengan masalah yang di alami, saya pesen 1 driver tetapi yang dateng 2 drive, karena pemesanan ganda, padahal saya tidak melakukan pemesanan 2 kali secara langsung karena pesanan yang awal belum menemuka driver maka saya close lalu mencari driver lain dengan harga tinggi agar bisa mendapatkan driver dengan cepat, tetapi knapa tiba² ada 2 driver yang menjemput saya, mohon perbaiki masalah ini karena saya mendapat informasi dari driver katanya masalah sperti ini sudah lama terjadi",2
ok,5
sangat membantu,5
terlalu lambat dan selalu minta update,1
"ga membantu sama skali , 2jam di cancel driver mulu",1
terlalu lama dapet orderan,1
"gatau kenapa skarang pencariannya makin lama entah pake yang mahal atau murah, pdhl sebelumnya pake yg murah pun twtep cepet pencariannya, yang bisa aku andelin biasanya apk gojek, klo gaada ini aku gabisa kemana², tolong diperbaiki..",1
"makin lama seenaknya aja udah ngambil pesanan nya jauh di tambah untuk pengantaran juga lumayan kasihan kalo kaya gitu driver nya ongkir nya ga sesuai dan ga masuk akal, kebanyakan driver ga mau ambil yang kaya gitu makannya kebanyakan cancel kalo orderan kaya gitu",1
"tutup saja bos.. cari driver sulit tarif mahal, pelayanan buruk.. ayo ramai-ramai pindah aplikasi pakai MAXIM",1
"kalo memang driver nya gak mau ambil orderan yang go hemat, promo itu meningan d cabut, sok jual mahal smua driver nya.. cabut ajh promo goride yg hemat.",1
sulit menemukan kendaraan,1
sekarang gojek lebih bagus,5
"driver banyak tapi gkk ada yg mau pick up, sering bgt kejadian kyk gini",1
Ini aplikasi isinya orang nggak guna semua. Nunggu 1 jam nggak ada driver. Kekurangan kah? Minta tolong diusahakan. 1 jam loh?!,1
"sudah bertahun-tahun aplikasi beroperasi mengatasi orderan blas tidak bisa mengatasinya, hanya memikirkan untung tanpa menghitung kerugian driver dan juga customer ,, PAYAAH",1
josss,5
suka bgd dari dulu langganan gojek 🤍🤍,5
puas pelayananya,5
Baguss cepat ramah tanggap,5
"untuk gocar waktu hujan tidak ada satu pun yang nyangkut, walaupun saya pesan yang prioritas, tolong untuk di perbaiki lebih baik lagi.",1
ok,5
fast,5
"biaya penanganan Gofood mahal sekali, beda banget sama sebelah",2
"kenapa sekarang banyak driver yg dekat dan sudah nyangkut ordernya tapi malah menjauh, yg lokasinya jauh minta di cancel, kalau gk di cancel saya gk tau driver bakal mau jalan apa engga. sedangkan driver tidak mau cancel. mau gk mau harus saya yg cancel. padahal udah lama bngt pake gojek, sekarang kayaknya pikir2 lagi deh. hari ini saya udah cancel 4 driver go car. dan saya bawa bayi. padahal sudah aktifkan gocar prioritas, dan terakhir tidak dapat driver. auto uninstall aplnya. kecewa bngt 😭",1
mantap!,5
sangat membantu....,5
klo hujan jaringan nya suka eror,5
"cari drivenya agak lama,,dan yg saya dapat tidak menyenangkan saat saya chat sama gojek nya",1
mantap,5
aplikasi merugikan saya dan driver kalu gak mau rugi gqk usah buka aplikasi hemat,1
aplikasi nya bagus,5
lama dpt driver nya,1
"Error terus tuh aplikasi, potongan doang gede pelayanan ampas",1
Tolong di hapuskan goride hematnya,1
"setiap mesen grabcar pasti dapatnya selalu yang diatas 10 menit, buat buru"" jadi gabisa, tolong dong sistem nya ngambil driver nya yang terdekat dengan customer.",1
driver nya ga jadi mulu padahal aku udah nunggu lama dan panas,2
mantap,5
"Gila harus nunggu satu jam buat dapet driver, kalau gak dapat baru bisa cancel. apk gak ada otak. nanti order tempat lain gak dapet driver lagi. Gak ngotak. Gofood gak ngotak.",1
mantap .. sangat membantu,5
aplikasi tolol driver nya udah sekaya apa sampe ga ada yang mau nerima pesanan?,1
1 jam gua nunggu tdk ad gojek nya aplikasi ******,1
saya harap gojek engak menyediakan lagi layanan gosend percuma pesanan juga engak ada yang mau ambil apalagi pas mau kirim barang / ambil barang padahal bayar tapi drivernya oemalas semua buat apa ada jasa gosend tapi gak guna,1
"order barang di shopee pakai jasa kurir sameday tggl 12 jam 12 siang lebih dikit, sampai tggl 13 siang bahkan sampai sore lagi belom dipick up, sudah tek tok kan sama penjual juga kurir gosendnya belom dateng² buat pickup sampe harus tlpn cs shopee.. semakin banyak driver semakin buruk pelayanannya, harusnya semakin bagus malah semakin buruk gojek ini..",1
bgus banget recomennded,1
bagus,5
kenapa tidak bisa mengirim pesan aplikasi selalu error aplikasi rusak,1
"Beberapa kali aplikasinya jelek sekali, dapet driver jarak jauh, posisi driver gak kelacak bener, nunggu 20 menit driver tidak bergerak. Kalau emang driver pada ogah ambil goride hemat yaudah hapus aja fiturnya.",1
gokil,5
"Tolong admin kalau nyarikan driver yg terdekat dgn pelanggan, sehingga tidak menunggu terlalu lama.",1
"App bagus banget, kalau bisa adakan promo besar²an supaya lebih hemat hehe, terimakasih",5
"bertambah lagi alasan hapus aplikasi gojek , selain titik jemput mental jauh dr peta ..gocar yg yg lebih sering terima order otomatis padahal ga jalan , nunggu kita cancel katanya biar performa dia ga turun ...go food yg nyari driver nya lama ...padahal gojek mahal Lo....tolong dong pakai IT yg lebih berkualitas..dan sombongnya driver gojek yg selalu cancel orderan dng alasan jrg di kasih tips..pdhl sebulan hampir 2 juta sy buat gojek aja ...pindah ke yg lebih menghargai Custumer ..by gojek...",1
"sudah menunggu pesanan sangat lama ujungnya malah tidak ada driver, dan dibatalkan sendiri oleh pihak gojek",1
"nunggu gosend 1 jam lebih padahal bukan yang hemat, pilih yang instan. keadaan lg urgent bngt padahal, nyebelin, gajelas. btw ga sekali dua kali kaya gini. tolong perbaiki sistemnya dong. merugikan customer.",1
burukkk gojek tolol mesen gosend aja sampe satu jam,1
JOSSS Jiiiiiiissss,5
👍👍👍,5
"pesen gocar udah 20 mnt ga dapet2 driver, diarahin ke gocar prioritas juga gaada bedanyaa. batalin trs oesen lagi makin mahal sampe 2 kali lipat, ttep pesen pun ga dapet2 drivernya. jelek bgt!",1
udh lama make ini apk mkin lamaa makin gk jelas bnyk driver yg semena mena ama pelanggany ...mending apk kuning sebelah dah dpt driver gk lama...driverny jg sopan2 gk seenakny ama cs,1
"Masih bintang 1 dengan ulasan berbeda. Maaf klo jahat tpi tolong bikinin menu spy kita customer bisa kasih bintang 1 ke driver yg suka Main Cancel sembarangan pesenan goride/gocar/gofood tanpa ada keterangan padahal kita customer udh nungguin lama. Merugikan dan Buang2 waktu bgt. Okelah yg langsung cancel begitu order masuk ke dia masih bisa ditolerir., TAPI YG CANCEL SETELAH KITA UDH NUNGGUIN LAMA TANPA ADA CHAT ATAU PEMBERITAHUAN ITU KETERLALUAN BGT. SERING BGT KEJADIAN!",1
siip,5
"sy gak kecewa,, 🙏",5
"bagus si sebenarnya, Cuman kalo pake yang hemat lama banget dapat drivernya,terus kadang saya pesen satu malah jadi dapat dua driver",4
"mau batalin orderan, selalu dijawab sama bot... cari no telp CS nya, ga ada yg aktif, ribet bgt ini aplikasi",1
good,5
"AC nya adem, mobil dlmnya bersih, sopir ramah.",5
penumpang otak tinggal setengah order hemat dapat driver jauh dicancel,1
"aman, anakku bisa sampe rumah.",5
ok banget,5
bagus,5
sangat baik palayanan,5
satset,5
mantap joss,5
driver gak mau cancel tapi gak jemput penumpang,1
nice app,5
jemput nya jauh,1
ada bbrp driver minta di lebihin argo ny..klau GK d lebihin GK d ambil orderan ny padahal susah mesen yg XL nd sesuai cm 6 orang,4
min auto invetasi emas kenapa tidan berfungsi....pdhl seblumnya bisa & ga ada masalah....apa sudah tidak bekerja sama dengan pluang investasi?,3
eror melulu..ITnya yg pinter dikit lah..,1
"ini saya hidup di kota besar di jawa timur, dan selalu berlangganan, tapi sudah 3 bulan ini selalu kecewa dengan pelayanan gojek, yg tiap harinya driver sulit dapat atau datang lebih lama saya tiap hari jadi telat, tolong perbaikan",1
GOOD,5
top,5
aplikasi lemot nyari driver selalu lama dijam sibuk,1
cari mobil susah amat.. pdhl penting bgt.,1
mantap,4
saya baru2 mo ke rs tp semua driver gocar menolak dan merespon padahal saya harus membawa anak saya sakit tolong ya buat driver gojek jgn suka pilih2 oder,1
Driver asik,5
dimudahkan segalanya dengan Go-Jek,5
Suka,5
bagus nyaman aman,5
gojek sekarang parah banget dah. udh tau orderan susah tp pilih2 orderan..,1
untuk driver gocar tidak proporsional sudah setengah jalan di cancel sudah 5 pesen 3 kali cancel waktu ingin menjemput,1
"mantap, gk ribet, efisien",5
"Driver apps ini sekarang kompakan pilih pilih customer. kalau rate hemat seperti sengaja ga ada yang mau pick up, sedangkan rate tinggi dipick up. so annoying. mending apps lain aja",1
harga aplikasi makin mahal,4
akurat dan menyesuaikan waktu,5
SAMPAHHHHH,1
"kenapa sekarang gojek sdh tidak memuaskan, pesen gored dapatnya yg jauh2, dan drivernya klo nyetir suka ngebut2 pdhl saya sdh negur tp tetep aja ngebut, outo uninstal dech, pokoknya beda sama aplikasi sebelah",1
sangat membatu,5
APLIKASI BABI. ORG MESEN LAMA BGTTTT. SEKALINYA DPT DRIVERNYA MALAH CANCEL. KADANG JUGA SUKA ERROR LG MSEN TB² ORDERAN MALAH NGILANG SEAKAN² AKAN DRIVERNYA YG CANCEL.. TERUS MAKSA KE BOOKING TERCEPAT DENGAN HARGA YG GA NALAR,1
"maaf banget yaa gojek sekarang susah banget dapet orderan ditambah dicancel mulu sama driver, bisa sampe 4 , 5 kali padahal jarak tujuan gk sampe 1 km, kecewa parah",1
bikin apk yg bener lah aku lagi kepepet waktu malah dapetnya yang jauh jauh bolak balik ke gtu trus,1
"saya suka sama gojek, yang gak suka kenapa pesen 15 driver ke cancel otomatis buang waktu orang mesen jadi telat kemana mana. harus nya tuh jangan gitu, bikin kecewa pelanggan. ga biasa nya ni begini, dapet ya dijemput. udh dpt, nunggu tbtb cancel kurang ajar nmy. buang waktu org .",3
apk tolol,1
apalah ini aplikasi katanya pelayanan cepet tapi saya pesen driver gk ada yg mau jadi lama nunggunya saya jadi selalu telat sekolah 👎👎👎👎,1
tolol gua mau beli paketan eror muluk ini,1
"kecewa banget, udah beberapa kali order di kasi driver nya yang jauh, mending dia jemput dari titik tujuan gua, ini kalah lebih jauh dari titik tujuan gua. pertama gw kasian sama driver nya, kedua buang buang waktu gua. tolong logika pencarian driver nya benerin!",1
aplikasi lu benerin ngapa ditulisan nya 2 menit pas buka lagi gojek nya jadi 11 menit aneh aneh nyusahin orang mau Sekolah,1
makin kesini pesanan ga ada yang mau ambil dengan alasan ramai untuk menaikan harga.lama2 banyak yg pindaklh ke apk sebelah,1
lemot ga bisa diandalkan,1
"driver gojek udah pada kaya semua, jd gk ada yg mau terima order goride🤣 klo kita batalin booking krn driver jauh 2km dari kita, kitalh kena biaya.. kweren sih🤣",1
"driver driver pemula ko bisa lolos jdi driver gojek? hdehh serba telat rute ga sesuai muter' doang , uda mana dapet driver nya lama susah pas dapet malah kaga jelas hdehh",1
lama dpt driver,1
"nyari drivernya lama banget, udah dapet malah jauh banget, bikin telat dan lama buat berpergian kalau buru buru. aplikasi jelek, map nya juga sering error",1
"gila ni apk , gw sekolah biasanya cuma bayar 18.500 ngapa tiba² jadi 25.000? naik drastis kaya inflasi, mana gw mesen ga hujan tiba² naik segitu. benerin dulu lah",1
membantu s3kali,5
"pengemudi sudah Deket malah minta di batalin,",5
"sejauh ini sudah bagus, terus tingkatkan kualitas driver-driver nya, untuk keperluan perjalanan yg praktis. tks",5
responsif,5
sekarang suka lama kalo cari go ride,2
puas banget,5
tolong dikaji ulang buat pripasi no pelanggan buat gosen jadi susah hubungi customer tks,4
Driver pada belagu ga mau pick up penumpang klo udah sore,5
terlalu lama mencari driver,1
"mantap..ingin pesan makanan,kendaraan,kbutuhan pokok dan juga mau kirim barangpun ada diaplikasi ini👍👍👍",5
oke,5
"Pesan gofood lama banget, tiba2 cancel karena entah alasan apa (tdk ada keterangan). Nunggu hampir sejam, buang2 waktu. Trus gaada kompensasi sama sekali!? Aneh",1
"Driver yg gak mau ambil pesanan, tapi gak mau cancel orderan, mending suspend aja. Sudah nunggu lama, driver gak dateng2 malah lokasi makin jauh, dihubungi juga gak bisa.",1
saya hanya menghimbau saja.khususnya di wilayah pati jawa tengah.itu kebanyakan kalau order sangat sulit&asal kalian tau aplikator driver kalian itu doble job.mereka kebanyakan lebih sering memakai aplikasi kompetitor kalian grab.saya pernah order go ride.dapet driver malah saya di suruh nunggu karena driver masih menjalankan grab foodnya.dalam hati saya kurang ajar sekali driver kalian.,1
"parah banget nunggu satu jam setengah masih ga dapet driver. mau dibatalin juga harus nunggu selama itu. mau order ulang keburu tutup restonya. jelek bangettt, harusnya kalo emang gaada driver yang tersedia ya bilang aja biar ga usah nunggu selama itu",1
Layanan baik,5
"kalo gak sesuai dengan tarif nya ... driver jangan milih"" argo ... kita gak pernah tau pemesanan sedang dalam keadaan urgent atau engga nya. hal sepele ko di persulit driver sekarang aneh",1
"tolong kalau tidak ada driver dalam waktu +15 menit bisa dibatalin, saya lagi lapar berharap makanan cepet sampai eh malah lama banget",1
"saya rasa sudah bagus yaa hanya saja, kalau emang di paket hemat ini driver gaada yang ambil mending gausah dibuat aja sekalian, daripada berharap dan udah nunggu juga, terimakasih",1
membantu saya jika motor sedang rusak,5
bisa diandalkan,5
"driver udah deket rumah mau antar makan udah nunggu lama pas driver udah dekat malah, swift delivery gak ngotak, disuruhnunggu tambahan 26 menit, padahalsudah milih express gara gara ini saya putuskan pindah ke GRAB sorry",1
"Setiap pesan goride selalu aja dapat driver yang jauh2 bisa di atas 2km posisinya padahal situasi normal, Yang paling gw menjerit pas pesan Gofood, gw bayar Rp. 21.000 (pengiriman) tapi pas lihat di driver cuma dikasih Rp. 6.000. Kejam loe jek lebih2 dari rentenir/lintah darah dah nipu CS dengan biaya mahal.",1
baik,5
coba dong gojek benerin coba driver pada manja bgt ujan dikit aja males ngambil orderan ...gw yg mesen gofood aja lama bgt ga dapet2 driver udah 1jam .....tolong lah kalo driver kalian gamau ngambil orderan mending pindah aplikasi grab ...klo grab driver slalu gampang dapet mau ujan pun slalu tepat 😡🤬,2
"TOLONG KALO BIKIN PROMO HEMAT JANGAN BIKIN SENGSARA PENGGUNA DAPET DRIVER JAUH2, KALO MAU BALIKIN KE SISTEM AWAL BUAT DRIVER NYA KASIHAN UDEH BAYAR 20RB KE AUTOBID AUTOMATIS..!!! TOLONG HAPUS HEMAT NYA BALIKIN SISTEM DULU KASIHAN PENGGUNA DAN DRIVER2 NYA GK BISA SORTIR",1
APLIKASI GA JELAS LAMA BNGET DATENGNYA KOCAK,1
senang,5
"karyawan lu suruh tidur aj, order gojek lama bgt gda yg ambil orderan",1
susah cari driverny dan kelamaan,1
bagus,5
Pesan GO-JEK Di batalin mulu. parah cukupla bintang 1,1
kalau hujan suka error sih jelek banget,2
"APLIKASI GAK GUNA TIAP CARI DRIVER GAK PERNAH NEMU. ATAU EMANG DRIVER NYA PADA MALES. TIBA"" BATAL IN TERUS",1
tidak worth it udh nunggu 1 jam lebih ternyata blm dpt driver mana udah nungguin mending shopefood aja,1
"kebanyakan driver nolak order,buat apa di Adain go hemat kalo jarang ada yang ngambil.tolong dong untuk meneger di perbaiki lagi",1
kalo hujan susah dapet driver,4
harga hemat murah banyak promo diskon,5
aplikasi terburuk,1
"paling gasuka saat waktu hujan, kenapa sih kok susah amat, padahal juga sudah pilih prioritas harga tertinggi, masih aja gaada yang nyantol...",1
mantab,5
"pesen gofood kurang lebih udh satu setengah jam, gaada jalan keluar nya karna ga bisa di cancel dan ga dapet-dapet driver. kapok deh",1
"pesan gored hemat driver pada jauh semua , kerja telat gara gara sistemnya gojek seperti ini ,udh seminggu seperti ini ,mengecewakan castamer, lebih baik uninstall pindah aplikasi Maxim ,kata kata balasannya sama seperti itu , apakah yg bales mesin ? ,gojek gojek andai anda berada di lapangan pesan gojek , rasanya pasti tau",1
"susah dapet drive pas gofood, lama",1
ini kenapa si setiap saya pesen ojek selalu aja cari lokasi jemput nya lama banget!!!,1
gojek dulu ah...,5
"ini drivernya udh berkurang apa gimana ya? pesen makan susah bngt dpt driver, nunggu sambil kelaperan kek mau pingsan",4
mengapa saya mesan gofood selalu tidak dapat driver,3
good,5
"sangat membantu dan sukses terus untuk gojek ,,apalagi driver nya sangat ramah,,tandain driver..(CHAIRDIANSAH,,BK 4463 AFK,,)",5
"pertama kalinya kasih rating app walau udah lamaaaaa pake, udah terlalu banyak problem si, mulai dari ganti armada tanpa pemberitahuan, ngiklan di aplikasi lain yg terkesan maksa dgn sistem ngelink nya, dan yg parah tarif nih, bener si waktu ujan, tapi sampe naik 3x lipat dari harga normal, getok harga sekali udah kaya pasar tradisional yg mo kehilangan pelanggan,,, hadeh",1
100 nilainya,5
"jelek banget setiap pesen makanan selalu di batalin padahal lagi laper"" nya mana nunggu nya 2 jam lebih",1
Pelanggan diperas melalui tambahan biaya ini dan itu. Mitra pengemudi pun diperas melalui potongan 20% dan langganan ini itu (Langganan Gacor). Mitra Penjual pun dikasih potongan ini itu. Aplikator sekelas GOJEK Indonesia tuh udah mau bangkrut kah sampe sebeginnya banget meres Kanan Kiri?,1
Lumayan,4
Banyak diskon,5
good,5
tolong respon nya di tingkatkan lagi karna saya sering di tolak driver hanya krna tempat yang di tuju rawan macet,5
"Aplikasi ini bagus sih ya, dapet driver nya lumayan cepet, tapi kalo ku saran tambahin metode pembayaran nya sih terutama (Qris) buat memudahkan pembayaran dan praktis buat orang yang jarang megang cash",5
"2x dibatalkan dr gojek,",4
keren banget dah layanan gofoodnya cuma beda 1 menit tapi harganya langsung naik 2k untuk ongkirnya dan pas ditunggu satu menit lagi naik lagi 2k,1
ok,5
aplikasi ojek online terlengkap utk pesan dan antar jemput . kalau bisa promo nya lebih banyak dan gede,5
"TAMBAHIN DRIVERNYA, 1 JAM GA DAPET DRIVER NUNGGU MAKANAN SAMPE KELAPARAN, APALAH MASIH BETTER SISTEM MAXIM DAN ACI, BUAT KALIAN YANG MAU ORDER FOOD JANGAN LEWAT GOJEK, SISTEM BANYAK TINGKAH PADAHAL DRIVER YANG ON BANYAK TP GATAU FUNGSINYA DIULUR2 SAMPE 1 JAM BIAR APA COBA",1
"kenapa dah ini gojek pesen driver aja sampe setengah jam baru dapet, perasaan dulu gak lama gini!",1
sangat membantu. pas lapar ada gofood pas mo pergi ada go car,5
semua jadi lancar,5
mantap,5
Sangat membantu,5
good,5
mantap lah,5
selalu utamakan pelayanan super hebat maju terus,5
saat musim hujan pasti tidak akan dapat driver untuk mengantar,1
ok,5
"kenapa ya skrg gocar tuh aneh banget, cari driver ga dapet2 padahal ga lagi hujan atau rush hour. nanti keluar app coba cari lagi tau2 harganya naik bisa 3x lipat. yang bener aja masa jarak 2 km an tarif >50rb",3
di pusat kota tp driver nya susah,2
batal jalan2 terus gara2 nggak ada yang mau Terima kikir,1
"udah nyari driver lama, sekali dapet di tolak mulu, driver gojek pada sok gaya, dikasih rezeki malah nolak Mulu. udh mah lokasi deket tarifnya mahal. bintang 1",1
"Tolong untuk pihak resto juga driver khususnya go food , sudah resto nya lama sekali belum gojek nya nyambi orderan aplikasi lain padahal itu dekat dari pemesan hanya berjarak kurang dari 700 meter tapi sampai di saya 2 jam an . tolong tegur resto juga driver yg tidak amanah seperti ini belum lagi tidak bisa kita pantau di aplikasi sengaja di nonaktifkan lokasi berada",1
sangat cepat dan ok,5
"tolong di edukasi lgi dong drivernya, banyak icon driver yang deket tpi saya ga dapet2 drivernya bahkan lagi buru2 ! sekalinya dapet malah jauh bgt jaraknya! kocak ga aplikasi ga driver sama2 lawak",1
mantap,5
Kalau order Goride pagi2 banyak drama dengan driver karena jauh banget jemputna.,1
susah banget nyari driver nya,1
kenapa draifer gojek pada blagu sekrng dapat ongkir dikit gk mau ngambil,1
driver nya ga ramah + suka dapet driver yang jauh sehingga pesanan di batal kan,1
BIASANYA BAGUS . INI MAU DAPAT DRIVER AJA LAMA X. DH DPT AJA BS MAIN CANCEL..KASIH PERINGATAN KE DRIVER DONG,1
aplikasinya mantaap,5
jujurr kalo lagi butuh butuh nya driver malah gak dapet dapett 😔,1
lumaya,4
mantab,5
"drivernya gajelas, saya pake gojek, awalnya aman aman aja dan bodo amat kl driver cuek, tapi makin kesini jadi sering nemu driver yg ga ramah, masa dia yang salah alamat jemput, tbtb di call pake nada tinggi, gajelas bngt marah marah, ya mana saya tau, orang bapak yg salah jalan kok saya yg di omelin,udh di arahin tetep aj,mn pas saya blng cancel aja si bapa nya songong bngt di call, pls saya bayar loh? DAN BUKAN PAKE YG GOJEK HEMAT! gojek benerin maps nya,biar driver nya ga marah ke saya aneh",1
"tolong pelayanan ke konsumenya di perbaiki, setiap kali pesan yg hemat2 lama nya minta ampun apa lagi kalo pesan goride hemat, kadang banyak yg gak mau ambil Karena kejauhan , katanya para driver kalo ambil goride hemat harus bayar ke gojeknya",2
woy terulqng lagi lapotan top up masuk saldo masih kosong udah 1 hari sistem boot semua,1
intinya jelek.,1
error mulu aplikasi jelek,1
"bagusss bangetttt yaaaa, dan bagus banget untuk beli makanan/snack snack gitu lhooo",5
Butuh cepat tapi di kasih yang jauh jauh. Harus nunggu 10 menit,2
"tolong ini tombol ketika memesan driver itu harus ada tambahan seperti persetujuan untuk memesan driver, jangan hanya sekali klik saja sudah memesan driver",1
Alhamdulillah baik,5
ok,5
mantap poll,5
hebat,5
bagusss,5
Bagus bgtttt dan sangat membantu,5
Nice app,5
simple dan terbantu,5
ok terimakasih,5
membantu di saat kepepet 😁,4
"CS anda gk solutif, protes gofood datang terlalu lama malah end chat begitu saja. saya pesan makanan, pilih ekspress 2x dibatalkan gitu aja 5 menit sebelum mendapatkan ganti rugi voucher, bahkan saya menunggu 2 jam.",1
"kalo pesen gofood udah nunggu lama, tiba² suka dibatalin, akhirnya pesen lagi dan nunggu lagi, lebih lama jadinya",4
good,5
"pesan gored posisi driver terlalu jauh,,dan selalu di cansel,padahal order ditengah kota dan bukan dijam sibuk jg,,tp emg kalau mesan gojek pasti dapat driver yg jauh banget",2
Bagaimana cara x cari orderan ? Aku mau jadi kurir ojek,5
pengiriman tepat waktu,5
👍👌,5
pokonya top markotop,5
"Alhamdulillah orderan pas banget saat lagi butuh kemana mana, terimakasih Go-Jek 😇🙏🏼",5
i like it,5
ok,5
"Gw setiap pesen gosend selalu gk bisa chat abangnya cma bisa telfon, tp waktu lalu gw liat temen gw pesen, dia chat bisa² aja, ada ikon buat chat ada buat telfon. knp klu di gw bsa gak ada? pas pertama kali kluar nih dapat drivernya ada ikon buat chatnya begitu gw pencet dia ilang🗿macam mana pula",4
apk terbaik memudahkan segala aktivitas,5
"nice, sangat membantu",5
"semakin lama driver di gojek ini semakin sok minta uang lebih , ngantar gak sesuai titik",1
mantap bgt rekomendasi untuk pelayanan nya,5
semoga pelayanan nya selalu memuaskan,5
"kirim orderan toko SS, cepet ga pake ribet",5
top pokoknya,5
"pesen gocar, driver tidak menjemput, tapi di aplikasi di jalan kan. saldo saya terpotong dan ga kembali. berkali 2 chat CS ga si kasih kesempatan buat ngomong, tau2 laporan di tutup. di chat lagi begitu lagi. KECEWA BANGET",1
ada pilihan sepeda montornta,5
seru BP gojek ny ramah,5
bagus,5
"pake hemat driver nya jauh"" pake regulerpun sama klo pagi mau buru"" susah ..",1
"skrg naik gocar buang2 waktu klo order dekat dpt driver tapi chat ga ngebales mobil ga gerak,, tolong perbaikin lah itu harga nya kemurahan atau kenapa",1
membantu.aktivitas sehari hari.,5
oke,5
oke,5
"Nyari pengemudi susah, sekalinya dapat pengemudi susah dihubungi. ongkosnya juga relatif mahal. dari segi pelayanan dan harga better aplikasi sebelah. Drivernya bener bener perlu di perhatikan lagi.",1
udah lah mantap,5
saya hanya mau mengucapkan terimakasih untuk aplikasi GOJEK terutama Abang ojolnya yg Alhamdulillah selalu dapat yg baik orangnya,5
terlalu lama setiap mau jemput. dan selalu di batalkan sama gojek,1
Joss Jiss,5
membantu transfort saat di luar kota,5
"harusnya kalau akun sering di pakai, trip nya udah banyak penggunaan ada semacam apresiasi dari pihak aplikasi, enah diskonnya di banyakin atau ada THR atau ada poin yang bisa di kumpulan kaya aplikasi sebelah deh, jangan udah lama pakai aplikasi GO-JEK malah makin ke sini ongkir lebih mahal ketimbang aplikasi sebelah, di aplikasi sebelah 18 ribu di gojek 30 ribu, padahal ke tempat yg sama",1
nyaman,5
sangat luar biasa mantap layanannya,5
driver nya baik banget,5
"mohon maaf kak , pelayanan nya sangat minim sekali , uang saya hangus gara² pesen pickup tapi gak di kirim kode pickup nya buat ambil pesanan, padahal saya udah bayar pakai go pay dan udah konsultasi ke pelaporan tapi malah server sibuk atau apalah , terus juga suruh nelfon pickup nya tapi pas ditelpon ternyata nomor palsu dan tidak terdaftar apalah ,dan akhirnya pesanan dibatalkan dan uang saya hangus,,,nyesel kakk 😔😔",1
"aplikasi kocak,order goride dapet driver kok jauh jauh yang jemput",1
Ok,5
"saya mulai sebel sama aplikasi ini, akhir ini susah banget dapat gocar padahal bukan di jam sibuk, apalagi kl cuaca mendung 2 jam order gak dpt2 lama2 saya uninstal juga ini aplikasi",1
kok ku ga bisa download,1
gojek yahud dan ok deh !,5
good sangat memuaskan,5
sangat puas,5
membantu dalam mencari transportasi dadakan,5
ntap,5
Ok banget,5
bagus,5
"Kerenn...makin mudah, sering2 ada promo ya min. gojek selalu didepan. thx u",5
"Gojek tuh makin lama driver nya manja2, sering di cancel dll.",3
hanya bintang yg bicara,5
gojek nyaman,5
"Bagus,.. Gojek keren",5
sangat membantu disaat2 penting,5
Buat para semua penumpang Goride klo order di jam sibuk pagi atau sore mending ordernya pake Goride reguler aja jangan pake Goride hemat ya...,2
"driver ga sopan,delay lg",1
memuaskan,5
jujur ya aku gapernah cepet sampe meskipun keadaan nya ga macet pls tolong min lama. bngt ini udh keberkian kalinya aku telat aku sengaja pilih gojek yg mahal 29 ribu yg dtng supra masalah nya bawaan aku banyak dri sekolah jdi tlg min kasi tau jn trlalu lama nangis min nungguin nya☹️,1
"gojek makin hari makin knp dah bikin emosi mulu, drivernya gak jelas semua, udh 40 menitan nunggu drivernya kaga diambil mulu jdinya kesiangan berangkat, sekalinya udh dpt udh ditungguin mlh di cancel, ANEH BANGET, kecewa berat.",1
"diberikan driver yang jauh, padahal banyak yang dekat, padahal sudah tidak memakai mode hemat. tidak efisien",1
selalu terbantu dengan paket hematnya,5
mantap,5
sangat buruk untuk menangani keluhan customer,5
"APLIKASI TERBURUK, KARNA SETIAP MAU BERANGKAT SEKOLAH PASTI GK ADA DRIVER YG DAPAT.",1
dapt abng grab yg baik ank ku di foto ssudah sampai Dpn gerbang sekolahnya dngn selamat terimakasih abng grab,5
kalo pagi banyak driver yg ga mau ambil orderan padahal pagi banyak orang yg mau make,2
bagus ramah,5
Mantap pokoknya,5
puas dg playannya penjemputan tept wkt,5
memuaskan,5
tepat waktu,5
goood,5
okein aja,5
bagus lah,5
menpermuda transaksi,5
"KASIAN GUE LIAT DRIVER TERNYATA DIA HARUS BAYAR LANGGANAN BUAT DAPAT REJEKI, SEBELUM COSTUMER PERGI GUE OFF PAKE APK GOJEK",5
act of service,5
Sangat memuaskan pengguna transportasi GOjek,5
good,5
terima kasih,5
kalau laper tengah malem cocok nih,5
pesanan gofood udah telat nya lama padahal prioritas pesan nya datang juga jadi dingin kecewa banget,1
"driver si** nunggu 15 menitan malah di cancel udah konfirm mau diambil, nih plat sama driver nya F1688JH Ade suratno, pihak gojek tolong tegur mitra anda ya kalo ga mau diambil bilang jgn tetiba di cancel! saya udah tanya diawal mau diambil apa ngga si driver itu bilang mau diambil, saya nunggu 15 menitan malah di cancel !! dia bukan cuma buat saya nunggu tapi orang tua saya nunggu!",2
sangat membantu,5
good job,5
Mantap ok bgttt 👍,5
bagus,5
👍👍,4
puas sekali,5
mau cancel karena motor driver rusak di tengah jalan susahnya minta ampun,1
sekarang dpt driver susah.. sekalinya dpt jemput jauh harus nunggu 10-15menit sampai driver sampai...makin kesini makin jelek kwalitasnya...dulu mudah cari driver skrg susah dan jemput jauh2..,1
good job,5
Lama kelamaan driver & sistem gojek tuh pada sombong²..pada ga mau kerja,1
"Kacau, state tampilan proses pemesanan makanan go food ngebug/stuck (tidak mau update) pada saat saya selesai menekan tombol pembelian makanan. Sebelumnya tidak pernah terjadi seperti ini, sehingga saya tidak tahu tiba2 driver sudah datang ke lokasi saya. Update: 11 Februari 2026, masalah masih ada bahkan semakin hari ini.",1
upgrade gopay+ tidak bisa,5
aplikasi mudah,5
gopinjam nya jangan banyak bunganya. mau nyekik atau gimana? tenor setahun bisa-bisa nya bunga 2.11% jadinya 7 juta. kira-kira dong,3
sangat cocok bgt apalagi utk kalangan gen z masa kinii 🥰,5
mantap promonya,5
gojek klo ga bisa bayarin customer service mending tutup aja...masa transaksi tf dri td ga masuk2 jadi sya harus nunggu ditempat,1
Gojek selalu siap dan tepat waktu. Terima kasih Gojek. Tetap semangat 🤗,5
aplikasi ga jelas . masa buat cancel pesanan harus nunggu 1 jam lebih dulu . kan ini salah mereka karna lama cari driver . ga lagi lagi,1
transfer gopay kaga di proses live chat kaga ada susah buat bikin laporan,1
jelek aplikasi,1
pelayanan terbaik,5
"saya membatalkan pesanan karena mau ganti waktu pengantaran, tetapi saldo sudah terpotong",1
lama bgt ga dapet dapet gojek bisa nunggu 10 menitan kurang asem,1
layanan cepat dan memuaskan,5
aplikasi sering eror bahkan barusan sy pesan makan tidak bisa tp gopay sy hilang gt aja,1
mantap,5
customer service slowresp ga ada gunanya.,1
semoga gojek semakin update semoga di kasih diskon kalau,5
"gak bisa batalin pesenan padahal belum ada driver yang jemput gofood nya,, terlalu lama jg",1
"MAKIN LAMA MAKIN GA JELAS, PESEN MAKANAN GAGAL TAPI SALDONYA LENYAP. KOCAK",2
"5 x boxing kebanyakan drama ,ditunggu di chat cuma dibaca ,ujung2 gak bisa kalau udh dibaca ,kalaupun gak bisa setidaknya kasih kepastian biar gak nunggu",5
Bagus bermanfaat.,5
Bagus cuma agak menyebalkan sedikit 🗿😌,5
mantap dan terpercaya,5
diperbaiki kembali pelayanan sistem nya...,4
"Seharusnya ikon/tombol pemesanan di GoFood yang sedang berlangsung itu semestinya ya di GoFood bukan di beranda utama, perihal menyulitkan konsumen dalam melakukan pencarian pemesanan dan pada akhirnya terjadi timpang tindih pada pemesanan karena letak lokasi.",1
"aplikasi nyusahin dapet driver jauh2 terus... hapus program hemat, gue pake reguler dapetnya driver hemat akhir nya nunggu lama jangkrik.......",1
cepat efisien,5
"Terimakasih atas bantuannya terhadap kendala yg saya alami saat ini dan ditangani dengan baik atas pesanan Gofood, semoga selalu memberikan yang terbaik untuk semuanya, baik kepada pelanggan, karyawan, mitra Gojek dll.",5
pengaturan chat dengan driver jangan dibikin tidak bisa hapus pesan,1
aplikasinya sdah bgus sih tpi yng mengecewakan it di gopay pinjam nya padhal tdk pernah telat pembayaran dan limit jga msih ad bgitu sya lunasan tiba² limit habis jdi yng sya byar sebelum²nya kmna,3
drivernya ramah,5
sangat membantu,5
"Aplikasi GOJEK sekarang bener2 bikin JENGKEL !!!!!!! Setiap selesai hujan, dan itu tdk banjir, knp GAK ADA YG MAU TERIMA ORDER, HUH....?! Kq seperti kompak gk ada yg mau terima order 1 pun NGGAK ADA ! ini apa2 aaan yaa? anak saya sampai nggk pulang2 dr sekolah gara2 ORDERAN GK BISA2, PADAHAL DI MAP BANYAAAAK MOTOR STAND BY ! GAK MAU LG SAYA PAKE APLIKASI SOMBONG INI",1
bagus,5
adain fitur bayar pakai QRIS plis,2
Penjemputan sesuai waktu yang di tentukan....,5
"lama banget, udah make yang didahului notifnya tetep aja nunggu lama",1
perjalanan aman sampai tujuan,5
banyak driver tapi gamau ambil sistem anehh,1
josss,5
mantap,5
algoritma gojek di fase jam kerja dan jam normal sangat merugikan saya sebagai customer dan mitra gojek krn harga yg sangat tinggi dan sulitnya cari driver di modus hemat mereka maaf saya tidak ramah bintang pada apps ini,1
makin sukses gojek indonesia,5
apk drivernya ga jelas,1
Sangat memuaskan,5
mantap,5
burik,2
akhirnya bisa login,5
BUSUK,1
terimakasih 🙏,5
Ok,5
"kalo bisa kasih bintang 0 saya kasih bintang 0 , kalo nyari driver lama banget sampek saya ketinggalan jam les saya, sudah bayar les mahal mahal malah ga bisa les cmn gara gara nyari lama banget sampe ga ketemu ketemu",1
"skg driver gojek pada kurang ajar. dapet jauh2. mrk ga mau cancel,ga mau pick up.kita di diemin aja, di chat ga di bales, di telpon ga di angkat. pengen nya kita yg cancel. sedangkan kita klo cancel kena banned. trs klo ujan pake gojek hemat kita di maki2 ""klo ujan jgn pake hemat kak"" lha??? klo ga mau narik pas hujan ya tidur aja. kurang ajar banget skg mending ke grab",1
"aplikasinya sangat membantu dan ada keamanan yang jelas juga walau sedikit ribet tapi itu karena detail. Tapi saran dari aku tolong di kasih informasi juga tentang warna kendaraan yang di pesan, yah… soalnya agak ribet kalo mau ngintip plat kendaraan setiap ada gojek yang dateng… makasihh ^^",5
cepat,5
to much expensive,3
pengemudinya baik dan sabar,4
aplikasi goblokkk,1
bagus,5
"gojeknya ganiat cari uang, saya order gadapet dapet",1
mantap bisa dipakai buat KRL,5
lumayan baik,4
oke sae,5
👎,1
"mencari driver benar-benar sangat susah dan tidak ada konsekuensi bagi driver yang meng cancel setelah menunggu lebih dari 10 menit. Secara aplikasi sudah cukup baik, akan tetapi sistem pencarian drivernya sangatlah tidak efektif dan membuang banyak waktu.",2
ya baguslah,4
ada apa layanan hemat? driver sering kali cancle tanpa konfirmasi. bila memang hemat membuat driver tak nyaman tolong evaluasi layanan tsb agar semua merasa nyaman.,3
"tolong buat para driver yang bersih, wangi dan ga ugal²an naik motor nya karena hari ini aku naik gojek dapet driver yg kaya gtu mana nyebelin lagi omonganya cetus bgt untung lagi buru²,, mngkin kalo ga buru² aku cancel dia dari awal",2
cari driver susah bener,1
"pengemudi nya lamaaa ,jadi saya telatt",3
cukup oke,4
Praktis memper mudah bila mau kemna dan ojolnya juga pada baik,3
aplikasi apaan mau gosend server padat,1
mantab,5
langganan dari dulu kl motor dipakai 😊,5
"Hilangkan program ACENG,ACENG SLOT,GOJEK PRABAYAR,CUSTOMER BYAR NORMAL,ANDA TERLALU BYK MKN UNTUNG NYA DRI CUSTOMER DAN MITRA,KASIAN MITRA ANDA YG ANDA PERES TENAGA DAN PIKIRAN NYA,MTR DRI MITRA,KUOTA DRI MITRA,ANDA CUMA MODAL APLIKASI SAJA,JGN ZOLIM DONG TERHADAP MITRA DRIVER,PENGEN UNTUNG SEPIHAK!!!",1
stop ngasih iklan buat yg udh dw. ganggu banget plis🙏🏻,2
nyaman dalam perjalanan,5
senang,5
good,4
driver banyak di sekitar to susah dot driver...setelah cari ulang ternyata tarif langsung naik 4k...terlaluenyiksa app ini,1
bagus dan menyenangk an!! s,5
"aplikasinya bagus , tapi saya punya pengalaman buruk. Saya dapet driver yang ngak punya kartu emoney dan sebagainya jadi susah untuk jemput padahal saya lagi sakit, tinggal tap doang ngak bayar. kalau emang bayar saya bayarin. hari gini driver ngak punya emoney. mohon pihak aplikasi dibantu agar driver diwajibkan punya emoney dan sebagainya biar memudahkan penjemputan. terima kasih. sudah hampir berkali-kali saya dapat kasus begini. zaman sekarang lokasi sudah pakai emoney.",3
app ok,5
gojek bagus sangat mudah mencari drivernya dan di antar sampai tujuan,5
good apk terfavorit 👌👍👍,5
"bagus, membantu",5
mantap,5
jozz,5
hari ini pesan gosend dari jam setengah 11 sampe mau jam 2 siang blm dapet dapet driver juga . padahal sudah banyak dapet driver tapi di batalin terus sama pihak driver mohon system nya ditingkatkan lagi,1
"aplikasi dzolim terhadap mitra , segera di ganti pemimpin gojek yang sekarang ' .",5
jedanya lama banget bisa 3 jam lebih,2
"untuk para customer supaya cepat dapat driver kalo pesan go ride pilih yang biasa saja, jangan yang hemat 👍",5
driver banyak yang tidak sopan,1
sangat ramah driver nya,5
aplikasi tolol,1
Alhamdulillah paket aman,5
"pesen makan lama apalagi jam sibuk ga dapet driver segitu banyak nya orang, sekarang ditambah lagi kalau pesen goride hemat",1
semakin kesini semakin parah niii gojek setiap mesen goride dpt driver nya jauh banget padahal di depan kantor banyak driver yg nunggu orderan & setiap mesen gofood selalu lama entah driver yg jauh dpt nya atau emng resto nya yg lama siapin pesanannya,1
mantap,5
aman,5
"kadang kalo nge gofood suka lama banget dapat driver nya, udah telat nya bahkan setengah jam lebih tapi tetap harus nunggu lagi buat nge batalin pesanan, ga sesuai estimasi dateng nya tapi ga ada kompensasi apapun, padahal kan kalo emang lewat dari estimasi nyari driver ya biarin aja di batalin, dari pada harus nunggu lagi dan akhirnya tetap ga dapet driver juga, kan kasian yg perlu buru buru buat beli makan harus bingung mau mesen ulang atau ngga karna nunggu pesanan bisa di batalin dlu.",1
penumpang mengatas namakan Driver Gojek dan menilai driver gojek itu minus kinerjannya.. sini saya juga punya unek² sebagai driver pemain reguler tanpa embel² program dari applikator Gojek. motor saya aerox dan dapet penumpang (Goride bukan order Goride Comfort) sebanyak 4 (anak 3 dan 1 ibunya) tapi saya ngeluh tentuk tidak tapi kasih solusi untuk order memakai Gocar lain x. dan penumpang dengan BB 140kg saya saya bawa... Tidak semua penumpang itu - dan + dan Driver itu - dan + ...,4
"aplikasi 🦮 tiba tiba akun kena blokir 💩 padahal cuman buat pesen makanan aja dan selalu saya bayar tidak pernah saya cancel atau batalin, aplikasi anehhh",1
mantap,5
"gile driver 1 jam nungguin ga jemput, gua tinggal aja pake grab.",1
kenapa skrg jadi lemot. capek deh,4
"mudah, murah",5
SUSAH KALI NYARI DRIVER ASW!!!,1
login makin ruwet.,1
Moga rame teruss...,5
mantap aplikasinya,5
sekarang udh ngak bisa chat driver lagi..,2
BAGUS,5
"Kadang suka error,kalo gosend driver sudah dekat tibatiba aplikasinya error dan mencari driver lain",5
well bagus sih,5
bagus . pelayanan nya cepat dan ramah suprnya. aman tapi tarifnya mahal😅 moso jarak dekat 15 ribu,4
"driver masih banyak yg gk mau pick up dgn alasan yg tidak jelas, tdk respon chat, telp dan aplikasi dibiarkan Open",4
"Untuk Driver khususnya yg mobil,Tolong pengertiannya terhadap penumpang terutama yg bawa Bayi,Tas Bayi dan Juga yg dkm keadaan hujan",3
mantap,5
nice,5
very nice,5
aplikasi ini sangat membantu sekali.,5
baik,1
"nyoba bayar tagihan PLN pake gopaylater, tapi gagal, percuma limit 10 jt ga bisa di gunain",1
loading lama di peak hours. penilaian resto gak uptodate,4
terbaik,5
dapat driver nya jauh bgt padahal di sekitar banyak driver yg terdekat,1
tarif hemat tapi justru kelamaan yang membuat makin lama ditinggal pelanggan setia,1
cepat driver ramah,5
ok,5
"aplikasi busuk, kebanyakan promo, kasian driver nya masa argo mobil d samain sama motor, bukan salah driver nya, salah aplikasi nya, waktu 2018 sebelum covid mudah banget dapetin driver, karena argo nya bagus, makin banyak promo makin males driver ambil penumpang",1
"aku download gojek ini karna butuh antar /jemput aku, pokoknya ini aplikasi the best 😍👍",5
terlalu byk tagihannya..,1
"pak Nadiem, tolong KESEJAHTERAAN driver ditingkatkan",5
"lama banget dapet driver,padahal banyak di sekitar,malah di pilih yang jauh,sampe bisa sepuluh menitan,padahal bukan gojek hemat,dan saya berada di kota,saya jadi telat ke sekolah,saya gak tau ini ada kesalahan apa sampe segini nya,saya pesan ,20 menit baru dapet,10 menit baru nyampe,10 menit ke sekolah, di sekolah di hukum.saya gak puas sama pelayanan nya,benat-benar mengecewakan.",1
membantu bgt..motor LG mogok.pesan gojek . langsung cepet . thankyou driver dan gojek.. sukses selalu,5
Kenapa selalu dikasih driver yg jauh dh padahal ada yg LBH deket,1
"aplikasi ini kikir banget, kalo lu telat pesen 5 menit padahal gak hujan/macet harganya bisa naik kena 5rb+, udah gitu dengan harga yang dinaikin mesti dapet driver susah dan sekalinya dapet si driver bakal minta cancel kalo gak dapet driver yang jauh dan geraknya lama, gojek can u fix this?",3
"jujur aja dapet gojeknya lama bangett kl9 ambil yg murah, kyknya para gojek klo terlalu murah ga mau, saran dari aku lebih baik opsi harganya jangan terlalu murah tapi jangan terlali tinggi juga",1
"aplikasi on ol, driverny pada ngeselin. disuruh jangan cancel tpi dri tadi posisiny gk gerak gerak, apk taik. TEGASKN DIKIT KE DRIVERNYA KALAU MAU JEMPUT YA LGSUNG GERAK, KALAU GINI KAN ORG JDI TELAT ANJGG",1
susah dapet driver,1
"posisi driver di aplikasi sering tidak bergerak, jadi kadang kita batalin",1
"setiap pagi kalo pesen gak dapet"" gak niat ngambil orderan kah",1
drivernya pada kikir,2
Hapus program go ride hemat biadab merugikan driver lo goblokk!!! udah motong 35% malah motong lagi dari pendapatan bersih drivernya hadeuuhh.,1
cihuy,5
si paling lemot aplikasinya ada aja gangguannya ama drivernya klo ujan pagi pada males ambil,1
mantab cepat pemesananya,5
sy kasih bintang 3 dulu ya. krn kadang sering sekali penolakan ketika sy mau order dgn jarak yg jauh. pernah juga di turunin di jln tidak sampai tujuan 😓🙏,3
Memudahken,4
"Saya dpt driver gocar yg emosian. Dia galak di telp, saya bilang dia emosian. Dia langsung cancel saat udah di titik, jadi ga ke screenshoot krn langsung ganti driver lain. Kalau bisa riwayat driver yg sempet nyangkut ditampilkan. Kita sama2 manusia, sama2 punya emosi. Tapi baiknya dalam bekerja itu profesional. Seleksi MMPI untuk driver gojek. Saya tdk buat ulasan di pusat bantuan aplikasi karena tidak ada menu bantuan yang sesuai dgn kondisi ini.",1
good for me,5
Baguss,4
"saya pengguna gojek sejak lama, tapi masih belum merata di kota kecil. dan biasanya di salah satu kota minta tambahan diluar aplikasi hampir separuh harga contoh ada oknum2 driver terutama mobil dinganjuk. pernah saya laporkan untung pihak gojek mau ngembalikan dan ada bukti chat dari driver minta tambahan. untuk telepon kualitasnya bisa di tingkatkan. dan yang paling tidak saya suka saya sudah pesan gojek motor comfort tapi yang datang motor listrik. udah harga mahal kualitas tidak enak.",3
bagus,5
"sulit dapat driver, sekalinya dapat driver, drivernya ngeluh argo, tolong di perbaiki argonya biar gak ribut argo trus tuh driver.",1
good,5
"tolong kalau ada kendala yang menangani staf langsung ya, bukan BOT, karna responnya sangat sangat aneh sekali",1
Daripada ngeluh pake hemat karena suka susah dapat driver apalagi suka dapat driver jauh sebaiknya pesan Maxim aja selain sudah ada fitur jarak dekat juga,1
fiturnya lengkap. ongkir murah,5
mantap,5
ongkirnya ga ngotak,1
oks,5
"banyak driver (20+) yg tdk menjemput customer, pdhl sdh di oke in ini berakibat nunggu sampe 1,5 jam!! pdhl jaraknya cm 3 km dan bahkan ada yg sdh mengchat customer utk memunggu tp driver tdk datang (itu pun termasuk comfort car&prioritas ini yg brusan andrea reswan, ainurudin, agus priyanto, dan masih banyak lagi). Berujung tdk dapat sama sekali driver malam ini.",1
siippp,3
bgus,5
"Udah tidak ada gunanya lagi gopaylater n gopay pinjem diblokir padahal sudah gak ada tagihan lg cuma gara² telat 1 hari gopaylater pas tahun baru kemarin,tgl 2 nya dibayar beserta dendanya 50rb malah diblokir padahal gopay pinjaman gak ada masalah malah naik limit. Percuma menceritaka keluhan dibalesnya cuma copy paste & tetap aja paylater diblokir.udah dihapus akunnya biar seneng gojek.",1
gojek memang makin rumit sekarang. sudah tau sulit dapat driver mau batalin susah minta ampun. bukan mempermudah malah bikin repot,1
"Aplikasi gak pernah Jelas, order gofood udah nunggu lama gak dapat driver, ganti driver berulang kali tetep tidak dapat, tau2 warungnya udah tutup. bangkek",1
MB nya dkit tp membantu bgtt,5
gofood nya pelit diskon 👎🏻,1
"tolong buat aplikasi hilangkan pembayaran tunai saat jam 20.00 karna banyak customer yang ngaku tidur segala macam driver selalu kena fiktif rugi BBM,,,aplgi driver yang menggunakan BBM Pertamax & motor comfort rugi banget ambil orderan hemat kalo mau ngikutin grab di be Erin lagi sistem nya bukan nyusahin driver",1
lelet gak enak,1
"pelanggaan di bebanin argo 20K.. driver cuma dapat 10K - biaya layanan per 2 order harus bayar 3K.. cust rugi waktu, driver rugi bayar biaya...yang untung aplikator nya doang🤣",1
Kebanyakan cancel drivernya .. 🙏,2
"orderan DTG tepat waktu,,mau menerima kondisi hujan,,mksh buat abang gojek semoga sllu di berikan kesehatan dan keselamatan kerja.Aamiin",5
"Emang apa susahnya sih bikin pencarian driver tuh yg terdekat? depan gue ada driver dan dia nyalain goride tp gak masuk ke dia malah ke yang jauh banget. Padahal gue pake reguler bukan HEMAT! Akhirnya gue cancel yg jauh, terus offline aja sm yg dekat. Argonya gue kasih dua kali lipat. UBAH SISTEM LO, MERUGIKAN DRIVER DAN CUSTOMER! Makin lama makin bobrok aja deh heraannn!",1
lelet,1
ngebantu banget makasii banyakin promo nya lagi plis hahaha,5
tidak dapat membayar karna terdeteksi aktivitas tidak wajar padahal saya tidak melakukan apa apa dan toko yg mau saya bayar adalah toko terkenal yg aman,1
apaan saya nunggu 2 jam an lebih ga dapet driver driver mulu pesan lagi ttp ga dapet driver kelamaan nunggu pembatalan sejam!,1
"terbaik dah. Cuman kurangin aja harga pajaknya, rasanya lebih murah produk ijo yang sebelah😭😭🙏🙏. Tapi tetep milih Gojek😁",5
aplikasi ini tak ada yang diuntungkan antara customer dan mitra gak kaya dulu.,1
sangat sukak,5
"maaf ya bintang 3 soalnya apa2 dibatalkan terus setiap kali pembelian , hrsnya bs beli di satu toko gara2 di batalin dr aplikasi, jd nyari toko lain tolong di benerin lg , atau ksh alasan kenapa dibatalkan. tks",3
"respon cepat, ada komunikasi",5
mantap deh pkokx,5
membantu buat kaum mager hihi,5
siiippp,5
"Disekitar banyak Driver dapetnya ko jauh terus? pas ditanya ke driver gara"" sistem bikin 2 kubu HEMAT sama REGULER jadi tidak seimbang JAHAT bangetsi ko bisa berbayar 13k/hari, Nyari rezeki malah ko dipalakin lagi gacukup tah dari potongan + jasa ? Zolim banget plis manusiakan manusia 😭",1
mantap lancar,5
gara gara gojek pacarku ga bisa kelaparan 💚,5
selalu saja muncul iklannya.,2
"cepat, ramah",5
cukup membantu,4
sangat bagus,5
ampas,1
"sekarang gpsnya sering kali rusak,alias gak bisa jalan",5
susah cari driver saat dibutuhkan,1
good,5
"Tolong rute tujuan maps cari yang lebih dekat, jgn diajak muter2 lewat gang yg byk polisi tidur..kenapa bisa beda ya, sama rute maps ojol sebelah, mereka arahin jalan besar.",3
pesanan gofood berkali kali dibatalin tanpa alesan jelas. ngabisin waktu aja.,1
driver anda ada yang menipu dompet saya ketinggalan tidak di kembalikan,1
sangat bagus sekali,5
ok,5
para tukang. ojek tdk mau menerima orderan kalau harga rendah. saat di gedein langsung menerima. menyebalkan,1
mantap sudah,5
Apk nya sangat membantu,5
"nunggu gojeknya masa sampai 80 menit, kayak serasa nunggu main bola 1 kali pertandingan. pesan go food biar praktis malah jadi ribet. mungkin biar asam lambung saya kumat ya.",1
penjemputan selalu jauh padahal pesan yang bukan hemat,1
"penjemputan driver terlalu jauh, padahal ada driver terdekat, makan waktu lama menunggu driver jemput kasihan driver jemputnya jauh² tolong di perbaiki lagi sistemnya",2
sangat sulit mencari driver dengan mode goride hemat. better hilangkan saja pilihan goride hemat. sangat buang waktu dari pada gak bisa digunakan sama sekali. padahal customer pasti punya pembanding harga dengan memilih gojek dibanding ojek online lain. bukannya meningkatkan pelayanan kayanya makin bobrok. padahal dari segi nama saja gojek sudah tekenal. tapi masih kalah sama ojek online lain yang tingkat pengguna nya belum terlalu tinggi berapa pun tarifnya pasti di pick up. sayang sekali,1
"beberapa kali sy mendapat masalah, gojek tidak pernah memberi solusi. disuruh buat laporan tapi tidak ditangani",1
kemana mana jadi gampang good job,5
"cs nya atas nama Lia bad banget, ditinggalin aja pesan saya krna malas kali yah ngurusnya? mending resign deh",1
terimakasih,5
selama ini mantap lah,5
"payah,sering di cancel gara"" pakai hemat.",1
aplikasi gila tadi saya pesan gojek gak ada giliran saya dibatalkan oleh drivernya malah datang tukang gojeknya terus disuruh bayar padahal sudah dibatalkan oleh drivernya,1
driver skrng ga ada yg sopannn,1
dari tdi nungguin gak ada yg dtang gojeknya,1
👍,4
program hemat sekarang pada jauh jauh driver nya,1
"tolong dong gojek mitranya dibayar dengan layak. biar ngak merugikan konsumen. setiap pesan gofood selalu dibatalin, atau ngak lama banget ambilnya",3
"Untuk Para penyuntik, investor saham Gojek. Salam kenal. salam sejahtera. Gojek ditubuh perusahaan sedang diambang membusuk, membuat cases yang tak wajar. Pilihannya 2 tarik uang dari Gojek atau merekonstruksi Flow arah pemesanan yang biasa saja, tanpa mengharuskan adanya sistem pemaksaan Hemat. karena pakai hemat driver akan jauh dan berpaling ke aplikasi Transportasi lain. 3 bulan akan mati dan grafik akan turun. Ini bukan doa tapi nyata. Gw cuma kasih tau aja.",1
"kan perusahaan besar benerin kek sisteem nya biar posisi driver jelas bukan orang order tapi driver masih stuck , buatlah real time posisi driver.",1
bagus,5
mantab,5
"aplikasi bagus untuk memudahkan saya dalam memesan makan, dan berpergian.",5
perketat pengawasan disiplin pengemudi khususnya yg suka zig-zag. seharusnya dengan pemanfaatan map mudah dilakukan,1
aplikasi transportasi yang sangat membantu,5
Good,5
keren,5
"susah sekali cari driver saat pakai layanan goride hemat, driver jauh2, nunggu lebih dari 10 menit, dengar2 biar murah sampai ambil pendapatan driver makanya driver banyak malas2an untuk pickup goride hemat, tolong dihapus aja biar sama2 enak untuk pelanggan dan driver, pelanggan cepat dapat driver, pendapatan driver stabil dan nggak kurang.",1
murah dan ramah ramah orangnya,5
okelah,5
mntaaap,5
"one tap menjebak,tujuan ditentukan pihak gojek.edan",1
mantap bosku👍,5
"jauh jauh driver nya, perbaiki dulu sistemnya atau balik lagi seperti dulu saya lebih nyaman",5
ok,4
"Pesanan saya di E-commerce dengan GO-SEND instan sudah berkali-kali tidak ada kurir dan tidak ada solusi pengirimannya. Jika GO-JEK tidak bisa menyediakan driver, jangan kerja sama karena sudah sangat merugikan customer.",1
love u gojek(penyelamat qu),5
good,5
potongannya terlalu gede driver cuma dapet goceng bayar ke aplikasi 15k,1
ok,5
ok,5
Semoga Berkah,5
bagus dan cepat,5
ok,5
"hemat parah driver susah di dapat, istri saya pesen hemat susah dapat driver",1
"aman, keren, driver sopan",5
mantap,5
gercep,5
ok mantap,5
kenapa dari banyaknya driver gojek ga ada yang mau pickup instan dari shopee?,1
"Driver banyak di sekitar dapat nya jauh, padahal sedang urgent tidak bisa pilih yang terdekat",1
"bulan kemrin saya mengajukan gopay pinjam alhmdulilah cair, akhir bulan kmrn saya lunasin, sebelum jatuh tempo. pada awal bulan ini saya mengajukan gopay pinjam lagi langsng di tolak, kecewa bnget saya, pdahal saya gk telat bayar, kalau di tolak kayk gini mending bulan kmrn gak ush d bayar sama sekali, udah rugi di pencairan, rugi di pmbayaran. kecewaaaa !!!!!!!!!",1
makin sini makin susah cari driver ... apalagi kalo hujan.. mau pesen car/bike/food ataupun barang susah amat cari driver,1
"pesen gocar maupun go ride makin lama...dan maps nya kadang2 masuk gang kecil yg ngk seharusnya di masukin mbil.sllu BKIN debat sama driver2nya tolong perbaiki maps nya.custamer pgen cepet, ongkos ngk masalah dari pada gara2 Ongkos murah maps ngk masuk akal akhir nya ngk ada driver yg mau ambil orderan.",1
mantap,5
mantap,5
sangat sangat membantu sekali,5
Aplikasi kapitalis,1
ok bangett,5
mohon untuk gofood ya kasih Lebel dong halal sama non halal tadi gak kebaca atau gak ada peringatan ya 🙂‍↕️ terbelik lah yg non halal aduhai gimana nih tangung jawab lah,1
drivernya baik dan ramah,5
"Beberapa hari ini, app gojek selalu lambat dan tidak ada driver yang nerima. Driver gojek sekarang milih-milih, udah sejam lebih gadapet gojek di cancel begitu aja, jarak 5-7 mnt langsung di cancel. Tolong perbaiki dan lebih seleksi lagi",1
"driver nya jauh2 bagus pakai mxim ,driver dekat murah",1
"makanya jangan pakai aplikasi maunya murah ,cepet,dan bagus .driver juga banyak kebutuhan,perawatan kendaraan,dll. pakai standart pasti banyak driver yang mau. penumpang bandan besar pesen yang hemat",1
jadi mahal banget ongkirnya ya ampuuunnn... srakah bgt sih... mending hapus aja tuh program2 yang ga penting. ksian drivernya mnding kasih bonus saldo dri pada insentif2 ga jelas susah dn ribet nuker2 poin sgala. mending klo bisa tuker saldo jha. ga usah aneh2 tuker diskon servic lah makanan lah.. apaan kaya gtu. klo ke bngkel juga pke uang2 kita juga hasil ngojek juga. klo ngumpulin uang buat gaji karyawan di kantor mnding pecat jha tuh yg kerjanya leha2. driver yg capek mreka yg enak2n,2
mantap,5
Mantaaaabb....,5
"semakin susah dapat driver yg dekat, akibat serakah nya pihak aplikator. jgan smpai saya uninstal apk ini dan install apk aplikasi jasa lain. mohon anda evaluasi lagi dengan program terbarunya dengan alasan untuk menyaingi aplikasi sebelah. saya aja susah mendapat driver, apa lagi driver pasti lebih susah untuk menerima orderan. jgan anda bilang dg AKAN MENSEJAHTERAKAN DRIVER tp yg trjadi skrg anda menindas driver.",1
lama cari driver.padahal ada kumpulan gojek didepan mata aneh,2
driver ramah dan pembawaan mobil enak.,5
sulit di jangkau pada daerah yg agak dalam,4
"saya telah beli tiket krl, mana lagi terburu² untuk pergi kerja. Malah ada gangguan. Tolong untuk developer nya diperbaiki lagi ya",1
"akibat program langganan gacor susah dapat driver, kalau dapat jauh kebnyakan orang pindah ke maxim karna penjemputan dekat2 termasuk saya dan teman2 yg lain",3
"1. driver pada seenaknudelnya sendiri. udh nerime orderan nih, konfirmasi ga di bls di batalin.konfirmasinya lma.kita naik gojek spy cepet. 2. sering bgt driver ngarahin jalan yg bukan biasa dkwatin malah ngikutin map yg jatuhnya lebih lama. 3. sering bgt dikasi hrga murah tp ga nyangkut"" ke driver. 4. sejak kapan yang pakei jasa di kasih di beri bintang? justru yg make hrs dikasih bintang! 5. dri tahun jebut gada perbaikan hbs hujan!tetep aja eror. yg di bagusin fiturnya bukan kwalitas apps.",1
harap hapus tarif hemat sejak di adakannya tarif hemat angkutan umum jadi susah penumpang,1
"klo pagi pagi atau sore susah terus dapat orderan mau hemat atau reguler ,lebih baik pindah sebelah ?ini merugikan ,padahal udh lama pake gojek kenapa jadi gini.",1
jos,5
"kualitasnyan turun banget, udah susah dapet gojek. Setiap mesen dapetnya jauh jauh mulu, sangat disayangkan. Padahal tiap hari pake gojek tapi kenapa jadi kayak gini ya. Payahh",1
makin canggih makin lama si apk,1
cepat tepat,5
"sebenarnya aplikasinya bagus, saya suka dan nyaman menggunakannya apalagi fitur-fitur yang bukan sekedar ojek online tetapi transaksi online juga sampai saya ambil paket Gojek Plus. kecewa berat setelah berhenti Gojek Plus selalu lama dapat driver, akun saya seperti di shadow banned dari Gojek. Kecewa!!!",1
sangat membantu,5
Pengemudi ramah. Tarif bersaing.,5
👍👍👍👍👍👍👍👍👍,5
GOJEK LAYANAN TRANSPORTASI LEBIH CEPAT。,5
memudahkan jlnnya acara kita punya,5
"Tlg diedukasi lagi drivernya utk kerja dgn baik krn dimana mana yg namanya krj itu ya ada gk enaknya, beberapa hari yg lalu sy pesan gojek hemat. Smpai tujuan sy bilang ""terima kasih pak"" tp driver diam sj. Ya ampun apa sy salah pakai fitur hemat walaupun gt driver tetap sy beri bintang 5 krn sy gk tegaan menghambat usaha & rejeki org.",4
"cari driver lamaaa, mahalll",1
praktis,5
"kenapa skrg klo order gojek pagi² tuu susah bgt&kadang sampe gk dapet trus telat sekolah, tolong dong di tingaktin lg kan kasian yg pada kerja/sekolah pagi",4
"aplikasi nya gk bagus, kalian sendiri yg ngasih harga 5 ribu tapi ternyata gk ada sama sekali yg mau ngerespon terlebih para driver nya bikin sewot ajh gara²aplikasi ini gua jadi terlambat buat dateng ke sekolah 😡😡😡",1
"enakk sihh, murahh bgttttt-!!!",5
"untuk para Customer,kalo ingin pelayanan yg maksimal dan cepat,,di mohon jangan pesan HEMAT..,",5
aplikasinya lg knp siiii driver bukan makin dkt ke tempat jmput malahh makin jauh dari hadehhhh bikin orng telat kerjaa udh brpa hari ini,1
drivernya ramah sopan dan mau bantu angkatkan belanjaan sampai d teras hotel,5
gojek hama saya pesen gojek 10 menit blom dapet dapet,1
sangat membantu good aplikasi,5
pembayaran 27rb masuk ke driver 17rb program yg ada hanya memperburuk layanan embel2 jemput dekat ujung2nya jasa tambahaan aplikasi dan ini juga merugikan pihak driver dan customer yang customer tau jarak jemput jauh! dan driver malas untuk menjemput? padahal itu skenarionya aplikasi..jika jemput 4kilometer dan antar 5 kilometer customer bayar 25rb driver trima 13.800 itunganya tekor krna dlm kota 1 liter sama dg 10km?,5
Oke,5
good,5
"sering dapet driver yang jauh banget, padahal butuh nya cepet buat ke sekolah, banyak driver yang jauh menerima orderan saya sedangkan yang dekat jarang menerima orderan saya",3
makasih gojek,5
"Aplikasinya bagus banyak fiture nya, tapi sekarang drivernya sombong main tolak rejeki, why? ketika hujan gerimis aja loh susah nyari driver yang dekat area pemesanan, padahal banyak titik driver di area. Rupanya ada budaya driver bisa nonaktifkan aplikasi , jadi ketika hujan driver nonaktifkan aplikasinya, customer diminta mengikuti mood kerja mereka donk 😁. Nah, namun ketika cuaca normal nih, mereka ngeluh orderan sepi banyak saingan, lu aja milih-mikih cuaca kalo kerja,giliran sepi lu ngeluh",3
kenapa hemat dapat driver selalu jauh.. sudah dptnya lama... pas dapt driver jauh pula.. padahal g hujan,4
sangat oke,5
aplikasi tolol mesen hemat susah bgt najis,1
dangat membantu🙏💪,5
baik dan ramah,5
"gojek mahal tidak ada paket hemat, lebih baik bawa motor sendiri.",1
luar biasa,5
"apalah, pesen makanan tdk dpt driver mulu, nunggu ber jam"" nahan laper ujung"" nya cancel gara"" gada drivernya",1
"woyy CEO gojek, hapus layanan hemat, dapat driver pada jauh"", jadi sering kesiangan tuh kasian yg mau berangkat aktivitas.",1
mantap,5
mantul👍👍👍,5
jangan ada promo goride hemat percuma ga ada yang mau ambil driver kalian!!! huek cuih,1
"sejauh ini udh beberapa tahun pakai gaada masalah apapun aman² aja♡ selalu suka sama fitur²nya yg mudah dipahami, harga terjangkau dan drivernya ramah2",5
good,5
jujur agak kecewa dengan pelayanannya udah nunggu satu jam makanan gak sampai2,1
"saldo sya slalu kepotong sendiri, gada izin atau apa tb² ke potong dan ga bisa dikembalikan oleh pihak gojek pdhl sy ga langganan apapun gada tanggung jawab sama skali",1
"pesan hemat gada yang mau ambil,sepertinya komunikasi antara kalian (driver dgn gojek) tidak seimbang.sebagai pengguna aplikasi ini dirugikan waktu tunggu yang sia-sia.coba di kaji lagi biar ke3 belah pihak tidak ada yg tersakiti,kalau semuanya rido makanan yg saya makan/transportasi halal,dan rejeki kalian lancar!",1
harga terlalu mahal,1
driver nya pada jauh semua setiap pesan goride sama food tolong di sesuai kan,1
baik dan ramah,5
𝕨𝕒𝕙 𝕂𝕖𝕣𝕖𝕟 𝔸𝕡𝕖𝕝𝕚𝕜𝕒𝕤𝕚𝕙 𝕘𝕠𝕛𝕖𝕜 𝕓𝕒𝕟𝕪𝕒𝕜 𝔹𝕒𝕟𝕘𝕖𝕥 𝕡𝕣𝕠𝕞𝕠 𝔻𝕒𝕟 𝔻𝕚𝕤𝕜𝕠𝕟 ℕ𝕪𝕒 𝕤𝕒𝕞𝕒 𝕄𝕦𝕕𝕒𝕙 𝔹𝕒𝕟𝕘𝕖𝕥 𝕂𝕒𝕝𝕠 ℙ𝕒𝕤 𝕂𝕚𝕥𝕒 𝕞𝕒𝕦 𝔹𝕖𝕣𝕡𝕖𝕣𝕘𝕚𝕒𝕟 𝔾𝕒 𝔹𝕚𝕟𝕘𝕦𝕟𝕘 𝕃𝕒𝕘𝕚 𝕄𝕒𝕦 ℙ𝕖𝕣𝕘𝕚 ℕ𝕒𝕚𝕜 𝔸𝕡𝕒 𝕌𝕟𝕥𝕦𝕟𝕘 𝔸𝕛𝕒 𝕊𝕠𝕝𝕦𝕤𝕚𝕟𝕪𝕒 𝕋𝕚𝕟𝕘𝕘𝕒𝕝 𝕀𝕟𝕘𝕖𝕥 𝕒𝕛𝕒 𝕆𝕚𝕒 𝕂𝕒𝕟 𝔸𝕕𝕒 𝔾𝕠𝕛𝕖𝕜 +𝕄𝕦𝕕𝕒𝕙 ℂ𝕒𝕣𝕚 𝔾𝕠𝕜𝕒𝕣 ℕ𝕪𝕒 𝔻𝕒𝕟 ℂ𝕖𝕡𝕒𝕥 𝔹𝕒𝕟𝕘𝕖𝕥 𝔻𝕒𝕡𝕒𝕥 𝔻𝕣𝕚𝕧𝕖𝕣 𝔾𝕠𝕜𝕒𝕣 ℕ𝕪𝕒,5
mempermudah segala sesuatu,4
Senang bisa pakai Gojek 🤗,4
"sebelumnya pengguna apk sebelah. tapi pas nyoba gojek, eh ternyata banyak promonya 🤤",5
Kapan tema gelapnya tersedia?!! Lama amat ditungguin teh.,5
"kecewa bgt. masa lama bgt dpt driver padahal posisi lagi buru buru banget. nungguin lama banget cuma buat nyari driver yg free tpi gada. udh nyoba pake pencarian cepat pun tetep ga dapet. maaf ya tpi aku udh kecewa. aku telat cuma karna ini. mending yg sebelah maaf yaa udah terlanjur kecewa, bikin males",1
"Pertama Ongkos Argo HEMAT sangat merugikan DRIVER Memang Betul Custamer bayar mahal tapi penerimaan Untuk Driver tidak sebanding saya liat di Hp Driver tidak sebanding tolong benahi untuk Gojek ,kasian Drivernya Harga Mobil dan Motor Tidak sesuai dengan Harga Kendaraan belum lagi Servic,Pajak,Kuota mereka Yg nanggung ,, Tolong Gojek Manusiakan lah Manusia",1
"Kalo pake promo lama, supirnya ga bsa di hubungi. Hapus aja promonya",1
sangat bagus dan sangat merasa terbantu dengan apk gojek ini,5
sgt menggangu iklan gojek tolong keluar dri HP ku,1
sejahterakan para driver kedepannya,5
sangat bagus sekali untuk berpergian,5
oke,5
kalo ada masalah Gercep,5
sangat bagus,5
"tolong, dichat kendala jangan otomatis, lebih baik custemer bisa mengetik aja, soalnya yg tau kedaan resto sebenernya tuh driver dan custemer, pengalaman saya tadi ketika driver sudah sampe resto dan sudah dipin dari pihak resto lalu driver disuruh nunggu ternyata makanan tak tersedia, kasian drivernya, untuk dibatalin pun sulit, dan saya sebagai custemer ga masakah kalo ganti makanan lain, tapi makanan yg saya pilih malah ga bisa jadi harus sesuai sama kebijakan resto penggantian makanannya",1
on time,5
sebenernya ku suka sama gojek ini dan selalu dapat driver yang ramah. eh tiba' malah dapat driver yang tidak ramah (baru kali ini dibuat kesel ma orang lain).,3
CS LAMBAT!!!,1
terbantu,5
"makin kesini makin ga jelas!!! pesen makanan lama banget dapet drivernya, bikin eneg aja",1
"bisa ga iklan nya dikit?terlalu banyak iklan,berlapis2 lgi",4
oke bagus,4
oke,5
cepat tepat,5
mantulll,5
"apk sampah, ga memihak driver sepersen pun, malah disuruh berbayar 15 rb sehari, nampak bgt ga mutu 🤣🤣🤣",1
tolong dong hapus langganan hemat itu sangat tidak efektif jam sibuk malah tambah lama nyari driver yang biasa biasa suka dapet cepet,1
ok,5
Sangat cepat,5
gampang dan cepat,5
"sering dapet makanan dingin + lama datang , efek driver dapet dobel order ( pengantaran) ..!!!!",1
"udah mahal, pelayanan driver nya buruk lagi",1
ok,5
"sistem amburadul makin tahun bukan makin bagus malah sistem ga jelas, sangat2 merugikan. udah paling bener pakai jasa grab kaya dulu",1
bintang 1 dulu...ini sameday via tokped di cancel udah 2 kali..padahal deket..kalo emang driver gak ada yg mao maen sameday di tutup ajah itu layanan...monggo cek akun gojek customer sayah..,1
bagus,5
"masih niat gak ? dapet driver di jakarta aja susah, dapet yang posisi jauh jauh pula, bubarin aja mendingan gojek ini",1
"Aplikasi ini belum layak digunkaan untuk transportasi, karena sampai sekarang sistem antara driver dan penumpang terdeteksi adanya ketidakadilan.",1
mudah dan praktis,5
best,5
"selalu puas,.",5
membantu bangett,5
sangat membantu,5
"pokoknya gojek IS THE BEST, aplikasi lain lewatttt😅🙏🙏🙏💪🥰",5
membantu saat kerja,5
mode hemat driver selalu non aktifin masa nyari driver aja 45 menit gaada yang ambil giliran ga pake promo 1 mnt langsung dpt. percuma iklan promo2,1
"kenapa saat salah pesen gocar tidak bisa di batalkan di edit pun harus nambah uang kocak, bener"" kecewa sama aplikasi gojek, abis ini saya hapus udh males",1
Memuaskan,5
good,4
apk yg sangat berguna & efektif,5
ok,5
"gak ngerti buat apa fitur hemat tapi kalau digunain malah gak ada driver yg ambil, sekalinya ada posisinya jauh. please tiadakan fitur yg tidka berguna. upgrade lagi deh pelayanannya.",1
driver nya ramah2 dan baik.👍🏻,5
Selalu menggunakan fasilitas GoCar. dan selalu senang. karena pelayanan aman dan nyaman.,5
baguss,5
Mantaapp,5
sagt mmbantu,5
mantaf,5
"aplikasi makin lama makin berat aneh, butuh 2 menit lebih untuk load aplikasi hingga ke UI pesan driver, bahkan load gambar autocad btuh waktu 50% lebih cepat aneh aneh",2
"gak bisa dipake pesan gofood, layout loading 5 menit langsung crash setelah load",1
Kenapa GoCar Hemat Harganya Lebih Mahal Dari Yang Biasa?,3
"GOSEND NYA BUSUK, GA INSTANT, GA SAMEDAY SAMA AJA, PAKET YANG HARUSNYA SEHARI SAMPE MALAH BISA LEBIH DARI SATU HARI, YANG BIKIN LAMA UDAH KECANTOL TERUS DICANCEL, PADAHAL LAGI BUKAN RUSH HOUR DAN CUACA JUGA LAGI GA HUJAN, NAMA DOANG INSTAN TAPI DRIVERNYA PADA KAGA NIAT AMBIL ORDERAN, KALO EMANG GA MAMPU MENDING GA USAH DISEDIAKAN LAYANANNYA, KITA BAYAR LEBIH MAHAL BIAR BARANG CEPET SAMPE, KALAU UJUNG""NYA SAMPENYA KAYA PAKAI EKSPEDISI REGULER YA MENDING GAUSAH ADAIN INSTAN/SAMEDAY",1
"hemat bikin telat orang sekolah , kerja dan kuliah , sering dapat driver penjemputan jauh , ujungnya malah di cancel drivernya",1
"Soal Bagi Hasil Aplikasi: Tidak Jujur dari Bahasa Masalah driver itu bukan cuma soal potongan, tapi soal bahasa yang bikin orang salah paham. Di aplikasi tertulis: “Biaya perjalanan (80% untuk mitra)” Yang kebaca wajar oleh orang awam ya: kalau penumpang bayar 100 ribu, driver dapat 80 ribu. Tapi kenyataannya bukan begitu. Yang dibagi 80% itu bukan dari total uang penumpang, melainkan dari biaya perjalanan dasar saja. Biaya lain tetap dibayar penumpang dan tidak masuk hitungan driver.",1
jadi sering telat klo pesen gofood,3
saya sudah pernah membatalkan langganan tapi entah kenapa masih memotong saldo saya apalgi dalam jumlah yang besar!,1
lemot,1
"apps nya bagus, berguna bgt,,, sayangnya jasa yg bukan trasportasi udah ga ada...",5
membantu tuk pengiriman brg yg q lg repot,5
mantap,5
aplikasinya banyak promo dan kredibel,5
mantap,5
"aplikasi gajelas blasss tiap pesen gosend selalu di cancel terus ama driver begitu juga ama gocar,kalian ini niat gasi bikin aplikasi boh yo nyari driver genah dikit jadinya akun saya rusak karna di cancel trus, buat apa kalian nyediain fitur gosend kirim barang kalo drivernya selau cancel gamau ambil apa fungsinya itu fitur kali gitu.......udah muakkkkkkk saya ama aplikasi ini",1
OK,5
mantap,5
"suka,sejauh ini pelayanannya ga pernah mengecewakan..",5
aplikasi tolol eror mulu,1
tepat waktu,5
"okay GO-JEK, nambah 2 bintang jadi full 5 bintang. krna aplikasi nya sudah diperbaiki untuk akun sy.. trima kasih",5
"Untuk Go send tolong di upgrade dong susah banget nyari titik nya,selalu pake patokan yang jauh dari alamat yg kita mau kesian juga Abang ojol nya",5
top,5
Mantap,5
semenjak ada goride hemat berbayar nunggu nya sampai 1jam padahal saya pakai goride biasa. udah menggunakan gojek dari 2018 kali ini saya pindah layanan . dikarenakan bukan jam sibuk tapi malah driver nya sangat jauh. padahal di depan rumah saya banyak driver tidak ada satupun yg masuk malah cari yg driver yg sangat jauh .,1
"jelek banget pelayanan customer service nya, customer disuruh / dipaksa ngomong sama AI (chat bot)",1
gojek nya kalo abis ujan susah banget buat dapet lo gila saya suda 10 kali di tolak saya mau sekolah jadi buat tidak sekolah gimana ya ini dan saya sudah menunggu selama 30 menit,1
drevernya baik banget pokok nya,5
makin lama cari driver,3
sangat memuaskan,5
pokoknya mantap,5
Semoga semakin baik baik dan baik lagi.,5
yaa,5
Lebih mahal dari Grab... dan banyak kendaraannya tak nyaman,2
sangat Puas,5
tidak manusiawi lagi,1
pelayanan baik dan sangat memuaskan pelanggan,5
bagus,5
gojek murah meriah cepat responnya rekomended sell pake gojek,5
"gojek cepet datengnya banyak promonya,, tapi kadang suka eror sistemnya sampe bener2 gk bisa d buka sama sekali. saya harap gk terulang lagi deh",5
"Semakin Hemat harganya, semakin murah nyawanya. Lo pesen ""Gatcha maut"" berkedok Hemat. Kalau akhirnya lo dicium aspal, itu bukan musibah, itu TRANSAKSI SUKSES!",1
ikutan langganan gacor kok kayak gak ikutan..,3
sekarang mhall,5
"drivernya udah ditunggu suka batalin ,alasan map ngga jelas tolong dong gojek aplikasi map-nya di update",2
"hallo gojek,,yg aplikasinya kadang kidding,,,tolonglah ya untuk apa ada gocar hemat,kalau supirnya aja nolak,kalau alasannya lokasi jauh masih diterima lah ya,,,ini alasannya jgn pake yg hemat kalau mau naik gocar,ngotak gak sih supir yg ngechat kaak gitu???apalagi kalau cuma gerimis ampun mah gue sama aplikasi ini naiknya 3 kali lipat dari biasanya,tolong diperbaiki lagi",1
"Selalu di kasih driver yang jauh-jauh, dan driver tidak mau jemput. Sangat tidak layak pelayanan aplikasi ini. Tidak ada juga fitur komplain di aplikasi nya. PARAH",1
bagi teman teman saya sarankan uninstall aplikasi ini. karena gojek tidak membela pelanggaann yang kehilangan barang di gocar. malah sebaliiknya hanya percaya dari kata2 driver. pelayanan pelanggan tidak berguna. pola pikir aneh. kejahatan di gojek tidak pernah benar benar ditaangani.,1
saat terdesak aja,5
menyenangkan mblnya bagus harimm,5
good 👍👍,5
Bpk nya baik ramah,5
nyaman,5
perjalanan lancar dan aman,5
"server sampah, dan lokasi driver to capel terlalu jauh, aplikasi sampah",2
layanan gocarnya payah setiap order pasti nanya dan milih padahal saya pesan bukan karna harga tapi kebutuhan,1
"HARGA ONGKIR, SAMA HARGA ASLI JADI GAK NGOTAK GINI, PADAHAL UDAH PAKAI DARI THN 2019 ... JADI OVER MAHAL",1
"Susah untuk go shop, setiap kali menambah pesanan malah force close",5
perbaiki penjemputan yg lama saat ujan..mau tipe normal dan hemat sama aja ga dpt2 pengemudi..kalah ama operator sebelah,3
parah y driver pd offline pasang harga 4x lipat. harus di tindak lanjuti tu.,1
"makin buruk, dapet driver selalu jauh",1
"Servernya benerin lagi dong, kalo habis hujan suka ngaco dapetnya lama & drivernya jauh², kalo pas lagi buru² kan jadi bikin telat",3
"gajelas klo di titik go ride tuh, mending nyari masing2 daripads di list. nunggu lama!!",1
"jelek bgt sumpah, hujan2 mesen gocar mau ke Rumah sakit malah gada satupun yang sedia.",1
ok,5
order nya kelamaan,1
"dapet driver lama, drivernya suka di lama lamain, kalo cari driver bilangnya bokingan rame padahal banyak yang kosong!saya telat Mulu. jarak dekat mahal banget",1
baik,5
bagusss dan membantu,5
"lama sejam nungguin driver yg mau, apalagi pas mau kerja parahhhh",1
Sulit mendapat Driver. SOP driver sering tidak dijalankan,1
ok,5
"kurang bagus, dan ga bisa bayar langsung, wajib banget tf dulu? jadi gmn kalo yang ga ada dana atau rekening?",1
mantap,5
sekarang gojek dapat drivernya susah,3
"fitur kirim gambarnya malah diilangin, jd susah klo mau ngirim bukti transfer ke drivernya",1
"mudah cepat banyak promonya lagi,, I like it",4
sangat membantu kaum emak emak,5
baik dan ramah,5
"Belum ada solusi kah kalo musim hujan gini???? susah dapet driver, pada gamau narik. mungkin bisa dibuatkan opsi pencarian untuk driver dengan jas hujan. mahal dikit gapapa asal ngga bikin telat kerja. makasih",1
transportasi mudah,5
bisa2ny panggil gojek batalin..loading bikin emosi..sumpah..sdgkan di area gojek bnyk tp cm muterr aja.. batalin ko 20x.. gila gojek skrg..sdgkan sinyal baik2 aj..pakai grab maxim nyaut sdgkan gojek..muter kaya kipas angin..gimana ga terlambat anak sy sekolah .PARAH SEKALI GOJEK SKRG.. kalau sdh tidk mumpuni di hapus aj aplikasiny,2
"tlong dong drivernya bnyk yg pilihkasih , bagian di butuhin kek gini lama udah pake gojek reguler tetep aja apalagi gojek hemat",1
kenapa skrg GO-ride setiap pagi susah mengambil orderan penumpang padahal byk terlihat di aplikasi Go-ride nya... tolong di perbaiki Krn kita sama2 membutuhkan,2
"saya sempat mengalami double order saat melakukan pemesanan, padahal saya cukup yakin bahwa saya hanye melakukan order pesanan 1 kali saja. dan saya kaget saat tiba-tiba ditelpon driver yang mengaku atas nama saya, padahal saya sedang menaiki gojek ketujuan dengan nama dan titik lokasi yang tepat. sehingga terpaksa keluar uang double. tolong diperbaiki dong gojek",1
saya suda nunggu 2jam tapi tidak dapat driver,1
"knp ya kalau udh pesan, dpt driver ny lamaaa bgt, gila sampai telat ini",1
nice trip with gojek🤍🙏🏻,5
"apk ga becus, lagi buru2 malah ga diterima👎🏼",1
knapa kalau pesan lama,3
"pencarian driver nya lama, ditinggal 15 menit belum dapet dapet",3
"ayoolahh akuu mauu sekolah gabisa , aku cari grab dari jam 6.00 sampek 6.25 ga dpt dpt😭,",4
tidak menanggapi keluhan konsumen dengan baik.,1
sistemnya error mlu jadi kalo nunggu dapet gojek lama mlh sering g dpt,1
"bagus, mantap,murah",5
"Tolong dong aplikasi gojek. klo disaat hujan, orderannya jgn lama dan gada yang ambil pesanan. niat pada kerja gak sih",1
"ngga dapet dapet padahal lagi buru buru. giliran grab ga sampe 3 detik langsung dapet, halah punya indo emang selalu bapuk",1
"kalo ujan susah dapet driver, sekalinya dapet malah langsung dicancel sama drivernya, jadi telat krna ga dpet driver.",1
"pengemudinya gajelas, udah dapet pengemudi dan nungguin 5 menit gada jawaban, di telfon dan di chat gada jawaban udah 10 menit malah dapat jawaban gak bisa nerima penumpang, kan harusnya bilang dari awal, namanya nurdi",1
tiap psen gojek pagi2 susah nya mnta ampun.. pdahal driver pada dket d lokasi.. udah psen dari pagi buta jg ttep susahhh,2
"ni gojek gimana ya, nyari drivernya susah amat di jam pagi",1
best,5
BELUM MAKSIMAL SAAT KITA CARI GOCAR DI PAGI HARI..GA DAPAT2..PAYAH,1
"driver ngga ada yang on padahal lagi buru²,mana udah dapet dicancel ngga ada profesionalnya",1
murahin bang kalo ke tujuan sekolah soalnya jarak dari rumah ke sekolah jauh,5
Baik & cepat,5
mantap,5
mantap dan ok,5
Tolong kalau order Carikan driver yang terdekat.,4
baik,5
perilaku sopan .atribut lengkap,5
Mantap,5
"Pesan 2 ayam, kedua-duanya mentah dan berdarah di tulang! Refund cuma Rp13.500 dari Rp33.000, CS nutup chat sepihak! Ini bahaya banget buat kesehatan pelanggan, sistem refund kacau, CS nggak profesional sama sekali. Gojek,tolong perbaiki refund, kualitas makanan, dan CS sekarang juga, jangan sampai pelanggan lain dirugikan parah kayak saya,semoga ulasan saya dibaca oleh pihak gojek..",1
mantap,4
sangat cocok buat transportasi,5
kerennn,5
ok,5
payaaah PD nolak di stasiun bdg pdhl standar pesen nya .seperti disengaja dilama lamain .biar gw cancel gt ya.,1
makasih,5
makain memper mudah,5
sangat membantu,5
mantap,5
HATI HATI DENGAN SYSTEM IBLIS PECAH TAGIHAN GOPAYLATER.. JEBAKAN IBLIS YANG MALAH MEMBENGKAK TAGIHAN. HAPUS AJ APPS INI DR HP,1
nyaman,5
mantap,5
bagus mantab,5
bagus cepat dan terpercaya,5
Ok,5
terbaik,5
mantap,5
beli token listri pngen cepet karena pulsa sudah hbis eh taunya saldo sudah kepotong token listrinya gak dikirim laporannya dalam perbaikan sistem kak lucu saldo keptong tapi trobel potong saldo pulsa jadi kecewa banget,1
attitude drivernya bagus,5
oke,5
masa gw sampe pesen dua kali buat cari drivernya mana diphp in lagi,1
"aplikasi gak guna kita nunggu udah kelaparan,,.malah dibatalin sepihak,,kalau kita batalin karena salah order tidak bisa.. hargai customer itu.kita ini byar loh bukan graatisan",1
pakai voucher malah tambah mahal 😡,1
ok,5
manyap,5
ok lah,4
"males banget kalo lagi gak ada driver, gak bisa batalin suruh nunggu sejam lebih, mana kalo chat bantuan ke cs pake AI , jawaban nya template bangett, gak ada kepastian, bintang satu, kalo bisa gak tak kasi bintang",1
"hapus aja fitur gopay pinjam nya, perrcuma klo gak bisa dipake udah muak aku",1
Good,4
aplikasi kurang bagus costumer service nya gak jelas dan gak membantu sama sekali,1
bagus,5
tidak di rekomendasikan karnaaa pengalaman sayaa saya belii makanan 2 Jam baru sampai lamaa sekali nunggunya😠 mending di grab ada gratis ongkir cepet lagi datengnya,1
"bagus,membantu,bisa mengantarkan kemana saja,apa saja👍",5
mantull tp bnyk iklan nya,5
meski hujan ttp cpt dpt driver,5
sangat membantu sekali👍🏻👍🏻👍🏻,5
cpat sampai..,5
diskonnya banyakin dong dan iklan terlau membingungkan,4
over all is good,5
tepat wsktu,5
"lebih cepat ditanggapi ,tapi ada minusnya agak mahal juga ya",5
"nungguin sejamm ga nyampe ""padahal di tulisan 8 menit lagi sampe, gara"" make yang hemat jadi gini hapus aja gojek hematnya ga guna, tolong di perbaiki lagi gojek astagayy",2
bagus,5
mempermudah pesen makanan lewat online,5
"baik, nyaman dan bersih mobilnya",5
Buat mendadak sangat membantu dan akurat,5
bagus,5
bagus tp aneh pay later nya gak bs aktf,5
Sy tdk pernah ikut gojek plus tapi selalu kepotong saldo sy.,1
cs nya bot,1
mantap,5
"saya pesan gofood tetapi tidak lengkap. mengajukan komplain chat driver tidak ada tanggapan, saya chat CS gojek tapi juga tidak ada kompensasi padahal memang barangnya kurang. sudah difotokan tetapi mengecewakan tidak ada pengembalian dana. Padahal saya pengguna gojek sudah lama dan selalu berlangganan gojek plus",1
"tidak lama menunggu, murah",5
sangat membantu mengantar makanan,5
jos,5
"percuma ada sistem goshop,gomart nya tiap dipakai slalu ditolak dari dulu",1
aplikasi tolol sering ngirim uang via e wallet tapi ga pernah masuk padahal resinya ada dan benar semua datanya,1
good,5
"mohon disediakan fitur pembatalan, karna sulit jika ada pesanan yg salah",2
oke,5
mantap,5
drivernya pada kurang ajar,1
saya pengguna gojek tapi kalo pagi mesen selalu jauh khusus hemat beralih ke reguler cepet driver nya,1
TOP BANGET,5
terbaik,5
sudah beberapa x pelayanan mengemudi sangat baik,5
ok,5
berguna,5
mantap cepat aman .,5
mantap gojek,5
"bagus, cepat sih penjemputan nya",5
ok,5
nice,5
josssss tenannnnnn,5
di outlet offline harga 18 di gojek jadi 32 gila ga kurang mahal? belum ongkirnya install udah lama beberapa tahun baru kali ini syok,1
"saya membeli minuman dari aplikasi ini dengan harga cukup mahal dan lupa untuk menambahkan voucher karena hp sedikit error. ketika saya langsung membatalkan, biasanya bisa dibatalkan tetapi pada kasus ini tidak bisa. saya mau chat restonya juga gabisa, tidak ada fitur untuk mengetik dan menelpon restonya. saya coba chat costumer service nya juga tidak mendapatkan solusi yang maksimal.",1
Driver nya sopan baik,5
KLO emng ga nyampai sampai pelsok/desa mnding jangan ada d stiap daerah,1
sangat membantu,5
"ntah knp tiap gofood, nunggu mereka nyari driver itu lamaaaaaaa bgt, dipercepat dong cari driver ny",3
mudah digunakan,5
abangnya ramah dan bawa motornya hati2 sekali. terimakasih 🙏,5
"banyak oknum, komplain tp ga di tangani lebih lanjut, parah bgt ni apk😂",1
hebat,5
kasian Mitra kalian yg buat kalian kaya tp tdk punya hati mengambil hasil keringat mrk seenaknya dan memberi sanksi tanpa melihat persolaan di lapangan,1
respon cepat... pengemudi nya ramah dan sopan,5
harga sring tidak akurat,1
ada apa dengan akun saya?,1
aplikasi yg membantu kegiatan sehari hari,5
"maps nya suka banget enggak gerak, saya sering kasih tip ke driver malah rating saya turun 🥲",1
good,5
drivernya ramah,5
sejauh ini pengalaman paling mantap memang gapernah salah pake gojek,5
penjemputan cepat,5
good,5
1. biaya go food makin hari naik. Hanya utk satu makanan yg dipesan biaya embel2nya di medan Rp 17.500 luar biasa.,1
bagus,4
aplikasi yang sangat membantu kita dlm perjalanan diluar kota sendiri,5
"kecewa berat buat gopaylaternya, saya pengguna yg selalu tepat waktu bayarnya. bahkan belum japo sudah saya bayar. hari ini setelah saya bayar, saya mau gunakan buat beli hadiah gopaylaternya langsung di blokir. lucu sekali pengguna setia Dan benar makenya malah di blokir. apa gak bisa liat riwayat pembayaran saya. kecewa berat. selalu buat kecewa",1
good,5
nunggu driver selalu lama mohon aplikasi GO-JEK tolong jgan lama2 nunggu driver karna kasihan castamer sering telat kalau berangkat kerja terimakasih,1
ok gas,5
keren,5
gampang di gunakan,5
"kok skrng gojek kualitas nya menurun ya? pesan makanan di gofood baru menambahkan ke keranjang trs mau atur alamat belum klaim voucher tiba² langsung ke pesan, trs untuk sebagian driver nya mungkin kerja cuma iseng² saja gaada niatan cari uang, bilang mohon ditunggu giliran ditunggu hampir 20 menitan tiba² dicancel tanpa konfirmasi yg jelas, orderan diterima tanpa konfirmasi malah nyeleweng jalan nya ga sesuai maps alhasil dicancel tanpa konfirmasi juga.",3
"ada rute tercepat malah di lewatkan ke rute yang muter""",1
"cukup mmbantu, tp terlalu mahal skrg.",3
selalu di jemput ga pake lama.. sering dapat promo dah driver ramah,5
baik,5
mantap,5
mau hapus akun pun gak bisa... darimana hubungi cs kalau mau hapus akun?,1
"Abdullah Honda Vario plat B5413TCB tindak orang ini karna saya mesen makanan tapi dia batalin, eh malah saya di tagih uang makanan seharga yang di aplikasi. bukannya di selesein malah di batalin pesenan saya dan saya di mintai duit seharga aplikasi kalau gak percaya saksi suami dan orang tua saya bisa hubungi saya kalau kakak nya mau",1
"mahal, lambat, sering error",3
"Pesen gosend dr tempat biasa ke tujuan ,sudah pesan berkali"" rutenya ga muter"" , sekarang order gosend dg tujuan dan dr tempat yg sama,malah rutenya muter""jadi lebih mahal!",2
manfaat,5
"Rekomendasi untuk keperluan Sehari,- hari",5
mantap ..pertahankan,5
“ PAKE HEMAT TIDAK ADA DRIVER YANG MAU AMBIL SAMPAI BERJAM JAM PADAHAL BANYAK DRIVER DI SEKITAR LOKASI “,1
